id,diet_type,b1_approach,b2_wag,b3_jump,b4_lick_lips,b5_salivate,b6_bark,b7_eat_fast,b8_sniff,b9_stay_bowl,b10_guard,health_opinion,vet_visits,medication,disease_allergy,disease_behaviour,disease_weight,disease_dental,disease_gi,disease_skin,species,age,sex_neuter,breed_size,activity,diet
587958-587949-58298356,Meat-based – conventional,2.0,2.0,2.0,2.0,2.0,2.0,2.0,4.0,4.0,4.0,Healthy,3,Yes,0.0,0.0,0.0,0.0,1.0,0.0,Dog,7,"Male, sexually intact",Medium (11.4–22.3 kg or 25–49 lb),1 – 3 hrs,Conventional
587958-587949-58298464,Vegan (consuming no animal products),5.0,5.0,5.0,5.0,5.0,5.0,5.0,4.0,4.0,4.0,Healthy,1,No,0.0,0.0,0.0,0.0,0.0,0.0,Dog,15,"Male, castrated",Small (4.5–10.9 kg or 10–24 lb),1 – 3 hrs,Vegan
587958-587949-58299229,Meat-based – conventional,4.0,4.0,3.0,3.0,3.0,3.0,3.0,3.0,3.0,3.0,Healthy,0,No,0.0,0.0,0.0,0.0,0.0,0.0,Dog,10,"Female, spayed",Large (22.7–40.5 kg or 50–89 lb),1 – 3 hrs,Conventional
587958-587949-58300907,Vegan (consuming no animal products),5.0,5.0,2.0,5.0,3.0,5.0,4.0,3.0,4.0,1.0,Generally healthy with minor or infrequent problems,2,Yes,0.0,0.0,0.0,0.0,0.0,0.0,Dog,10,"Male, castrated",Giant (> 40.9 kg or > 90 lb),1 – 3 hrs,Vegan
587958-587949-58302200,Meat-based – conventional,1.0,1.0,1.0,1.0,1.0,4.0,2.0,5.0,5.0,2.0,Healthy,1,No,0.0,0.0,0.0,0.0,0.0,0.0,Dog,7,"Male, castrated",Large (22.7–40.5 kg or 50–89 lb),30 – 60 mins,Conventional
587958-587949-58303596,Vegan (consuming no animal products),5.0,5.0,5.0,5.0,5.0,3.0,5.0,5.0,5.0,5.0,Healthy,0,No,0.0,0.0,0.0,0.0,0.0,0.0,Dog,8,"Male, sexually intact",Medium (11.4–22.3 kg or 25–49 lb),> 3 hrs,Vegan
587958-587949-58297858,Meat-based – conventional,2.0,3.0,2.0,4.0,1.0,1.0,4.0,4.0,4.0,1.0,Generally healthy with minor or infrequent problems,1,No,0.0,0.0,0.0,0.0,0.0,0.0,Dog,10,"Female, spayed",Medium (11.4–22.3 kg or 25–49 lb),1 – 3 hrs,Conventional
587958-587949-58306491,Vegan (consuming no animal products),5.0,5.0,3.0,3.0,2.0,4.0,5.0,2.0,5.0,3.0,Generally healthy with minor or infrequent problems,>3,Yes,0.0,0.0,0.0,0.0,0.0,0.0,Dog,6,"Male, castrated",Medium (11.4–22.3 kg or 25–49 lb),1 – 3 hrs,Vegan
587958-587949-58308470,Vegan (consuming no animal products),5.0,5.0,5.0,3.0,3.0,5.0,5.0,2.0,2.0,1.0,Healthy,1,No,0.0,0.0,0.0,0.0,0.0,0.0,Dog,6,"Female, spayed",Medium (11.4–22.3 kg or 25–49 lb),1 – 3 hrs,Vegan
587958-587949-58308430,Meat-based – raw,5.0,1.0,1.0,4.0,5.0,1.0,5.0,2.0,5.0,1.0,Healthy,1,No,0.0,0.0,0.0,0.0,0.0,0.0,Dog,5,"Female, spayed",Medium (11.4–22.3 kg or 25–49 lb),1 – 3 hrs,Raw
587958-587949-58308903,Vegan (consuming no animal products),4.0,5.0,2.0,3.0,1.0,1.0,4.0,2.0,4.0,2.0,Generally healthy with minor or infrequent problems,3,Yes,0.0,0.0,0.0,0.0,0.0,0.0,Dog,6,"Female, spayed",Medium (11.4–22.3 kg or 25–49 lb),1 – 3 hrs,Vegan
587958-587949-58309375,Vegan (consuming no animal products),4.0,4.0,3.0,3.0,2.0,3.0,2.0,5.0,4.0,1.0,Healthy,1,No,0.0,0.0,1.0,0.0,0.0,0.0,Dog,9,"Female, spayed",Large (22.7–40.5 kg or 50–89 lb),30 – 60 mins,Vegan
587958-587949-58310020,Meat-based – conventional,2.0,2.0,2.0,2.0,2.0,2.0,2.0,5.0,2.0,2.0,Healthy,1,No,0.0,0.0,0.0,0.0,0.0,0.0,Dog,9,"Female, spayed",Medium (11.4–22.3 kg or 25–49 lb),1 – 3 hrs,Conventional
587958-587949-58310021,Vegan (consuming no animal products),3.0,3.0,3.0,3.0,3.0,3.0,3.0,4.0,4.0,3.0,Generally healthy with minor or infrequent problems,1,No,0.0,0.0,0.0,0.0,0.0,0.0,Dog,5,"Female, sexually intact",Toy (≤ 4.1 kg or ≤ 9 lb),0 – 30 mins,Vegan
587958-587949-58312113,Vegan (consuming no animal products),1.0,1.0,1.0,1.0,1.0,1.0,1.0,5.0,1.0,4.0,Healthy,1,No,0.0,0.0,0.0,0.0,0.0,0.0,Dog,12,"Male, castrated",Small (4.5–10.9 kg or 10–24 lb),0 – 30 mins,Vegan
587958-587949-58313195,Vegan (consuming no animal products),3.0,3.0,3.0,3.0,3.0,2.0,3.0,4.0,2.0,2.0,Healthy,>3,Yes,0.0,0.0,0.0,0.0,0.0,0.0,Dog,1,"Female, spayed",Small (4.5–10.9 kg or 10–24 lb),1 – 3 hrs,Vegan
587958-587949-58313242,Vegan (consuming no animal products),4.0,4.0,4.0,3.0,3.0,4.0,4.0,4.0,4.0,3.0,Healthy,1,No,0.0,0.0,0.0,0.0,0.0,0.0,Dog,6,"Female, spayed",Large (22.7–40.5 kg or 50–89 lb),30 – 60 mins,Vegan
587958-587949-58313751,Meat-based – conventional,5.0,5.0,2.0,5.0,3.0,5.0,5.0,2.0,4.0,4.0,Generally healthy with minor or infrequent problems,1,Yes,0.0,0.0,0.0,0.0,0.0,0.0,Dog,14,"Female, spayed",Medium (11.4–22.3 kg or 25–49 lb),30 – 60 mins,Conventional
587958-587949-58314273,Meat-based – conventional,2.0,3.0,1.0,1.0,1.0,1.0,1.0,3.0,1.0,1.0,Healthy,1,No,0.0,0.0,0.0,0.0,0.0,0.0,Dog,3,"Male, castrated",Medium (11.4–22.3 kg or 25–49 lb),1 – 3 hrs,Conventional
587958-587949-58314965,Meat-based – conventional,5.0,2.0,1.0,2.0,2.0,2.0,4.0,4.0,5.0,1.0,Generally healthy with minor or infrequent problems,Unsure,No,0.0,0.0,0.0,0.0,0.0,0.0,Dog,12,"Male, castrated",Medium (11.4–22.3 kg or 25–49 lb),1 – 3 hrs,Conventional
587958-587949-58316428,Meat-based – conventional,5.0,5.0,2.0,1.0,2.0,4.0,5.0,2.0,,4.0,Healthy,1,No,0.0,0.0,0.0,0.0,0.0,0.0,Dog,7,"Female, spayed",Large (22.7–40.5 kg or 50–89 lb),30 – 60 mins,Conventional
587958-587949-58317167,Meat-based – conventional,1.0,5.0,3.0,3.0,3.0,2.0,2.0,4.0,4.0,2.0,Healthy,2,No,0.0,0.0,0.0,0.0,0.0,0.0,Dog,7,"Female, spayed",Large (22.7–40.5 kg or 50–89 lb),1 – 3 hrs,Conventional
587958-587949-58317663,Vegan (consuming no animal products),5.0,5.0,5.0,5.0,,2.0,4.0,1.0,2.0,2.0,Healthy,1,No,0.0,0.0,0.0,0.0,0.0,0.0,Dog,8,"Male, sexually intact",Large (22.7–40.5 kg or 50–89 lb),30 – 60 mins,Vegan
587958-587949-58318743,Meat-based – conventional,3.0,4.0,3.0,4.0,3.0,2.0,3.0,2.0,3.0,2.0,Healthy,2,No,0.0,0.0,0.0,0.0,0.0,0.0,Dog,5,"Female, spayed",Large (22.7–40.5 kg or 50–89 lb),30 – 60 mins,Conventional
587958-587949-58319429,Meat-based – conventional,2.0,4.0,2.0,4.0,1.0,2.0,4.0,4.0,2.0,1.0,Generally healthy with minor or infrequent problems,>3,Yes,0.0,0.0,0.0,0.0,0.0,1.0,Dog,2,"Female, spayed",Large (22.7–40.5 kg or 50–89 lb),1 – 3 hrs,Conventional
587958-587949-58320329,Vegan (consuming no animal products),5.0,5.0,4.0,2.0,1.0,1.0,4.0,1.0,4.0,3.0,Significant or frequent problems,>3,Yes,0.0,0.0,0.0,0.0,0.0,0.0,Dog,7,"Male, castrated",Small (4.5–10.9 kg or 10–24 lb),30 – 60 mins,Vegan
587958-587949-58319847,Vegan (consuming no animal products),5.0,5.0,5.0,5.0,,1.0,5.0,1.0,4.0,4.0,Generally healthy with minor or infrequent problems,1,No,0.0,0.0,0.0,0.0,0.0,0.0,Dog,15,"Female, sexually intact",Small (4.5–10.9 kg or 10–24 lb),30 – 60 mins,Vegan
587958-587949-58321832,Meat-based – conventional,4.0,4.0,2.0,4.0,3.0,1.0,4.0,3.0,4.0,3.0,Seriously ill,>3,Yes,0.0,0.0,0.0,0.0,0.0,0.0,Dog,6,"Male, castrated",Large (22.7–40.5 kg or 50–89 lb),30 – 60 mins,Conventional
587958-587949-58322708,Vegan (consuming no animal products),4.0,4.0,4.0,3.0,1.0,1.0,3.0,4.0,3.0,1.0,Healthy,0,No,0.0,0.0,0.0,0.0,0.0,0.0,Dog,8,"Male, castrated",Small (4.5–10.9 kg or 10–24 lb),30 – 60 mins,Vegan
587958-587949-58327775,Vegan (consuming no animal products),4.0,4.0,4.0,4.0,4.0,1.0,2.0,4.0,4.0,1.0,Healthy,1,Yes,0.0,0.0,0.0,0.0,0.0,0.0,Dog,9,"Female, spayed",Medium (11.4–22.3 kg or 25–49 lb),1 – 3 hrs,Vegan
587958-587949-58330558,Vegan (consuming no animal products),5.0,4.0,4.0,2.0,4.0,4.0,5.0,2.0,5.0,4.0,Generally healthy with minor or infrequent problems,>3,Yes,0.0,0.0,0.0,1.0,0.0,0.0,Dog,9,"Male, castrated",Small (4.5–10.9 kg or 10–24 lb),1 – 3 hrs,Vegan
587958-587949-58332245,Vegan (consuming no animal products),5.0,5.0,5.0,5.0,5.0,1.0,2.0,3.0,5.0,1.0,Healthy,1,No,0.0,0.0,0.0,0.0,0.0,0.0,Dog,6,"Female, spayed",Medium (11.4–22.3 kg or 25–49 lb),0 – 30 mins,Vegan
587958-587949-58333872,Meat-based – conventional,5.0,3.0,2.0,4.0,4.0,2.0,4.0,4.0,4.0,4.0,Generally healthy with minor or infrequent problems,>3,Yes,0.0,0.0,0.0,0.0,0.0,0.0,Dog,11,"Male, castrated",Medium (11.4–22.3 kg or 25–49 lb),30 – 60 mins,Conventional
587958-587949-58334821,Vegan (consuming no animal products),4.0,4.0,4.0,2.0,1.0,1.0,4.0,2.0,2.0,2.0,Generally healthy with minor or infrequent problems,2,Yes,0.0,0.0,0.0,1.0,0.0,0.0,Dog,15,"Female, spayed",Small (4.5–10.9 kg or 10–24 lb),0 – 30 mins,Vegan
587958-587949-58335470,Vegan (consuming no animal products),5.0,5.0,5.0,5.0,4.0,2.0,5.0,2.0,4.0,2.0,Healthy,2,No,0.0,0.0,0.0,0.0,0.0,0.0,Dog,3,"Female, spayed",Medium (11.4–22.3 kg or 25–49 lb),30 – 60 mins,Vegan
587958-587949-58335480,Meat-based – raw,5.0,3.0,2.0,3.0,3.0,2.0,5.0,3.0,5.0,4.0,Generally healthy with minor or infrequent problems,1,No,0.0,0.0,1.0,0.0,0.0,0.0,Dog,3,"Female, spayed",Medium (11.4–22.3 kg or 25–49 lb),1 – 3 hrs,Raw
587958-587949-58336561,Meat-based – conventional,2.0,3.0,2.0,2.0,2.0,2.0,2.0,4.0,2.0,2.0,Healthy,0,No,0.0,0.0,0.0,0.0,0.0,0.0,Dog,10,"Male, castrated",Small (4.5–10.9 kg or 10–24 lb),0 – 30 mins,Conventional
587958-587949-58339806,Meat-based – conventional,5.0,4.0,5.0,5.0,5.0,5.0,5.0,4.0,5.0,2.0,Generally healthy with minor or infrequent problems,2,Yes,0.0,0.0,0.0,1.0,0.0,0.0,Dog,9,"Female, spayed",Small (4.5–10.9 kg or 10–24 lb),30 – 60 mins,Conventional
587958-587949-58339775,Meat-based – conventional,4.0,4.0,5.0,2.0,2.0,5.0,2.0,3.0,4.0,2.0,Generally healthy with minor or infrequent problems,2,Yes,0.0,0.0,0.0,0.0,1.0,0.0,Dog,9,"Male, castrated",Medium (11.4–22.3 kg or 25–49 lb),1 – 3 hrs,Conventional
587958-587949-58341268,Meat-based – conventional,1.0,1.0,1.0,1.0,1.0,1.0,1.0,5.0,1.0,5.0,Healthy,>3,Yes,0.0,0.0,0.0,1.0,0.0,0.0,Dog,11,"Male, castrated",Medium (11.4–22.3 kg or 25–49 lb),> 3 hrs,Conventional
587958-587949-58341679,Meat-based – raw,3.0,2.0,1.0,4.0,4.0,2.0,2.0,3.0,4.0,2.0,Generally healthy with minor or infrequent problems,3,Yes,0.0,0.0,0.0,0.0,1.0,0.0,Dog,11,"Male, castrated",Large (22.7–40.5 kg or 50–89 lb),30 – 60 mins,Raw
587958-587949-58342855,Vegan (consuming no animal products),5.0,5.0,2.0,5.0,5.0,2.0,5.0,4.0,5.0,3.0,Healthy,2,Yes,0.0,0.0,0.0,0.0,1.0,0.0,Dog,3,"Female, spayed",Large (22.7–40.5 kg or 50–89 lb),1 – 3 hrs,Vegan
587958-587949-58344215,Meat-based – conventional,5.0,5.0,3.0,3.0,5.0,3.0,3.0,3.0,5.0,3.0,Healthy,1,Yes,0.0,0.0,0.0,0.0,0.0,0.0,Dog,10,"Male, castrated",Medium (11.4–22.3 kg or 25–49 lb),1 – 3 hrs,Conventional
587958-587949-58344317,Meat-based – conventional,4.0,4.0,4.0,2.0,1.0,4.0,3.0,5.0,4.0,2.0,Generally healthy with minor or infrequent problems,3,Yes,0.0,0.0,0.0,1.0,0.0,0.0,Dog,5,"Male, castrated",Small (4.5–10.9 kg or 10–24 lb),1 – 3 hrs,Conventional
587958-587949-58344700,Meat-based – raw,5.0,5.0,5.0,2.0,2.0,2.0,4.0,2.0,1.0,1.0,Healthy,0,No,0.0,0.0,0.0,0.0,0.0,0.0,Dog,7,"Female, spayed",Large (22.7–40.5 kg or 50–89 lb),30 – 60 mins,Raw
587958-587949-58345269,Meat-based – conventional,5.0,4.0,4.0,4.0,4.0,4.0,5.0,4.0,5.0,4.0,Generally healthy with minor or infrequent problems,3,No,0.0,0.0,1.0,1.0,0.0,0.0,Dog,11,"Female, spayed",Small (4.5–10.9 kg or 10–24 lb),1 – 3 hrs,Conventional
587958-587949-58345827,Meat-based – conventional,5.0,5.0,4.0,4.0,5.0,4.0,5.0,2.0,5.0,2.0,Healthy,1,No,0.0,0.0,0.0,0.0,0.0,0.0,Dog,7,"Female, spayed",Small (4.5–10.9 kg or 10–24 lb),> 3 hrs,Conventional
587958-587949-58346756,Meat-based – conventional,3.0,1.0,1.0,4.0,3.0,1.0,3.0,4.0,4.0,1.0,Generally healthy with minor or infrequent problems,>3,Yes,0.0,0.0,0.0,0.0,1.0,1.0,Dog,9,"Female, spayed",Large (22.7–40.5 kg or 50–89 lb),> 3 hrs,Conventional
587958-587949-58346930,Meat-based – conventional,4.0,5.0,3.0,5.0,3.0,1.0,4.0,5.0,5.0,1.0,Significant or frequent problems,2,Yes,0.0,0.0,0.0,0.0,0.0,0.0,Dog,10,"Female, spayed",Large (22.7–40.5 kg or 50–89 lb),1 – 3 hrs,Conventional
587958-587949-58350814,Meat-based – conventional,5.0,5.0,5.0,5.0,5.0,5.0,5.0,1.0,5.0,1.0,Seriously ill,>3,Yes,0.0,0.0,0.0,0.0,0.0,1.0,Dog,8,"Male, castrated",Medium (11.4–22.3 kg or 25–49 lb),30 – 60 mins,Conventional
587958-587949-58350932,Meat-based – conventional,4.0,4.0,4.0,2.0,1.0,4.0,4.0,4.0,2.0,1.0,Generally healthy with minor or infrequent problems,0,No,0.0,0.0,0.0,0.0,0.0,0.0,Dog,16,"Male, castrated",Medium (11.4–22.3 kg or 25–49 lb),30 – 60 mins,Conventional
587958-587949-58350916,Meat-based – conventional,,,,,,,,,,,Healthy,0,No,0.0,0.0,0.0,0.0,0.0,0.0,Dog,10,"Female, spayed",Medium (11.4–22.3 kg or 25–49 lb),30 – 60 mins,Conventional
587958-587949-58353421,Vegan (consuming no animal products),,,1.0,,,1.0,,,,,Healthy,>3,Yes,0.0,0.0,0.0,0.0,0.0,0.0,Dog,8,"Male, castrated",Medium (11.4–22.3 kg or 25–49 lb),1 – 3 hrs,Vegan
587958-587949-58353596,Meat-based – conventional,4.0,4.0,2.0,2.0,2.0,1.0,3.0,2.0,4.0,2.0,Generally healthy with minor or infrequent problems,1,Yes,0.0,0.0,0.0,0.0,0.0,0.0,Dog,11,"Female, spayed",Small (4.5–10.9 kg or 10–24 lb),1 – 3 hrs,Conventional
587958-587949-58354389,Meat-based – conventional,5.0,5.0,2.0,2.0,3.0,1.0,5.0,2.0,5.0,3.0,Generally healthy with minor or infrequent problems,2,Yes,0.0,0.0,0.0,0.0,1.0,0.0,Dog,6,"Female, spayed",Large (22.7–40.5 kg or 50–89 lb),1 – 3 hrs,Conventional
587958-587949-58354685,Meat-based – conventional,2.0,4.0,1.0,,,1.0,1.0,5.0,3.0,1.0,Generally healthy with minor or infrequent problems,>3,No,0.0,0.0,0.0,0.0,0.0,0.0,Dog,11,"Female, spayed",Large (22.7–40.5 kg or 50–89 lb),30 – 60 mins,Conventional
587958-587949-58356796,Meat-based – conventional,5.0,5.0,5.0,5.0,5.0,2.0,5.0,5.0,2.0,1.0,Generally healthy with minor or infrequent problems,2,Yes,0.0,0.0,0.0,0.0,1.0,0.0,Dog,2,"Male, castrated",Medium (11.4–22.3 kg or 25–49 lb),1 – 3 hrs,Conventional
587958-587949-58360211,Vegan (consuming no animal products),4.0,4.0,4.0,4.0,3.0,4.0,4.0,4.0,4.0,3.0,Generally healthy with minor or infrequent problems,>3,Yes,0.0,0.0,0.0,0.0,0.0,0.0,Dog,6,"Female, spayed",Toy (≤ 4.1 kg or ≤ 9 lb),30 – 60 mins,Vegan
587958-587949-58360192,Meat-based – conventional,5.0,1.0,4.0,2.0,1.0,3.0,4.0,1.0,2.0,4.0,Healthy,0,No,0.0,0.0,0.0,0.0,0.0,0.0,Dog,9,"Female, spayed",Medium (11.4–22.3 kg or 25–49 lb),1 – 3 hrs,Conventional
587958-587949-58361101,Meat-based – conventional,5.0,5.0,3.0,4.0,4.0,3.0,5.0,4.0,4.0,3.0,Healthy,0,No,0.0,0.0,0.0,0.0,0.0,0.0,Dog,7,"Female, spayed",Large (22.7–40.5 kg or 50–89 lb),30 – 60 mins,Conventional
587958-587949-58362340,Vegan (consuming no animal products),3.0,3.0,2.0,2.0,1.0,2.0,3.0,4.0,4.0,2.0,Healthy,2,No,0.0,0.0,0.0,0.0,0.0,0.0,Dog,4,"Male, castrated",Large (22.7–40.5 kg or 50–89 lb),1 – 3 hrs,Vegan
587958-587949-58385046,Meat-based – conventional,5.0,2.0,2.0,4.0,3.0,2.0,3.0,4.0,3.0,2.0,Healthy,3,No,0.0,0.0,0.0,0.0,0.0,0.0,Dog,1,"Male, sexually intact",Medium (11.4–22.3 kg or 25–49 lb),30 – 60 mins,Conventional
587958-587949-58387467,Vegan (consuming no animal products),4.0,4.0,4.0,4.0,4.0,2.0,2.0,4.0,4.0,2.0,Generally healthy with minor or infrequent problems,1,Yes,0.0,0.0,0.0,0.0,0.0,0.0,Dog,7,"Male, castrated",Small (4.5–10.9 kg or 10–24 lb),30 – 60 mins,Vegan
587958-587949-58391400,Vegan (consuming no animal products),4.0,1.0,1.0,4.0,4.0,1.0,4.0,4.0,4.0,3.0,Generally healthy with minor or infrequent problems,1,No,0.0,0.0,0.0,0.0,0.0,0.0,Dog,3,"Female, spayed",Large (22.7–40.5 kg or 50–89 lb),30 – 60 mins,Vegan
587958-587949-58398936,Meat-based – conventional,3.0,4.0,3.0,2.0,2.0,2.0,3.0,4.0,3.0,3.0,Healthy,1,No,0.0,0.0,0.0,0.0,0.0,0.0,Dog,3,"Male, sexually intact",Giant (> 40.9 kg or > 90 lb),1 – 3 hrs,Conventional
587958-587949-58421768,Vegan (consuming no animal products),2.0,4.0,2.0,3.0,1.0,2.0,2.0,2.0,4.0,2.0,Generally healthy with minor or infrequent problems,1,No,0.0,0.0,0.0,0.0,0.0,0.0,Dog,12,"Female, spayed",Toy (≤ 4.1 kg or ≤ 9 lb),0 – 30 mins,Vegan
587958-587949-58424966,Meat-based – conventional,5.0,5.0,5.0,5.0,5.0,5.0,5.0,5.0,5.0,1.0,Generally healthy with minor or infrequent problems,3,Yes,0.0,1.0,0.0,0.0,1.0,0.0,Dog,13,"Male, castrated",Medium (11.4–22.3 kg or 25–49 lb),1 – 3 hrs,Conventional
587958-587949-58432524,Vegan (consuming no animal products),5.0,5.0,5.0,5.0,4.0,5.0,4.0,2.0,4.0,2.0,Generally healthy with minor or infrequent problems,1,Yes,0.0,0.0,0.0,0.0,0.0,1.0,Dog,5,"Female, spayed",Large (22.7–40.5 kg or 50–89 lb),1 – 3 hrs,Vegan
587958-587949-58433345,Vegan (consuming no animal products),5.0,5.0,5.0,5.0,3.0,5.0,5.0,2.0,2.0,2.0,Healthy,3,No,0.0,0.0,0.0,0.0,0.0,0.0,Dog,1,"Female, spayed",Medium (11.4–22.3 kg or 25–49 lb),30 – 60 mins,Vegan
587958-587949-58471778,Vegan (consuming no animal products),3.0,4.0,2.0,2.0,2.0,2.0,2.0,4.0,3.0,2.0,Healthy,0,No,0.0,0.0,0.0,0.0,0.0,0.0,Dog,9,"Female, spayed",Medium (11.4–22.3 kg or 25–49 lb),1 – 3 hrs,Vegan
587958-587949-58474829,Meat-based – conventional,,,,,,,,,,,Healthy,1,No,0.0,0.0,0.0,0.0,0.0,0.0,Dog,2,"Male, castrated",Medium (11.4–22.3 kg or 25–49 lb),1 – 3 hrs,Conventional
587958-587949-58477331,Meat-based – raw,5.0,5.0,4.0,5.0,5.0,1.0,5.0,3.0,5.0,1.0,Healthy,0,No,0.0,0.0,0.0,0.0,0.0,0.0,Dog,8,"Female, spayed",Medium (11.4–22.3 kg or 25–49 lb),> 3 hrs,Raw
587958-587949-58481452,Meat-based – conventional,5.0,5.0,2.0,5.0,5.0,2.0,5.0,2.0,2.0,2.0,Generally healthy with minor or infrequent problems,3,Yes,0.0,1.0,0.0,0.0,1.0,0.0,Dog,6,"Male, castrated",Large (22.7–40.5 kg or 50–89 lb),30 – 60 mins,Conventional
587958-587949-58501772,Vegan (consuming no animal products),3.0,2.0,1.0,3.0,1.0,1.0,3.0,4.0,4.0,1.0,Healthy,1,No,0.0,0.0,0.0,0.0,0.0,0.0,Dog,7,"Female, sexually intact",Medium (11.4–22.3 kg or 25–49 lb),1 – 3 hrs,Vegan
587958-587949-58502316,Meat-based – conventional,2.0,2.0,2.0,2.0,4.0,2.0,2.0,4.0,4.0,2.0,Healthy,2,No,0.0,0.0,0.0,0.0,0.0,0.0,Dog,4,"Female, sexually intact",Medium (11.4–22.3 kg or 25–49 lb),1 – 3 hrs,Conventional
587958-587949-58527643,Vegan (consuming no animal products),5.0,5.0,4.0,5.0,5.0,4.0,5.0,2.0,1.0,1.0,Healthy,2,No,0.0,0.0,0.0,0.0,1.0,0.0,Dog,3,"Female, spayed",Medium (11.4–22.3 kg or 25–49 lb),1 – 3 hrs,Vegan
587958-587949-58528710,Meat-based – raw,5.0,5.0,5.0,5.0,4.0,5.0,5.0,5.0,2.0,1.0,Generally healthy with minor or infrequent problems,3,No,0.0,0.0,0.0,0.0,0.0,0.0,Dog,1,"Female, sexually intact",Large (22.7–40.5 kg or 50–89 lb),> 3 hrs,Raw
587958-587949-58591680,Vegan (consuming no animal products),3.0,3.0,1.0,3.0,3.0,3.0,2.0,3.0,2.0,2.0,Healthy,2,No,0.0,0.0,0.0,0.0,0.0,0.0,Dog,4,"Male, castrated",Small (4.5–10.9 kg or 10–24 lb),1 – 3 hrs,Vegan
587958-587949-58631997,Meat-based – conventional,5.0,5.0,4.0,5.0,4.0,4.0,4.0,4.0,5.0,4.0,Generally healthy with minor or infrequent problems,2,No,0.0,0.0,0.0,0.0,1.0,0.0,Dog,9,"Male, castrated",Small (4.5–10.9 kg or 10–24 lb),30 – 60 mins,Conventional
587958-587949-58648764,Vegan (consuming no animal products),2.0,4.0,4.0,4.0,4.0,4.0,3.0,4.0,4.0,4.0,Healthy,0,No,0.0,0.0,0.0,0.0,0.0,0.0,Dog,2,"Male, castrated",Small (4.5–10.9 kg or 10–24 lb),1 – 3 hrs,Vegan
587958-587949-58649338,Meat-based – conventional,5.0,4.0,5.0,5.0,4.0,3.0,5.0,3.0,5.0,5.0,Healthy,1,No,0.0,0.0,0.0,0.0,0.0,0.0,Dog,10,"Male, sexually intact",Small (4.5–10.9 kg or 10–24 lb),1 – 3 hrs,Conventional
587958-587949-58655887,Meat-based – conventional,2.0,1.0,1.0,1.0,1.0,1.0,4.0,3.0,1.0,1.0,Healthy,1,No,0.0,0.0,0.0,0.0,0.0,0.0,Dog,11,"Female, spayed",Large (22.7–40.5 kg or 50–89 lb),30 – 60 mins,Conventional
587958-587949-58656451,Meat-based – conventional,4.0,1.0,2.0,4.0,3.0,1.0,5.0,5.0,2.0,2.0,Healthy,1,No,0.0,0.0,0.0,0.0,0.0,0.0,Dog,11,"Female, spayed",Large (22.7–40.5 kg or 50–89 lb),30 – 60 mins,Conventional
587958-587949-58658954,Meat-based – conventional,5.0,5.0,5.0,1.0,1.0,1.0,5.0,1.0,5.0,1.0,Healthy,1,Yes,0.0,0.0,0.0,0.0,0.0,0.0,Dog,8,"Female, spayed",Medium (11.4–22.3 kg or 25–49 lb),1 – 3 hrs,Conventional
587958-587949-58666523,Meat-based – raw,1.0,5.0,4.0,4.0,,5.0,1.0,5.0,5.0,5.0,Generally healthy with minor or infrequent problems,1,No,0.0,0.0,0.0,0.0,0.0,0.0,Dog,11,"Female, spayed",Large (22.7–40.5 kg or 50–89 lb),1 – 3 hrs,Raw
587958-587949-58697279,Vegan (consuming no animal products),5.0,5.0,5.0,5.0,3.0,4.0,5.0,3.0,5.0,3.0,Healthy,3,Yes,0.0,0.0,0.0,0.0,0.0,0.0,Dog,4,"Female, spayed",Medium (11.4–22.3 kg or 25–49 lb),1 – 3 hrs,Vegan
587958-587949-58738026,Meat-based – conventional,4.0,4.0,3.0,4.0,3.0,3.0,4.0,5.0,4.0,2.0,Healthy,3,No,0.0,0.0,0.0,0.0,0.0,0.0,Dog,16,"Male, sexually intact",Medium (11.4–22.3 kg or 25–49 lb),1 – 3 hrs,Conventional
587958-587949-58753886,Meat-based – conventional,5.0,5.0,1.0,4.0,3.0,1.0,3.0,4.0,4.0,3.0,Generally healthy with minor or infrequent problems,2,No,0.0,0.0,0.0,0.0,0.0,0.0,Dog,4,"Female, spayed",Medium (11.4–22.3 kg or 25–49 lb),1 – 3 hrs,Conventional
587958-587949-58760723,Vegan (consuming no animal products),5.0,5.0,4.0,4.0,2.0,3.0,5.0,3.0,4.0,2.0,Generally healthy with minor or infrequent problems,1,No,0.0,0.0,0.0,1.0,0.0,0.0,Dog,11,"Female, spayed",Medium (11.4–22.3 kg or 25–49 lb),30 – 60 mins,Vegan
587958-587949-58789774,Meat-based – conventional,5.0,5.0,5.0,5.0,4.0,3.0,5.0,4.0,5.0,5.0,Healthy,2,No,0.0,0.0,0.0,0.0,0.0,0.0,Dog,7,"Female, sexually intact",Small (4.5–10.9 kg or 10–24 lb),1 – 3 hrs,Conventional
587958-587949-58796822,Meat-based – conventional,5.0,4.0,3.0,5.0,5.0,1.0,4.0,2.0,4.0,1.0,Healthy,2,No,0.0,0.0,0.0,0.0,0.0,0.0,Dog,6,"Female, spayed",Large (22.7–40.5 kg or 50–89 lb),30 – 60 mins,Conventional
587958-587949-58805017,Meat-based – conventional,2.0,1.0,1.0,2.0,2.0,1.0,4.0,4.0,3.0,1.0,Generally healthy with minor or infrequent problems,2,Yes,0.0,0.0,0.0,0.0,0.0,1.0,Dog,7,"Female, spayed",Medium (11.4–22.3 kg or 25–49 lb),1 – 3 hrs,Conventional
587958-587949-58833138,Meat-based – conventional,5.0,5.0,5.0,4.0,3.0,4.0,5.0,3.0,5.0,1.0,Generally healthy with minor or infrequent problems,1,Yes,0.0,0.0,0.0,0.0,0.0,1.0,Dog,7,"Male, castrated",Large (22.7–40.5 kg or 50–89 lb),1 – 3 hrs,Conventional
587958-587949-58834781,Meat-based – conventional,2.0,1.0,1.0,1.0,1.0,1.0,3.0,2.0,4.0,1.0,Healthy,>3,Yes,0.0,0.0,0.0,0.0,0.0,1.0,Dog,14,"Male, castrated",Small (4.5–10.9 kg or 10–24 lb),0 – 30 mins,Conventional
587958-587949-58851931,Meat-based – conventional,1.0,1.0,1.0,3.0,,1.0,1.0,4.0,1.0,1.0,Generally healthy with minor or infrequent problems,Unsure,Yes,0.0,0.0,0.0,0.0,0.0,0.0,Dog,6,"Female, spayed",Small (4.5–10.9 kg or 10–24 lb),30 – 60 mins,Conventional
587958-587949-58855645,Meat-based – raw,4.0,4.0,3.0,2.0,4.0,4.0,4.0,2.0,5.0,4.0,Generally healthy with minor or infrequent problems,0,No,0.0,0.0,0.0,0.0,0.0,0.0,Dog,6,"Male, castrated",Large (22.7–40.5 kg or 50–89 lb),1 – 3 hrs,Raw
587958-587949-58860349,Vegan (consuming no animal products),3.0,4.0,3.0,4.0,1.0,1.0,1.0,4.0,4.0,4.0,Healthy,1,No,0.0,0.0,0.0,0.0,0.0,0.0,Dog,3,"Female, spayed",Small (4.5–10.9 kg or 10–24 lb),30 – 60 mins,Vegan
587958-587949-58881651,Meat-based – conventional,5.0,4.0,4.0,3.0,3.0,3.0,5.0,2.0,3.0,2.0,Generally healthy with minor or infrequent problems,1,No,0.0,0.0,0.0,0.0,0.0,0.0,Dog,2,"Male, castrated",Medium (11.4–22.3 kg or 25–49 lb),1 – 3 hrs,Conventional
587958-587949-58884429,Meat-based – conventional,5.0,4.0,1.0,,4.0,4.0,5.0,1.0,5.0,1.0,Generally healthy with minor or infrequent problems,2,No,0.0,0.0,0.0,0.0,0.0,0.0,Dog,6,"Male, castrated",Large (22.7–40.5 kg or 50–89 lb),30 – 60 mins,Conventional
587958-587949-58898183,Vegan (consuming no animal products),5.0,5.0,5.0,5.0,5.0,5.0,5.0,2.0,5.0,2.0,Healthy,0,No,0.0,0.0,0.0,0.0,0.0,0.0,Dog,7,"Female, spayed",Medium (11.4–22.3 kg or 25–49 lb),> 3 hrs,Vegan
587958-587949-58897490,Vegan (consuming no animal products),5.0,4.0,2.0,2.0,3.0,1.0,4.0,2.0,4.0,1.0,Healthy,1,No,0.0,0.0,0.0,0.0,0.0,0.0,Dog,7,"Male, castrated",Small (4.5–10.9 kg or 10–24 lb),1 – 3 hrs,Vegan
587958-587949-58900360,Meat-based – conventional,4.0,4.0,4.0,3.0,4.0,3.0,3.0,4.0,3.0,2.0,Significant or frequent problems,3,Yes,0.0,0.0,0.0,0.0,0.0,0.0,Dog,8,"Female, spayed",Medium (11.4–22.3 kg or 25–49 lb),1 – 3 hrs,Conventional
587958-587949-58902603,Vegan (consuming no animal products),4.0,4.0,2.0,5.0,3.0,2.0,3.0,5.0,4.0,3.0,Healthy,1,No,0.0,0.0,0.0,0.0,0.0,0.0,Dog,11,"Male, castrated",Large (22.7–40.5 kg or 50–89 lb),1 – 3 hrs,Vegan
587958-587949-58902548,Vegan (consuming no animal products),5.0,5.0,1.0,5.0,5.0,1.0,5.0,1.0,1.0,1.0,Generally healthy with minor or infrequent problems,0,No,0.0,0.0,0.0,0.0,0.0,0.0,Dog,14,"Female, spayed",Medium (11.4–22.3 kg or 25–49 lb),1 – 3 hrs,Vegan
587958-587949-58902716,Meat-based – conventional,5.0,5.0,5.0,5.0,5.0,2.0,5.0,2.0,4.0,1.0,Generally healthy with minor or infrequent problems,1,No,0.0,0.0,0.0,0.0,0.0,0.0,Dog,8,"Female, spayed",Medium (11.4–22.3 kg or 25–49 lb),30 – 60 mins,Conventional
587958-587949-58902757,Meat-based – conventional,5.0,4.0,2.0,4.0,4.0,2.0,4.0,4.0,4.0,2.0,Generally healthy with minor or infrequent problems,1,No,0.0,0.0,0.0,0.0,0.0,0.0,Dog,9,"Male, castrated",Large (22.7–40.5 kg or 50–89 lb),1 – 3 hrs,Conventional
587958-587949-58903171,Meat-based – conventional,,4.0,5.0,3.0,2.0,4.0,4.0,3.0,4.0,2.0,Generally healthy with minor or infrequent problems,>3,Yes,0.0,0.0,0.0,0.0,1.0,1.0,Dog,8,"Female, spayed",Small (4.5–10.9 kg or 10–24 lb),30 – 60 mins,Conventional
587958-587949-58904066,Meat-based – raw,4.0,2.0,2.0,4.0,4.0,4.0,2.0,4.0,3.0,,Healthy,0,No,0.0,0.0,0.0,0.0,0.0,0.0,Dog,2,"Male, castrated",Medium (11.4–22.3 kg or 25–49 lb),1 – 3 hrs,Raw
587958-587949-58904395,Meat-based – conventional,5.0,5.0,1.0,4.0,5.0,1.0,4.0,2.0,2.0,1.0,Healthy,1,No,0.0,0.0,0.0,0.0,0.0,0.0,Dog,1,"Female, spayed",Large (22.7–40.5 kg or 50–89 lb),30 – 60 mins,Conventional
587958-587949-58904405,Meat-based – conventional,4.0,4.0,5.0,3.0,2.0,3.0,4.0,4.0,4.0,1.0,Healthy,2,No,0.0,0.0,0.0,0.0,0.0,0.0,Dog,10,"Female, spayed",Small (4.5–10.9 kg or 10–24 lb),1 – 3 hrs,Conventional
587958-587949-58904687,Meat-based – conventional,5.0,5.0,1.0,5.0,3.0,1.0,5.0,2.0,4.0,1.0,Generally healthy with minor or infrequent problems,2,Yes,0.0,0.0,0.0,1.0,0.0,0.0,Dog,9,"Male, sexually intact",Medium (11.4–22.3 kg or 25–49 lb),1 – 3 hrs,Conventional
587958-587949-58904922,Meat-based – raw,3.0,3.0,3.0,3.0,3.0,3.0,2.0,4.0,3.0,2.0,Healthy,1,No,0.0,0.0,0.0,0.0,0.0,0.0,Dog,20,"Male, castrated",Small (4.5–10.9 kg or 10–24 lb),0 – 30 mins,Raw
587958-587949-58905473,Vegan (consuming no animal products),3.0,1.0,1.0,1.0,1.0,2.0,1.0,5.0,1.0,3.0,Healthy,1,Yes,0.0,0.0,0.0,1.0,0.0,0.0,Dog,7,"Male, castrated",Toy (≤ 4.1 kg or ≤ 9 lb),30 – 60 mins,Vegan
587958-587949-58905468,Meat-based – conventional,3.0,2.0,2.0,2.0,2.0,2.0,2.0,2.0,2.0,3.0,Generally healthy with minor or infrequent problems,2,Yes,0.0,0.0,0.0,0.0,1.0,0.0,Dog,1,"Female, spayed",Medium (11.4–22.3 kg or 25–49 lb),30 – 60 mins,Conventional
587958-587949-58905436,Meat-based – raw,2.0,5.0,1.0,3.0,1.0,5.0,3.0,5.0,4.0,1.0,Generally healthy with minor or infrequent problems,1,No,0.0,0.0,0.0,0.0,0.0,0.0,Dog,3,"Male, sexually intact",Medium (11.4–22.3 kg or 25–49 lb),1 – 3 hrs,Raw
587958-587949-58907863,Meat-based – conventional,4.0,4.0,4.0,2.0,3.0,4.0,3.0,1.0,5.0,3.0,Generally healthy with minor or infrequent problems,2,Yes,0.0,0.0,1.0,0.0,0.0,0.0,Dog,12,"Male, castrated",Large (22.7–40.5 kg or 50–89 lb),30 – 60 mins,Conventional
587958-587949-58910179,Meat-based – conventional,4.0,5.0,3.0,3.0,2.0,2.0,4.0,4.0,4.0,1.0,Generally healthy with minor or infrequent problems,>3,Yes,0.0,0.0,0.0,0.0,0.0,1.0,Dog,10,"Male, castrated",Small (4.5–10.9 kg or 10–24 lb),1 – 3 hrs,Conventional
587958-587949-58910163,Vegan (consuming no animal products),3.0,4.0,1.0,4.0,3.0,1.0,4.0,4.0,3.0,1.0,Healthy,1,No,0.0,0.0,0.0,0.0,0.0,0.0,Dog,10,"Female, sexually intact",Medium (11.4–22.3 kg or 25–49 lb),30 – 60 mins,Vegan
587958-587949-58910276,Meat-based – conventional,5.0,5.0,5.0,5.0,2.0,5.0,5.0,1.0,5.0,5.0,Healthy,1,Yes,0.0,0.0,0.0,0.0,1.0,0.0,Dog,2,"Female, spayed",Toy (≤ 4.1 kg or ≤ 9 lb),30 – 60 mins,Conventional
587958-587949-58911037,Meat-based – conventional,5.0,2.0,1.0,5.0,4.0,2.0,4.0,5.0,5.0,1.0,Generally healthy with minor or infrequent problems,>3,No,0.0,0.0,1.0,1.0,0.0,1.0,Dog,4,"Male, castrated",Large (22.7–40.5 kg or 50–89 lb),> 3 hrs,Conventional
587958-587949-58914781,Meat-based – conventional,5.0,4.0,4.0,4.0,3.0,4.0,3.0,3.0,3.0,3.0,Generally healthy with minor or infrequent problems,1,No,0.0,0.0,0.0,0.0,0.0,0.0,Dog,10,"Female, spayed",Giant (> 40.9 kg or > 90 lb),0 – 30 mins,Conventional
587958-587949-58915130,Meat-based – conventional,5.0,5.0,2.0,4.0,5.0,4.0,5.0,1.0,4.0,4.0,Generally healthy with minor or infrequent problems,2,Yes,0.0,0.0,1.0,0.0,0.0,0.0,Dog,6,"Female, spayed",Large (22.7–40.5 kg or 50–89 lb),1 – 3 hrs,Conventional
587958-587949-58916922,Vegan (consuming no animal products),4.0,4.0,3.0,3.0,3.0,2.0,2.0,3.0,2.0,1.0,Healthy,2,No,0.0,0.0,0.0,0.0,0.0,0.0,Dog,5,"Male, castrated",Small (4.5–10.9 kg or 10–24 lb),30 – 60 mins,Vegan
587958-587949-58921837,Meat-based – conventional,5.0,5.0,5.0,2.0,2.0,2.0,5.0,2.0,2.0,2.0,Healthy,1,Yes,0.0,0.0,0.0,0.0,0.0,0.0,Dog,6,"Male, castrated",Medium (11.4–22.3 kg or 25–49 lb),1 – 3 hrs,Conventional
587958-587949-58925571,Meat-based – conventional,5.0,5.0,2.0,5.0,5.0,1.0,5.0,1.0,2.0,3.0,Generally healthy with minor or infrequent problems,2,No,0.0,0.0,0.0,0.0,0.0,0.0,Dog,2,"Male, sexually intact",Large (22.7–40.5 kg or 50–89 lb),30 – 60 mins,Conventional
587958-587949-58928662,Meat-based – conventional,3.0,2.0,1.0,4.0,2.0,1.0,2.0,4.0,3.0,1.0,Generally healthy with minor or infrequent problems,2,No,0.0,0.0,0.0,0.0,0.0,0.0,Dog,11,"Male, castrated",Large (22.7–40.5 kg or 50–89 lb),30 – 60 mins,Conventional
587958-587949-58929250,Meat-based – conventional,5.0,5.0,5.0,4.0,4.0,4.0,4.0,3.0,1.0,1.0,Generally healthy with minor or infrequent problems,2,Yes,0.0,0.0,0.0,0.0,0.0,0.0,Dog,10,"Male, castrated",Medium (11.4–22.3 kg or 25–49 lb),1 – 3 hrs,Conventional
587958-587949-58931471,Meat-based – conventional,4.0,4.0,2.0,4.0,1.0,5.0,4.0,4.0,5.0,5.0,Generally healthy with minor or infrequent problems,>3,Yes,0.0,0.0,0.0,1.0,0.0,0.0,Dog,13,"Male, castrated",Toy (≤ 4.1 kg or ≤ 9 lb),30 – 60 mins,Conventional
587958-587949-58933190,Meat-based – conventional,4.0,3.0,1.0,1.0,1.0,1.0,1.0,4.0,1.0,1.0,Generally healthy with minor or infrequent problems,>3,Yes,0.0,0.0,0.0,0.0,0.0,0.0,Dog,11,"Female, spayed",Giant (> 40.9 kg or > 90 lb),1 – 3 hrs,Conventional
587958-587949-58933708,Meat-based – conventional,1.0,3.0,1.0,1.0,1.0,1.0,2.0,4.0,3.0,1.0,Healthy,>3,Yes,0.0,0.0,0.0,0.0,0.0,0.0,Dog,9,"Female, spayed",Medium (11.4–22.3 kg or 25–49 lb),1 – 3 hrs,Conventional
587958-587949-58937260,Vegan (consuming no animal products),5.0,3.0,3.0,4.0,4.0,1.0,4.0,2.0,3.0,1.0,Generally healthy with minor or infrequent problems,0,No,0.0,0.0,0.0,0.0,0.0,0.0,Dog,9,"Male, castrated",Large (22.7–40.5 kg or 50–89 lb),30 – 60 mins,Vegan
587958-587949-58937109,Meat-based – conventional,4.0,2.0,2.0,3.0,2.0,1.0,3.0,5.0,5.0,1.0,Generally healthy with minor or infrequent problems,1,Yes,0.0,0.0,0.0,0.0,0.0,0.0,Dog,9,"Female, spayed",Large (22.7–40.5 kg or 50–89 lb),1 – 3 hrs,Conventional
587958-587949-58939199,Vegan (consuming no animal products),3.0,3.0,2.0,2.0,4.0,3.0,3.0,4.0,4.0,3.0,Healthy,1,No,0.0,0.0,0.0,0.0,0.0,0.0,Dog,6,"Male, castrated",Large (22.7–40.5 kg or 50–89 lb),30 – 60 mins,Vegan
587958-587949-58939319,Meat-based – conventional,5.0,5.0,5.0,5.0,1.0,5.0,5.0,,5.0,5.0,Generally healthy with minor or infrequent problems,2,Yes,0.0,0.0,0.0,0.0,0.0,1.0,Dog,7,"Male, castrated",Small (4.5–10.9 kg or 10–24 lb),30 – 60 mins,Conventional
587958-587949-58939268,Meat-based – conventional,5.0,5.0,5.0,3.0,3.0,3.0,5.0,3.0,4.0,1.0,Healthy,0,No,0.0,0.0,0.0,0.0,0.0,0.0,Dog,4,"Female, spayed",Small (4.5–10.9 kg or 10–24 lb),1 – 3 hrs,Conventional
587958-587949-58939729,Meat-based – conventional,4.0,3.0,1.0,,2.0,1.0,4.0,2.0,4.0,1.0,Healthy,0,No,0.0,0.0,0.0,0.0,0.0,0.0,Dog,3,"Female, sexually intact",Medium (11.4–22.3 kg or 25–49 lb),1 – 3 hrs,Conventional
587958-587949-58939742,Meat-based – conventional,4.0,4.0,2.0,4.0,2.0,2.0,4.0,3.0,4.0,2.0,Healthy,1,Yes,0.0,0.0,0.0,1.0,0.0,0.0,Dog,8,"Male, castrated",Large (22.7–40.5 kg or 50–89 lb),30 – 60 mins,Conventional
587958-587949-58939894,Meat-based – conventional,5.0,5.0,5.0,3.0,5.0,1.0,5.0,2.0,5.0,3.0,Healthy,1,No,0.0,0.0,0.0,0.0,0.0,0.0,Dog,3,"Male, castrated",Large (22.7–40.5 kg or 50–89 lb),1 – 3 hrs,Conventional
587958-587949-58939491,Vegan (consuming no animal products),4.0,5.0,4.0,3.0,3.0,2.0,2.0,2.0,4.0,2.0,Healthy,1,No,0.0,0.0,0.0,0.0,0.0,0.0,Dog,6,"Male, castrated",Small (4.5–10.9 kg or 10–24 lb),1 – 3 hrs,Vegan
587958-587949-58940139,Meat-based – conventional,3.0,4.0,4.0,3.0,4.0,2.0,2.0,2.0,2.0,4.0,Generally healthy with minor or infrequent problems,1,No,0.0,0.0,0.0,0.0,0.0,0.0,Dog,8,"Female, spayed",Medium (11.4–22.3 kg or 25–49 lb),30 – 60 mins,Conventional
587958-587949-58940063,Meat-based – conventional,5.0,5.0,1.0,4.0,1.0,1.0,4.0,5.0,4.0,3.0,Healthy,1,Yes,0.0,0.0,0.0,0.0,0.0,0.0,Dog,2,"Male, castrated",Small (4.5–10.9 kg or 10–24 lb),0 – 30 mins,Conventional
587958-587949-58942279,Meat-based – conventional,5.0,5.0,5.0,3.0,3.0,5.0,2.0,3.0,3.0,2.0,Seriously ill,>3,Yes,0.0,0.0,0.0,0.0,0.0,0.0,Dog,10,"Female, sexually intact",Medium (11.4–22.3 kg or 25–49 lb),0 – 30 mins,Conventional
587958-587949-58942323,Meat-based – conventional,2.0,4.0,2.0,4.0,2.0,2.0,1.0,4.0,1.0,1.0,Healthy,>3,No,0.0,0.0,0.0,0.0,0.0,0.0,Dog,4,"Male, castrated",Medium (11.4–22.3 kg or 25–49 lb),0 – 30 mins,Conventional
587958-587949-58943987,Vegan (consuming no animal products),5.0,5.0,1.0,3.0,5.0,2.0,4.0,1.0,4.0,4.0,Healthy,0,No,0.0,0.0,0.0,0.0,0.0,0.0,Dog,8,"Male, castrated",Giant (> 40.9 kg or > 90 lb),1 – 3 hrs,Vegan
587958-587949-58948488,Meat-based – conventional,3.0,4.0,1.0,3.0,2.0,2.0,3.0,2.0,3.0,1.0,Healthy,0,No,0.0,0.0,0.0,0.0,0.0,0.0,Dog,4,"Female, spayed",Medium (11.4–22.3 kg or 25–49 lb),1 – 3 hrs,Conventional
587958-587949-58948614,Meat-based – conventional,4.0,5.0,1.0,1.0,5.0,1.0,4.0,1.0,4.0,1.0,Healthy,>3,Yes,0.0,0.0,0.0,0.0,0.0,0.0,Dog,4,"Male, castrated",Large (22.7–40.5 kg or 50–89 lb),1 – 3 hrs,Conventional
587958-587949-58949240,Meat-based – conventional,5.0,5.0,3.0,5.0,3.0,1.0,3.0,1.0,1.0,1.0,Healthy,0,No,0.0,0.0,0.0,0.0,0.0,0.0,Dog,12,"Female, spayed",Medium (11.4–22.3 kg or 25–49 lb),Unsure,Conventional
587958-587949-58950145,Meat-based – raw,1.0,5.0,1.0,4.0,2.0,1.0,1.0,1.0,5.0,1.0,Generally healthy with minor or infrequent problems,2,No,0.0,0.0,0.0,0.0,0.0,0.0,Dog,7,"Male, castrated",Large (22.7–40.5 kg or 50–89 lb),> 3 hrs,Raw
587958-587949-58952205,Meat-based – conventional,2.0,3.0,1.0,1.0,1.0,1.0,2.0,4.0,2.0,1.0,Healthy,1,No,0.0,0.0,0.0,0.0,0.0,0.0,Dog,6,"Male, sexually intact",Large (22.7–40.5 kg or 50–89 lb),1 – 3 hrs,Conventional
587958-587949-58952831,Meat-based – conventional,2.0,2.0,2.0,3.0,2.0,4.0,1.0,4.0,1.0,1.0,Healthy,1,Yes,0.0,0.0,1.0,0.0,0.0,0.0,Dog,5,"Male, castrated",Small (4.5–10.9 kg or 10–24 lb),1 – 3 hrs,Conventional
587958-587949-58959209,Vegan (consuming no animal products),5.0,4.0,4.0,4.0,4.0,2.0,5.0,4.0,4.0,3.0,Healthy,1,No,0.0,0.0,0.0,0.0,0.0,0.0,Dog,10,"Female, spayed",Medium (11.4–22.3 kg or 25–49 lb),30 – 60 mins,Vegan
587958-587949-58961288,Meat-based – conventional,5.0,5.0,4.0,2.0,2.0,2.0,5.0,2.0,2.0,2.0,Healthy,2,No,0.0,0.0,0.0,0.0,0.0,0.0,Dog,3,"Male, castrated",Small (4.5–10.9 kg or 10–24 lb),> 3 hrs,Conventional
587958-587949-58961711,Meat-based – conventional,5.0,5.0,3.0,4.0,3.0,3.0,4.0,3.0,4.0,3.0,Healthy,2,No,0.0,0.0,0.0,0.0,0.0,0.0,Dog,5,"Male, castrated",Large (22.7–40.5 kg or 50–89 lb),1 – 3 hrs,Conventional
587958-587949-58961631,Meat-based – conventional,4.0,2.0,2.0,2.0,2.0,4.0,2.0,2.0,4.0,2.0,Significant or frequent problems,>3,Yes,0.0,0.0,0.0,0.0,1.0,0.0,Dog,10,"Male, castrated",Small (4.5–10.9 kg or 10–24 lb),1 – 3 hrs,Conventional
587958-587949-58963406,Vegan (consuming no animal products),4.0,3.0,3.0,3.0,3.0,3.0,3.0,5.0,4.0,3.0,Healthy,3,Yes,0.0,0.0,0.0,0.0,0.0,0.0,Dog,1,"Female, spayed",Small (4.5–10.9 kg or 10–24 lb),> 3 hrs,Vegan
587958-587949-58967694,Vegan (consuming no animal products),5.0,3.0,2.0,4.0,3.0,1.0,5.0,3.0,5.0,3.0,Healthy,3,No,0.0,0.0,0.0,0.0,0.0,0.0,Dog,5,"Female, spayed",Medium (11.4–22.3 kg or 25–49 lb),1 – 3 hrs,Vegan
587958-587949-58968301,Vegan (consuming no animal products),5.0,5.0,4.0,4.0,3.0,3.0,4.0,2.0,5.0,5.0,Healthy,1,No,0.0,0.0,0.0,0.0,0.0,0.0,Dog,7,"Female, spayed",Small (4.5–10.9 kg or 10–24 lb),> 3 hrs,Vegan
587958-587949-58970233,Meat-based – conventional,5.0,5.0,5.0,5.0,2.0,5.0,5.0,2.0,2.0,2.0,Healthy,1,No,0.0,0.0,0.0,0.0,0.0,0.0,Dog,4,"Female, spayed",Medium (11.4–22.3 kg or 25–49 lb),1 – 3 hrs,Conventional
587958-587949-58972330,Meat-based – conventional,5.0,5.0,5.0,1.0,5.0,4.0,4.0,2.0,4.0,1.0,Generally healthy with minor or infrequent problems,0,No,0.0,0.0,0.0,0.0,0.0,0.0,Dog,4,"Male, sexually intact",Medium (11.4–22.3 kg or 25–49 lb),1 – 3 hrs,Conventional
587958-587949-58982878,Meat-based – raw,4.0,2.0,2.0,5.0,4.0,1.0,4.0,4.0,4.0,2.0,Generally healthy with minor or infrequent problems,0,No,0.0,0.0,0.0,0.0,0.0,0.0,Dog,10,"Male, castrated",Large (22.7–40.5 kg or 50–89 lb),1 – 3 hrs,Raw
587958-587949-58990489,Meat-based – raw,1.0,4.0,1.0,3.0,3.0,1.0,1.0,5.0,3.0,1.0,Generally healthy with minor or infrequent problems,1,Yes,0.0,0.0,0.0,0.0,0.0,1.0,Dog,5,"Male, sexually intact",Large (22.7–40.5 kg or 50–89 lb),1 – 3 hrs,Raw
587958-587949-58992725,Meat-based – conventional,5.0,3.0,2.0,4.0,,2.0,3.0,2.0,3.0,3.0,Significant or frequent problems,>3,Yes,0.0,0.0,0.0,0.0,1.0,0.0,Dog,6,"Female, spayed",Large (22.7–40.5 kg or 50–89 lb),1 – 3 hrs,Conventional
587958-587949-59012957,Vegan (consuming no animal products),3.0,4.0,2.0,4.0,3.0,2.0,2.0,4.0,3.0,2.0,Generally healthy with minor or infrequent problems,2,Yes,0.0,0.0,0.0,0.0,0.0,0.0,Dog,10,"Male, castrated",Small (4.5–10.9 kg or 10–24 lb),30 – 60 mins,Vegan
587958-587949-59013110,Meat-based – conventional,5.0,5.0,3.0,5.0,2.0,3.0,5.0,3.0,5.0,4.0,Generally healthy with minor or infrequent problems,1,Yes,0.0,0.0,0.0,0.0,0.0,0.0,Dog,12,"Female, spayed",Small (4.5–10.9 kg or 10–24 lb),0 – 30 mins,Conventional
587958-587949-59014010,Vegan (consuming no animal products),5.0,5.0,5.0,5.0,1.0,4.0,5.0,2.0,5.0,3.0,Significant or frequent problems,>3,Yes,0.0,1.0,0.0,0.0,0.0,0.0,Dog,4,"Female, spayed",Small (4.5–10.9 kg or 10–24 lb),1 – 3 hrs,Vegan
587958-587949-59015489,Meat-based – conventional,5.0,5.0,4.0,5.0,3.0,2.0,5.0,4.0,4.0,3.0,Generally healthy with minor or infrequent problems,2,Yes,0.0,0.0,0.0,1.0,0.0,0.0,Dog,13,"Female, spayed",Small (4.5–10.9 kg or 10–24 lb),1 – 3 hrs,Conventional
587958-587949-59014252,Meat-based – conventional,2.0,3.0,1.0,3.0,3.0,1.0,1.0,5.0,4.0,3.0,Generally healthy with minor or infrequent problems,2,No,0.0,0.0,0.0,0.0,1.0,0.0,Dog,4,"Male, castrated",Small (4.5–10.9 kg or 10–24 lb),30 – 60 mins,Conventional
587958-587949-59018346,Vegan (consuming no animal products),5.0,5.0,5.0,3.0,3.0,1.0,4.0,2.0,4.0,4.0,Healthy,0,No,0.0,0.0,0.0,0.0,0.0,0.0,Dog,6,"Male, castrated",Small (4.5–10.9 kg or 10–24 lb),30 – 60 mins,Vegan
587958-587949-59019114,Vegan (consuming no animal products),5.0,5.0,3.0,5.0,3.0,3.0,4.0,4.0,4.0,1.0,Generally healthy with minor or infrequent problems,2,No,0.0,0.0,0.0,0.0,0.0,0.0,Dog,6,"Male, castrated",Large (22.7–40.5 kg or 50–89 lb),1 – 3 hrs,Vegan
587958-587949-59018984,Meat-based – conventional,5.0,5.0,5.0,5.0,3.0,3.0,5.0,3.0,3.0,3.0,Generally healthy with minor or infrequent problems,>3,Yes,0.0,0.0,0.0,1.0,1.0,0.0,Dog,7,"Male, castrated",Medium (11.4–22.3 kg or 25–49 lb),1 – 3 hrs,Conventional
587958-587949-59019581,Vegan (consuming no animal products),5.0,5.0,5.0,5.0,5.0,5.0,5.0,5.0,5.0,3.0,Generally healthy with minor or infrequent problems,2,Yes,0.0,0.0,0.0,0.0,0.0,0.0,Dog,6,"Female, sexually intact",Small (4.5–10.9 kg or 10–24 lb),1 – 3 hrs,Vegan
587958-587949-59019912,Vegan (consuming no animal products),5.0,4.0,3.0,4.0,4.0,1.0,4.0,2.0,4.0,3.0,Generally healthy with minor or infrequent problems,>3,Yes,0.0,0.0,0.0,0.0,0.0,0.0,Dog,8,"Female, spayed",Medium (11.4–22.3 kg or 25–49 lb),30 – 60 mins,Vegan
587958-587949-59020961,Vegan (consuming no animal products),5.0,5.0,5.0,5.0,,1.0,5.0,1.0,4.0,,Healthy,1,No,0.0,0.0,0.0,0.0,0.0,0.0,Dog,10,"Female, spayed",Large (22.7–40.5 kg or 50–89 lb),30 – 60 mins,Vegan
587958-587949-59020477,Vegan (consuming no animal products),3.0,3.0,3.0,2.0,1.0,2.0,3.0,3.0,2.0,2.0,Healthy,1,No,0.0,0.0,0.0,0.0,0.0,0.0,Dog,10,"Female, spayed",Medium (11.4–22.3 kg or 25–49 lb),30 – 60 mins,Vegan
587958-587949-59022834,Vegan (consuming no animal products),4.0,4.0,1.0,2.0,4.0,1.0,4.0,2.0,4.0,4.0,Healthy,0,No,0.0,0.0,0.0,0.0,0.0,0.0,Dog,5,"Female, sexually intact",Small (4.5–10.9 kg or 10–24 lb),1 – 3 hrs,Vegan
587958-587949-59026625,Meat-based – conventional,5.0,4.0,1.0,4.0,3.0,3.0,4.0,3.0,4.0,2.0,Healthy,1,No,0.0,0.0,0.0,0.0,0.0,0.0,Dog,5,"Male, sexually intact",Medium (11.4–22.3 kg or 25–49 lb),1 – 3 hrs,Conventional
587958-587949-59026689,Vegan (consuming no animal products),4.0,3.0,2.0,4.0,5.0,1.0,5.0,2.0,5.0,1.0,Healthy,1,No,0.0,0.0,0.0,0.0,0.0,0.0,Dog,2,"Female, sexually intact",Giant (> 40.9 kg or > 90 lb),1 – 3 hrs,Vegan
587958-587949-59026901,Vegan (consuming no animal products),4.0,3.0,1.0,2.0,2.0,1.0,4.0,4.0,4.0,1.0,Healthy,>3,No,0.0,0.0,0.0,0.0,0.0,0.0,Dog,2,"Female, spayed",Small (4.5–10.9 kg or 10–24 lb),30 – 60 mins,Vegan
587958-587949-59027055,Vegan (consuming no animal products),2.0,4.0,2.0,4.0,3.0,2.0,2.0,4.0,2.0,2.0,Healthy,1,No,0.0,0.0,0.0,0.0,0.0,0.0,Dog,7,"Male, castrated",Medium (11.4–22.3 kg or 25–49 lb),1 – 3 hrs,Vegan
587958-587949-59027083,Vegan (consuming no animal products),5.0,5.0,4.0,5.0,3.0,3.0,5.0,3.0,5.0,3.0,Healthy,1,No,0.0,0.0,0.0,0.0,0.0,0.0,Dog,9,"Male, castrated",Medium (11.4–22.3 kg or 25–49 lb),1 – 3 hrs,Vegan
587958-587949-59027344,Meat-based – conventional,4.0,4.0,2.0,4.0,4.0,4.0,4.0,2.0,4.0,4.0,Healthy,3,No,0.0,0.0,0.0,0.0,0.0,0.0,Dog,7,"Female, spayed",Medium (11.4–22.3 kg or 25–49 lb),1 – 3 hrs,Conventional
587958-587949-59027787,Vegan (consuming no animal products),3.0,1.0,1.0,1.0,1.0,1.0,3.0,4.0,4.0,1.0,Healthy,1,No,0.0,0.0,0.0,0.0,0.0,0.0,Dog,5,"Female, spayed",Medium (11.4–22.3 kg or 25–49 lb),1 – 3 hrs,Vegan
587958-587949-59032742,Vegan (consuming no animal products),5.0,4.0,4.0,5.0,4.0,4.0,4.0,1.0,5.0,5.0,Healthy,1,No,0.0,0.0,0.0,0.0,0.0,0.0,Dog,7,"Female, spayed",Small (4.5–10.9 kg or 10–24 lb),30 – 60 mins,Vegan
587958-587949-59037822,Meat-based – conventional,5.0,5.0,3.0,2.0,2.0,2.0,5.0,1.0,5.0,1.0,Generally healthy with minor or infrequent problems,3,No,0.0,0.0,0.0,0.0,0.0,1.0,Dog,10,"Female, spayed",Medium (11.4–22.3 kg or 25–49 lb),30 – 60 mins,Conventional
587958-587949-59060662,Vegan (consuming no animal products),5.0,3.0,1.0,3.0,5.0,1.0,4.0,3.0,1.0,1.0,Healthy,1,No,0.0,0.0,0.0,0.0,0.0,0.0,Dog,6,"Female, spayed",Medium (11.4–22.3 kg or 25–49 lb),1 – 3 hrs,Vegan
587958-587949-59078066,Meat-based – conventional,5.0,5.0,3.0,5.0,3.0,3.0,5.0,1.0,5.0,,Generally healthy with minor or infrequent problems,>3,Yes,0.0,0.0,0.0,0.0,0.0,0.0,Dog,11,"Male, castrated",Medium (11.4–22.3 kg or 25–49 lb),30 – 60 mins,Conventional
587958-587949-59082676,Vegan (consuming no animal products),5.0,5.0,4.0,5.0,4.0,2.0,4.0,2.0,3.0,4.0,Healthy,0,No,0.0,0.0,0.0,0.0,0.0,0.0,Dog,5,"Female, spayed",Large (22.7–40.5 kg or 50–89 lb),1 – 3 hrs,Vegan
587958-587949-59108307,Vegan (consuming no animal products),4.0,3.0,1.0,1.0,1.0,1.0,3.0,5.0,5.0,1.0,Significant or frequent problems,>3,Yes,0.0,0.0,0.0,0.0,0.0,1.0,Dog,17,"Male, castrated",Medium (11.4–22.3 kg or 25–49 lb),1 – 3 hrs,Vegan
587958-587949-59118840,Vegan (consuming no animal products),3.0,4.0,4.0,4.0,1.0,1.0,4.0,5.0,4.0,4.0,Generally healthy with minor or infrequent problems,>3,Yes,0.0,0.0,0.0,0.0,0.0,0.0,Dog,8,"Female, spayed",Medium (11.4–22.3 kg or 25–49 lb),30 – 60 mins,Vegan
587958-587949-59119817,Meat-based – conventional,5.0,5.0,2.0,4.0,4.0,3.0,4.0,2.0,4.0,4.0,Healthy,2,Yes,0.0,0.0,0.0,0.0,0.0,0.0,Dog,12,"Female, spayed",Medium (11.4–22.3 kg or 25–49 lb),0 – 30 mins,Conventional
587958-587949-59120211,Meat-based – conventional,5.0,5.0,5.0,5.0,2.0,1.0,5.0,,3.0,1.0,Healthy,3,Yes,0.0,0.0,0.0,0.0,0.0,0.0,Dog,2,"Female, spayed",Small (4.5–10.9 kg or 10–24 lb),30 – 60 mins,Conventional
587958-587949-59120667,Meat-based – raw,5.0,5.0,1.0,4.0,3.0,1.0,1.0,5.0,5.0,5.0,Healthy,0,No,0.0,0.0,0.0,0.0,0.0,0.0,Dog,5,"Female, spayed",Small (4.5–10.9 kg or 10–24 lb),1 – 3 hrs,Raw
587958-587949-59121341,Meat-based – conventional,2.0,2.0,2.0,1.0,1.0,1.0,1.0,3.0,1.0,1.0,Healthy,0,No,0.0,0.0,0.0,0.0,0.0,0.0,Dog,5,"Female, sexually intact",Large (22.7–40.5 kg or 50–89 lb),30 – 60 mins,Conventional
587958-587949-59122819,Vegan (consuming no animal products),4.0,4.0,2.0,4.0,3.0,1.0,4.0,5.0,2.0,2.0,Healthy,1,No,0.0,0.0,0.0,0.0,0.0,0.0,Dog,7,"Female, spayed",Medium (11.4–22.3 kg or 25–49 lb),30 – 60 mins,Vegan
587958-587949-59126755,Meat-based – raw,5.0,5.0,1.0,5.0,5.0,1.0,5.0,4.0,5.0,2.0,Healthy,0,No,0.0,0.0,0.0,0.0,0.0,0.0,Dog,4,"Male, sexually intact",Medium (11.4–22.3 kg or 25–49 lb),1 – 3 hrs,Raw
587958-587949-59128951,Vegan (consuming no animal products),4.0,4.0,3.0,2.0,2.0,1.0,3.0,3.0,2.0,4.0,Healthy,1,No,0.0,0.0,0.0,0.0,0.0,0.0,Dog,5,"Female, spayed",Toy (≤ 4.1 kg or ≤ 9 lb),30 – 60 mins,Vegan
587958-587949-59130966,Meat-based – conventional,5.0,5.0,5.0,4.0,4.0,4.0,5.0,1.0,4.0,1.0,Healthy,2,Yes,0.0,0.0,0.0,0.0,1.0,0.0,Dog,3,"Male, castrated",Medium (11.4–22.3 kg or 25–49 lb),1 – 3 hrs,Conventional
587958-587949-59132638,Vegan (consuming no animal products),5.0,3.0,2.0,5.0,4.0,4.0,5.0,2.0,5.0,3.0,Generally healthy with minor or infrequent problems,>3,Yes,0.0,0.0,0.0,1.0,0.0,0.0,Dog,16,"Male, castrated",Medium (11.4–22.3 kg or 25–49 lb),1 – 3 hrs,Vegan
587958-587949-59133734,Meat-based – conventional,4.0,3.0,4.0,4.0,2.0,2.0,4.0,3.0,4.0,4.0,Generally healthy with minor or infrequent problems,1,Yes,0.0,0.0,0.0,0.0,0.0,0.0,Dog,4,"Female, spayed",Toy (≤ 4.1 kg or ≤ 9 lb),30 – 60 mins,Conventional
587958-587949-59134206,Meat-based – conventional,,4.0,2.0,4.0,3.0,2.0,1.0,5.0,4.0,3.0,Healthy,1,No,0.0,0.0,0.0,0.0,0.0,0.0,Dog,1,"Female, sexually intact",Toy (≤ 4.1 kg or ≤ 9 lb),1 – 3 hrs,Conventional
587958-587949-59141390,Meat-based – conventional,5.0,5.0,5.0,5.0,4.0,4.0,4.0,1.0,4.0,2.0,Healthy,1,No,0.0,0.0,0.0,0.0,0.0,0.0,Dog,12,"Male, castrated",Medium (11.4–22.3 kg or 25–49 lb),30 – 60 mins,Conventional
587958-587949-59149719,Meat-based – raw,5.0,5.0,5.0,5.0,5.0,3.0,5.0,2.0,4.0,3.0,Healthy,1,No,0.0,0.0,0.0,0.0,0.0,0.0,Dog,2,"Female, sexually intact",Medium (11.4–22.3 kg or 25–49 lb),> 3 hrs,Raw
587958-587949-59150785,Meat-based – raw,4.0,4.0,4.0,5.0,3.0,4.0,4.0,5.0,3.0,5.0,Significant or frequent problems,>3,Yes,0.0,0.0,0.0,0.0,0.0,0.0,Dog,5,"Male, castrated",Medium (11.4–22.3 kg or 25–49 lb),30 – 60 mins,Raw
587958-587949-59151325,Meat-based – conventional,5.0,5.0,5.0,5.0,3.0,2.0,5.0,3.0,4.0,3.0,Healthy,2,No,0.0,0.0,0.0,0.0,0.0,0.0,Dog,3,"Male, castrated",Small (4.5–10.9 kg or 10–24 lb),1 – 3 hrs,Conventional
587958-587949-59166749,Vegan (consuming no animal products),4.0,4.0,1.0,,1.0,1.0,4.0,2.0,4.0,3.0,Healthy,1,No,0.0,0.0,0.0,0.0,0.0,0.0,Dog,4,"Male, castrated",Medium (11.4–22.3 kg or 25–49 lb),30 – 60 mins,Vegan
587958-587949-59170240,Meat-based – conventional,5.0,5.0,2.0,2.0,3.0,2.0,4.0,4.0,4.0,2.0,Significant or frequent problems,2,No,0.0,0.0,1.0,0.0,0.0,1.0,Dog,14,"Female, spayed",Giant (> 40.9 kg or > 90 lb),0 – 30 mins,Conventional
587958-587949-59172032,Meat-based – conventional,5.0,3.0,1.0,2.0,3.0,3.0,5.0,2.0,4.0,2.0,Generally healthy with minor or infrequent problems,1,Yes,0.0,0.0,0.0,0.0,1.0,0.0,Dog,7,"Male, castrated",Large (22.7–40.5 kg or 50–89 lb),1 – 3 hrs,Conventional
587958-587949-59172308,Meat-based – conventional,5.0,5.0,2.0,4.0,2.0,1.0,4.0,2.0,4.0,4.0,Healthy,2,Yes,0.0,1.0,0.0,0.0,0.0,0.0,Dog,5,"Male, castrated",Medium (11.4–22.3 kg or 25–49 lb),30 – 60 mins,Conventional
587958-587949-59172484,Meat-based – raw,5.0,5.0,5.0,3.0,2.0,5.0,5.0,3.0,4.0,2.0,Healthy,0,No,0.0,0.0,0.0,0.0,0.0,0.0,Dog,2,"Female, spayed",Small (4.5–10.9 kg or 10–24 lb),0 – 30 mins,Raw
587958-587949-59173128,Meat-based – conventional,5.0,5.0,2.0,4.0,4.0,2.0,5.0,2.0,2.0,2.0,Healthy,2,No,0.0,0.0,0.0,0.0,0.0,0.0,Dog,6,"Male, castrated",Large (22.7–40.5 kg or 50–89 lb),1 – 3 hrs,Conventional
587958-587949-59172549,Meat-based – conventional,4.0,4.0,2.0,3.0,3.0,2.0,4.0,2.0,2.0,2.0,Generally healthy with minor or infrequent problems,>3,Yes,0.0,0.0,0.0,0.0,0.0,0.0,Dog,3,"Male, castrated",Large (22.7–40.5 kg or 50–89 lb),1 – 3 hrs,Conventional
587958-587949-59172637,Vegan (consuming no animal products),5.0,5.0,5.0,5.0,5.0,3.0,4.0,2.0,5.0,4.0,Healthy,0,Yes,0.0,0.0,0.0,0.0,0.0,0.0,Dog,7,"Male, castrated",Small (4.5–10.9 kg or 10–24 lb),30 – 60 mins,Vegan
587958-587949-59174729,Vegan (consuming no animal products),5.0,5.0,5.0,2.0,3.0,5.0,5.0,2.0,5.0,2.0,Healthy,2,Yes,0.0,1.0,0.0,0.0,0.0,0.0,Dog,6,"Male, castrated",Medium (11.4–22.3 kg or 25–49 lb),30 – 60 mins,Vegan
587958-587949-59174123,Meat-based – conventional,4.0,2.0,1.0,4.0,1.0,1.0,4.0,5.0,1.0,1.0,Healthy,1,Yes,0.0,0.0,0.0,0.0,0.0,0.0,Dog,1,"Female, sexually intact",Medium (11.4–22.3 kg or 25–49 lb),30 – 60 mins,Conventional
587958-587949-59174233,Meat-based – conventional,4.0,5.0,2.0,4.0,3.0,4.0,4.0,2.0,3.0,3.0,Significant or frequent problems,>3,Yes,0.0,0.0,0.0,0.0,0.0,0.0,Dog,8,"Female, spayed",Medium (11.4–22.3 kg or 25–49 lb),30 – 60 mins,Conventional
587958-587949-59175270,Meat-based – raw,4.0,4.0,1.0,2.0,2.0,2.0,4.0,4.0,4.0,2.0,Healthy,1,No,0.0,0.0,0.0,0.0,0.0,0.0,Dog,8,"Female, spayed",Small (4.5–10.9 kg or 10–24 lb),30 – 60 mins,Raw
587958-587949-59175189,Meat-based – raw,5.0,5.0,2.0,4.0,4.0,1.0,4.0,2.0,3.0,1.0,Generally healthy with minor or infrequent problems,1,Yes,0.0,0.0,0.0,0.0,1.0,0.0,Dog,9,"Male, castrated",Large (22.7–40.5 kg or 50–89 lb),1 – 3 hrs,Raw
587958-587949-59175521,Meat-based – raw,5.0,5.0,5.0,3.0,5.0,5.0,4.0,1.0,5.0,3.0,Healthy,1,No,0.0,0.0,0.0,0.0,0.0,0.0,Dog,5,"Male, castrated",Large (22.7–40.5 kg or 50–89 lb),30 – 60 mins,Raw
587958-587949-59175446,Meat-based – conventional,4.0,4.0,2.0,4.0,2.0,2.0,4.0,5.0,4.0,1.0,Healthy,1,No,0.0,0.0,0.0,0.0,0.0,0.0,Dog,7,"Female, spayed",Small (4.5–10.9 kg or 10–24 lb),30 – 60 mins,Conventional
587958-587949-59175571,Meat-based – raw,5.0,5.0,4.0,4.0,5.0,2.0,4.0,1.0,5.0,3.0,Healthy,3,No,0.0,0.0,0.0,0.0,0.0,0.0,Dog,10,"Female, spayed",Large (22.7–40.5 kg or 50–89 lb),1 – 3 hrs,Raw
587958-587949-59175076,Vegan (consuming no animal products),3.0,5.0,3.0,4.0,2.0,1.0,3.0,3.0,3.0,2.0,Generally healthy with minor or infrequent problems,>3,Yes,0.0,0.0,0.0,0.0,0.0,0.0,Dog,6,"Female, spayed",Medium (11.4–22.3 kg or 25–49 lb),1 – 3 hrs,Vegan
587958-587949-59174261,Meat-based – raw,4.0,4.0,5.0,5.0,4.0,5.0,3.0,3.0,5.0,4.0,Healthy,0,No,0.0,0.0,0.0,0.0,0.0,0.0,Dog,11,"Female, spayed",Medium (11.4–22.3 kg or 25–49 lb),30 – 60 mins,Raw
587958-587949-59176229,Meat-based – conventional,5.0,5.0,5.0,3.0,3.0,4.0,4.0,2.0,4.0,1.0,Generally healthy with minor or infrequent problems,>3,Yes,0.0,0.0,0.0,0.0,0.0,0.0,Dog,5,"Male, sexually intact",Small (4.5–10.9 kg or 10–24 lb),1 – 3 hrs,Conventional
587958-587949-59177088,Meat-based – conventional,2.0,2.0,2.0,4.0,3.0,2.0,4.0,4.0,2.0,2.0,Healthy,1,No,0.0,0.0,0.0,0.0,0.0,0.0,Dog,4,"Female, spayed",Medium (11.4–22.3 kg or 25–49 lb),30 – 60 mins,Conventional
587958-587949-59176946,Meat-based – raw,3.0,4.0,2.0,4.0,2.0,1.0,3.0,3.0,5.0,,Healthy,0,No,0.0,0.0,0.0,0.0,0.0,0.0,Dog,4,"Female, spayed",Medium (11.4–22.3 kg or 25–49 lb),1 – 3 hrs,Raw
587958-587949-59177442,Meat-based – conventional,5.0,5.0,5.0,5.0,5.0,5.0,5.0,1.0,5.0,1.0,Healthy,1,Yes,0.0,0.0,0.0,0.0,0.0,0.0,Dog,6,"Male, castrated",Large (22.7–40.5 kg or 50–89 lb),30 – 60 mins,Conventional
587958-587949-59177624,Meat-based – conventional,5.0,5.0,1.0,2.0,4.0,2.0,5.0,2.0,5.0,5.0,Healthy,1,No,0.0,0.0,0.0,0.0,0.0,0.0,Dog,4,"Female, spayed",Large (22.7–40.5 kg or 50–89 lb),30 – 60 mins,Conventional
587958-587949-59177646,Meat-based – raw,3.0,3.0,3.0,3.0,3.0,3.0,3.0,5.0,4.0,2.0,Generally healthy with minor or infrequent problems,1,Yes,0.0,0.0,0.0,0.0,0.0,0.0,Dog,7,"Female, spayed",Giant (> 40.9 kg or > 90 lb),1 – 3 hrs,Raw
587958-587949-59178376,Vegan (consuming no animal products),3.0,4.0,4.0,4.0,1.0,1.0,3.0,4.0,2.0,4.0,Generally healthy with minor or infrequent problems,3,Yes,0.0,0.0,0.0,0.0,0.0,0.0,Dog,3,"Male, castrated",Small (4.5–10.9 kg or 10–24 lb),30 – 60 mins,Vegan
587958-587949-59179998,Meat-based – conventional,5.0,5.0,2.0,5.0,5.0,2.0,2.0,5.0,5.0,1.0,Generally healthy with minor or infrequent problems,2,Yes,0.0,0.0,0.0,0.0,0.0,0.0,Dog,13,"Male, castrated",Large (22.7–40.5 kg or 50–89 lb),1 – 3 hrs,Conventional
587958-587949-59178507,Meat-based – conventional,5.0,5.0,1.0,1.0,1.0,1.0,5.0,1.0,5.0,1.0,Generally healthy with minor or infrequent problems,>3,Yes,0.0,0.0,0.0,0.0,0.0,0.0,Dog,12,"Male, castrated",Large (22.7–40.5 kg or 50–89 lb),30 – 60 mins,Conventional
587958-587949-59175223,Vegan (consuming no animal products),4.0,5.0,4.0,4.0,2.0,4.0,1.0,4.0,4.0,1.0,Generally healthy with minor or infrequent problems,2,Yes,0.0,0.0,0.0,0.0,0.0,0.0,Dog,11,"Male, castrated",Large (22.7–40.5 kg or 50–89 lb),30 – 60 mins,Vegan
587958-587949-59180220,Vegan (consuming no animal products),5.0,5.0,4.0,2.0,4.0,3.0,4.0,2.0,3.0,2.0,Healthy,1,No,0.0,0.0,0.0,1.0,0.0,0.0,Dog,7,"Female, spayed",Large (22.7–40.5 kg or 50–89 lb),1 – 3 hrs,Vegan
587958-587949-59180358,Vegan (consuming no animal products),5.0,4.0,4.0,4.0,4.0,2.0,5.0,2.0,3.0,4.0,Healthy,3,Yes,0.0,0.0,0.0,0.0,0.0,0.0,Dog,2,"Male, castrated",Large (22.7–40.5 kg or 50–89 lb),1 – 3 hrs,Vegan
587958-587949-59180437,Meat-based – raw,3.0,4.0,2.0,3.0,2.0,2.0,3.0,4.0,2.0,2.0,Healthy,0,No,0.0,0.0,0.0,0.0,0.0,0.0,Dog,6,"Female, spayed",Small (4.5–10.9 kg or 10–24 lb),0 – 30 mins,Raw
587958-587949-59175892,Vegan (consuming no animal products),5.0,5.0,5.0,5.0,5.0,1.0,4.0,2.0,3.0,3.0,Healthy,2,No,0.0,0.0,0.0,0.0,0.0,0.0,Dog,6,"Male, castrated",Large (22.7–40.5 kg or 50–89 lb),30 – 60 mins,Vegan
587958-587949-59180584,Meat-based – raw,1.0,5.0,1.0,4.0,4.0,1.0,5.0,4.0,4.0,4.0,Generally healthy with minor or infrequent problems,>3,Yes,0.0,0.0,0.0,0.0,0.0,0.0,Dog,5,"Female, spayed",Medium (11.4–22.3 kg or 25–49 lb),1 – 3 hrs,Raw
587958-587949-59181211,Meat-based – conventional,4.0,4.0,1.0,4.0,4.0,1.0,4.0,1.0,1.0,1.0,Generally healthy with minor or infrequent problems,2,Yes,0.0,0.0,0.0,0.0,0.0,0.0,Dog,11,"Male, castrated",Medium (11.4–22.3 kg or 25–49 lb),1 – 3 hrs,Conventional
587958-587949-59182367,Meat-based – conventional,5.0,5.0,5.0,5.0,5.0,4.0,4.0,2.0,5.0,2.0,Healthy,1,No,0.0,0.0,0.0,0.0,0.0,0.0,Dog,5,"Female, spayed",Medium (11.4–22.3 kg or 25–49 lb),1 – 3 hrs,Conventional
587958-587949-59181734,Vegan (consuming no animal products),4.0,4.0,5.0,5.0,,1.0,3.0,4.0,4.0,4.0,Healthy,2,Yes,0.0,0.0,0.0,0.0,0.0,0.0,Dog,5,"Female, sexually intact",Small (4.5–10.9 kg or 10–24 lb),1 – 3 hrs,Vegan
587958-587949-59181845,Meat-based – raw,5.0,5.0,5.0,5.0,2.0,5.0,5.0,2.0,5.0,,Healthy,0,No,0.0,0.0,0.0,0.0,0.0,0.0,Dog,4,"Female, spayed",Medium (11.4–22.3 kg or 25–49 lb),30 – 60 mins,Raw
587958-587949-59180807,Meat-based – conventional,4.0,5.0,4.0,2.0,,2.0,5.0,2.0,2.0,2.0,Healthy,1,No,0.0,0.0,0.0,0.0,0.0,0.0,Dog,3,"Male, castrated",Large (22.7–40.5 kg or 50–89 lb),1 – 3 hrs,Conventional
587958-587949-59183096,Meat-based – conventional,4.0,4.0,4.0,2.0,2.0,2.0,3.0,3.0,3.0,3.0,Healthy,0,No,0.0,0.0,0.0,0.0,0.0,0.0,Dog,4,"Male, sexually intact",Small (4.5–10.9 kg or 10–24 lb),1 – 3 hrs,Conventional
587958-587949-59182609,Meat-based – conventional,5.0,5.0,1.0,,2.0,,4.0,4.0,2.0,,Healthy,1,No,0.0,0.0,0.0,0.0,0.0,0.0,Dog,5,"Female, spayed",Small (4.5–10.9 kg or 10–24 lb),30 – 60 mins,Conventional
587958-587949-59184118,Meat-based – conventional,5.0,5.0,3.0,3.0,5.0,3.0,5.0,1.0,5.0,1.0,Healthy,1,No,0.0,0.0,0.0,0.0,0.0,0.0,Dog,6,"Male, castrated",Large (22.7–40.5 kg or 50–89 lb),1 – 3 hrs,Conventional
587958-587949-59184646,Meat-based – conventional,5.0,5.0,3.0,2.0,3.0,2.0,4.0,1.0,3.0,2.0,Healthy,1,Yes,0.0,0.0,0.0,1.0,0.0,0.0,Dog,1,"Male, sexually intact",Giant (> 40.9 kg or > 90 lb),30 – 60 mins,Conventional
587958-587949-59185955,Meat-based – conventional,5.0,3.0,3.0,3.0,3.0,3.0,3.0,3.0,3.0,1.0,Healthy,1,No,0.0,0.0,0.0,0.0,0.0,0.0,Dog,4,"Female, spayed",Medium (11.4–22.3 kg or 25–49 lb),1 – 3 hrs,Conventional
587958-587949-59185769,Meat-based – conventional,3.0,3.0,,4.0,3.0,3.0,2.0,5.0,3.0,1.0,Generally healthy with minor or infrequent problems,2,Yes,0.0,0.0,0.0,0.0,0.0,0.0,Dog,11,"Male, castrated",Small (4.5–10.9 kg or 10–24 lb),0 – 30 mins,Conventional
587958-587949-59187340,Meat-based – conventional,5.0,5.0,4.0,4.0,4.0,5.0,5.0,1.0,1.0,1.0,Significant or frequent problems,>3,Yes,0.0,0.0,0.0,0.0,0.0,0.0,Dog,13,"Male, castrated",Medium (11.4–22.3 kg or 25–49 lb),1 – 3 hrs,Conventional
587958-587949-59187750,Meat-based – conventional,4.0,4.0,2.0,2.0,1.0,1.0,3.0,4.0,2.0,2.0,Healthy,1,No,0.0,0.0,0.0,0.0,0.0,0.0,Dog,2,"Female, spayed",Medium (11.4–22.3 kg or 25–49 lb),1 – 3 hrs,Conventional
587958-587949-59188579,Meat-based – raw,4.0,2.0,1.0,3.0,1.0,1.0,4.0,5.0,2.0,1.0,Healthy,2,No,0.0,0.0,0.0,0.0,0.0,0.0,Dog,5,"Male, castrated",Medium (11.4–22.3 kg or 25–49 lb),1 – 3 hrs,Raw
587958-587949-59188364,Meat-based – raw,5.0,3.0,2.0,3.0,3.0,2.0,4.0,3.0,2.0,2.0,Healthy,1,No,0.0,0.0,0.0,0.0,0.0,0.0,Dog,7,"Female, spayed",Small (4.5–10.9 kg or 10–24 lb),1 – 3 hrs,Raw
587958-587949-59192502,Meat-based – conventional,5.0,5.0,5.0,5.0,5.0,1.0,4.0,3.0,4.0,1.0,Healthy,1,Yes,0.0,0.0,0.0,0.0,0.0,0.0,Dog,5,"Male, castrated",Large (22.7–40.5 kg or 50–89 lb),30 – 60 mins,Conventional
587958-587949-59189622,Meat-based – conventional,5.0,5.0,1.0,1.0,1.0,1.0,5.0,1.0,5.0,1.0,Healthy,1,No,0.0,0.0,0.0,0.0,0.0,0.0,Dog,10,"Female, spayed",Medium (11.4–22.3 kg or 25–49 lb),0 – 30 mins,Conventional
587958-587949-59195387,Meat-based – conventional,4.0,3.0,2.0,3.0,3.0,3.0,4.0,2.0,5.0,1.0,Generally healthy with minor or infrequent problems,1,No,0.0,0.0,0.0,0.0,0.0,0.0,Dog,10,"Male, sexually intact",Medium (11.4–22.3 kg or 25–49 lb),1 – 3 hrs,Conventional
587958-587949-59196015,Meat-based – raw,5.0,5.0,5.0,5.0,3.0,5.0,5.0,1.0,3.0,3.0,Healthy,1,No,0.0,0.0,0.0,0.0,0.0,0.0,Dog,4,"Female, sexually intact",Small (4.5–10.9 kg or 10–24 lb),1 – 3 hrs,Raw
587958-587949-59196605,Meat-based – conventional,5.0,3.0,5.0,3.0,3.0,5.0,5.0,2.0,5.0,5.0,Healthy,2,Yes,0.0,0.0,0.0,0.0,0.0,0.0,Dog,7,"Female, spayed",Toy (≤ 4.1 kg or ≤ 9 lb),1 – 3 hrs,Conventional
587958-587949-59185650,Meat-based – raw,4.0,4.0,3.0,2.0,1.0,2.0,4.0,4.0,4.0,3.0,Generally healthy with minor or infrequent problems,3,No,0.0,0.0,0.0,0.0,0.0,0.0,Dog,16,"Female, spayed",Small (4.5–10.9 kg or 10–24 lb),0 – 30 mins,Raw
587958-587949-59199909,Vegan (consuming no animal products),5.0,5.0,1.0,5.0,4.0,5.0,5.0,2.0,5.0,3.0,Healthy,2,Yes,0.0,0.0,1.0,0.0,0.0,0.0,Dog,10,"Female, spayed",Toy (≤ 4.1 kg or ≤ 9 lb),1 – 3 hrs,Vegan
587958-587949-59201595,Meat-based – conventional,1.0,3.0,1.0,1.0,2.0,1.0,1.0,5.0,2.0,1.0,Healthy,1,No,0.0,0.0,0.0,0.0,0.0,0.0,Dog,9,"Male, sexually intact",Medium (11.4–22.3 kg or 25–49 lb),30 – 60 mins,Conventional
587958-587949-59203121,Meat-based – raw,4.0,2.0,2.0,4.0,2.0,3.0,3.0,1.0,2.0,1.0,Generally healthy with minor or infrequent problems,1,Yes,0.0,0.0,0.0,0.0,0.0,1.0,Dog,4,"Female, spayed",Large (22.7–40.5 kg or 50–89 lb),1 – 3 hrs,Raw
587958-587949-59204003,Meat-based – raw,5.0,5.0,2.0,4.0,5.0,2.0,5.0,3.0,5.0,5.0,Generally healthy with minor or infrequent problems,2,Yes,0.0,0.0,0.0,0.0,0.0,0.0,Dog,14,"Female, spayed",Large (22.7–40.5 kg or 50–89 lb),1 – 3 hrs,Raw
587958-587949-59206491,Vegan (consuming no animal products),4.0,5.0,5.0,5.0,4.0,2.0,2.0,4.0,2.0,1.0,Healthy,1,Yes,0.0,0.0,0.0,0.0,0.0,0.0,Dog,9,"Female, spayed",Medium (11.4–22.3 kg or 25–49 lb),1 – 3 hrs,Vegan
587958-587949-59209827,Meat-based – conventional,5.0,5.0,2.0,2.0,2.0,1.0,5.0,2.0,4.0,2.0,Generally healthy with minor or infrequent problems,>3,Yes,0.0,0.0,0.0,0.0,0.0,0.0,Dog,7,"Male, castrated",Large (22.7–40.5 kg or 50–89 lb),1 – 3 hrs,Conventional
587958-587949-59211760,Meat-based – conventional,2.0,2.0,2.0,2.0,2.0,2.0,4.0,4.0,1.0,1.0,Healthy,1,No,0.0,0.0,0.0,0.0,0.0,0.0,Dog,8,"Male, castrated",Large (22.7–40.5 kg or 50–89 lb),1 – 3 hrs,Conventional
587958-587949-59218155,Vegan (consuming no animal products),5.0,5.0,5.0,5.0,3.0,2.0,5.0,2.0,5.0,2.0,Healthy,1,No,0.0,0.0,0.0,0.0,0.0,0.0,Dog,10,"Female, spayed",Medium (11.4–22.3 kg or 25–49 lb),> 3 hrs,Vegan
587958-587949-59219619,Meat-based – raw,5.0,5.0,3.0,3.0,3.0,3.0,5.0,2.0,2.0,1.0,Healthy,2,No,0.0,0.0,0.0,0.0,0.0,0.0,Dog,6,"Male, castrated",Giant (> 40.9 kg or > 90 lb),1 – 3 hrs,Raw
587958-587949-59220176,Meat-based – conventional,5.0,4.0,2.0,4.0,3.0,2.0,4.0,3.0,4.0,2.0,Healthy,1,No,0.0,0.0,0.0,0.0,0.0,0.0,Dog,1,"Male, castrated",Large (22.7–40.5 kg or 50–89 lb),1 – 3 hrs,Conventional
587958-587949-59222630,Vegan (consuming no animal products),5.0,5.0,3.0,4.0,3.0,2.0,5.0,3.0,4.0,1.0,Healthy,1,Yes,0.0,0.0,0.0,0.0,0.0,0.0,Dog,8,"Male, castrated",Large (22.7–40.5 kg or 50–89 lb),1 – 3 hrs,Vegan
587958-587949-59224061,Meat-based – raw,5.0,4.0,1.0,2.0,3.0,1.0,3.0,,4.0,1.0,Healthy,0,No,0.0,0.0,0.0,0.0,0.0,0.0,Dog,2,"Male, sexually intact",Giant (> 40.9 kg or > 90 lb),1 – 3 hrs,Raw
587958-587949-59227135,Vegan (consuming no animal products),4.0,4.0,4.0,4.0,,3.0,4.0,3.0,5.0,3.0,Healthy,1,No,0.0,0.0,0.0,0.0,0.0,0.0,Dog,4,"Male, castrated",Large (22.7–40.5 kg or 50–89 lb),> 3 hrs,Vegan
587958-587949-59236762,Meat-based – conventional,4.0,4.0,4.0,4.0,3.0,3.0,4.0,4.0,4.0,4.0,Healthy,1,No,0.0,0.0,0.0,0.0,0.0,0.0,Dog,4,"Female, sexually intact",Medium (11.4–22.3 kg or 25–49 lb),30 – 60 mins,Conventional
587958-587949-59240129,Meat-based – conventional,4.0,4.0,3.0,2.0,2.0,1.0,4.0,4.0,4.0,1.0,Healthy,1,No,0.0,0.0,0.0,0.0,0.0,0.0,Dog,13,"Female, spayed",Small (4.5–10.9 kg or 10–24 lb),1 – 3 hrs,Conventional
587958-587949-59243474,Meat-based – raw,3.0,3.0,3.0,1.0,1.0,4.0,3.0,4.0,4.0,1.0,Healthy,1,No,0.0,0.0,0.0,1.0,0.0,0.0,Dog,15,"Male, castrated",Small (4.5–10.9 kg or 10–24 lb),30 – 60 mins,Raw
587958-587949-59249372,Meat-based – conventional,2.0,4.0,2.0,3.0,2.0,2.0,2.0,3.0,3.0,1.0,Healthy,1,No,0.0,0.0,0.0,0.0,0.0,0.0,Dog,1,"Female, sexually intact",Large (22.7–40.5 kg or 50–89 lb),1 – 3 hrs,Conventional
587958-587949-59249369,Vegan (consuming no animal products),5.0,3.0,4.0,4.0,4.0,1.0,4.0,2.0,4.0,2.0,Healthy,1,No,0.0,0.0,0.0,0.0,0.0,0.0,Dog,6,"Female, spayed",Medium (11.4–22.3 kg or 25–49 lb),30 – 60 mins,Vegan
587958-587949-59249370,Meat-based – conventional,5.0,4.0,2.0,3.0,2.0,4.0,4.0,3.0,4.0,2.0,Generally healthy with minor or infrequent problems,3,Yes,0.0,0.0,0.0,0.0,0.0,0.0,Dog,11,"Female, spayed",Small (4.5–10.9 kg or 10–24 lb),0 – 30 mins,Conventional
587958-587949-59251870,Meat-based – conventional,5.0,5.0,1.0,5.0,5.0,1.0,5.0,1.0,5.0,1.0,Healthy,>3,No,0.0,0.0,0.0,0.0,0.0,0.0,Dog,2,"Female, spayed",Medium (11.4–22.3 kg or 25–49 lb),1 – 3 hrs,Conventional
587958-587949-59252904,Meat-based – conventional,5.0,5.0,5.0,5.0,5.0,5.0,5.0,2.0,5.0,1.0,Generally healthy with minor or infrequent problems,1,No,0.0,0.0,0.0,0.0,0.0,0.0,Dog,3,"Male, castrated",Medium (11.4–22.3 kg or 25–49 lb),1 – 3 hrs,Conventional
587958-587949-59253883,Meat-based – conventional,5.0,5.0,5.0,3.0,3.0,3.0,5.0,2.0,3.0,3.0,Healthy,2,No,0.0,0.0,0.0,0.0,0.0,0.0,Dog,7,"Male, castrated",Giant (> 40.9 kg or > 90 lb),1 – 3 hrs,Conventional
587958-587949-59254381,Vegan (consuming no animal products),4.0,2.0,1.0,4.0,3.0,1.0,4.0,3.0,3.0,2.0,Healthy,2,No,0.0,0.0,0.0,0.0,0.0,0.0,Dog,3,"Male, castrated",Medium (11.4–22.3 kg or 25–49 lb),1 – 3 hrs,Vegan
587958-587949-59259814,Meat-based – raw,3.0,4.0,2.0,3.0,2.0,2.0,3.0,4.0,3.0,1.0,Generally healthy with minor or infrequent problems,3,Yes,0.0,0.0,0.0,0.0,0.0,0.0,Dog,9,"Male, castrated",Medium (11.4–22.3 kg or 25–49 lb),1 – 3 hrs,Raw
587958-587949-59265261,Meat-based – conventional,5.0,5.0,5.0,5.0,5.0,5.0,5.0,2.0,5.0,4.0,Healthy,0,No,0.0,0.0,0.0,0.0,0.0,0.0,Dog,1,"Male, sexually intact",Medium (11.4–22.3 kg or 25–49 lb),1 – 3 hrs,Conventional
587958-587949-59266333,Meat-based – conventional,1.0,3.0,1.0,4.0,1.0,1.0,2.0,4.0,3.0,2.0,Generally healthy with minor or infrequent problems,2,No,0.0,0.0,0.0,0.0,0.0,0.0,Dog,2,"Male, castrated",Large (22.7–40.5 kg or 50–89 lb),1 – 3 hrs,Conventional
587958-587949-59266202,Vegan (consuming no animal products),3.0,2.0,1.0,2.0,1.0,1.0,4.0,5.0,4.0,3.0,Healthy,1,No,0.0,0.0,0.0,0.0,0.0,0.0,Dog,7,"Female, sexually intact",Medium (11.4–22.3 kg or 25–49 lb),1 – 3 hrs,Vegan
587958-587949-59269827,Meat-based – raw,5.0,5.0,3.0,3.0,3.0,3.0,5.0,2.0,5.0,2.0,Healthy,1,No,0.0,0.0,0.0,0.0,0.0,0.0,Dog,2,"Male, castrated",Large (22.7–40.5 kg or 50–89 lb),1 – 3 hrs,Raw
587958-587949-59273698,Meat-based – conventional,4.0,4.0,5.0,5.0,3.0,5.0,4.0,3.0,4.0,1.0,Healthy,0,No,0.0,0.0,0.0,0.0,0.0,0.0,Dog,4,"Female, spayed",Small (4.5–10.9 kg or 10–24 lb),1 – 3 hrs,Conventional
587958-587949-59272389,Meat-based – raw,4.0,4.0,2.0,3.0,4.0,1.0,1.0,4.0,2.0,1.0,Generally healthy with minor or infrequent problems,>3,Yes,0.0,0.0,0.0,0.0,0.0,0.0,Dog,12,"Female, spayed",Medium (11.4–22.3 kg or 25–49 lb),1 – 3 hrs,Raw
587958-587949-59274405,Meat-based – raw,5.0,5.0,5.0,5.0,5.0,4.0,5.0,4.0,5.0,1.0,Generally healthy with minor or infrequent problems,2,Yes,0.0,0.0,0.0,0.0,0.0,0.0,Dog,7,"Female, spayed",Medium (11.4–22.3 kg or 25–49 lb),1 – 3 hrs,Raw
587958-587949-59274812,Meat-based – raw,5.0,4.0,2.0,3.0,4.0,1.0,5.0,4.0,4.0,4.0,Healthy,1,No,0.0,0.0,0.0,0.0,0.0,0.0,Dog,6,"Male, sexually intact",Medium (11.4–22.3 kg or 25–49 lb),1 – 3 hrs,Raw
587958-587949-59276939,Meat-based – conventional,5.0,5.0,5.0,1.0,1.0,4.0,5.0,1.0,4.0,1.0,Healthy,1,No,0.0,0.0,0.0,0.0,0.0,0.0,Dog,4,"Female, spayed",Small (4.5–10.9 kg or 10–24 lb),1 – 3 hrs,Conventional
587958-587949-59277799,Meat-based – conventional,4.0,4.0,1.0,,1.0,2.0,3.0,3.0,3.0,2.0,Healthy,1,No,0.0,0.0,0.0,0.0,0.0,0.0,Dog,5,"Male, castrated",Large (22.7–40.5 kg or 50–89 lb),1 – 3 hrs,Conventional
587958-587949-59281429,Meat-based – conventional,2.0,4.0,1.0,1.0,1.0,1.0,3.0,4.0,3.0,1.0,Healthy,3,Yes,0.0,0.0,1.0,0.0,0.0,0.0,Dog,3,"Male, castrated",Medium (11.4–22.3 kg or 25–49 lb),1 – 3 hrs,Conventional
587958-587949-59291277,Meat-based – conventional,5.0,5.0,3.0,5.0,5.0,3.0,5.0,2.0,1.0,1.0,Healthy,1,No,0.0,0.0,0.0,0.0,0.0,0.0,Dog,7,"Male, castrated",Large (22.7–40.5 kg or 50–89 lb),1 – 3 hrs,Conventional
587958-587949-59293507,Meat-based – conventional,5.0,5.0,2.0,4.0,4.0,5.0,5.0,2.0,5.0,5.0,Healthy,3,Yes,0.0,0.0,0.0,0.0,0.0,0.0,Dog,8,"Male, castrated",Medium (11.4–22.3 kg or 25–49 lb),1 – 3 hrs,Conventional
587958-587949-59327173,Meat-based – raw,2.0,5.0,1.0,4.0,4.0,1.0,3.0,2.0,2.0,2.0,Generally healthy with minor or infrequent problems,0,Yes,0.0,0.0,0.0,0.0,0.0,0.0,Dog,9,"Female, spayed",Large (22.7–40.5 kg or 50–89 lb),1 – 3 hrs,Raw
587958-587949-59328187,Meat-based – conventional,5.0,5.0,2.0,5.0,5.0,1.0,4.0,4.0,5.0,1.0,Healthy,1,No,0.0,0.0,0.0,0.0,0.0,0.0,Dog,2,"Male, castrated",Medium (11.4–22.3 kg or 25–49 lb),30 – 60 mins,Conventional
587958-587949-59328754,Meat-based – conventional,5.0,4.0,4.0,1.0,1.0,1.0,5.0,1.0,2.0,2.0,Generally healthy with minor or infrequent problems,2,Yes,0.0,0.0,0.0,0.0,1.0,0.0,Dog,11,"Male, castrated",Small (4.5–10.9 kg or 10–24 lb),30 – 60 mins,Conventional
587958-587949-59332319,Meat-based – raw,5.0,5.0,5.0,5.0,5.0,5.0,4.0,3.0,4.0,1.0,Healthy,1,No,0.0,0.0,0.0,0.0,0.0,0.0,Dog,9,"Female, spayed",Small (4.5–10.9 kg or 10–24 lb),30 – 60 mins,Raw
587958-587949-59330992,Meat-based – conventional,3.0,2.0,2.0,2.0,2.0,2.0,4.0,4.0,2.0,1.0,Generally healthy with minor or infrequent problems,>3,Yes,0.0,0.0,0.0,1.0,0.0,0.0,Dog,7,"Female, spayed",Large (22.7–40.5 kg or 50–89 lb),1 – 3 hrs,Conventional
587958-587949-59335058,Meat-based – conventional,5.0,4.0,4.0,4.0,3.0,3.0,4.0,3.0,4.0,3.0,Healthy,0,No,0.0,0.0,0.0,0.0,0.0,0.0,Dog,9,"Female, spayed",Medium (11.4–22.3 kg or 25–49 lb),1 – 3 hrs,Conventional
587958-587949-59335274,Meat-based – raw,5.0,5.0,5.0,5.0,5.0,3.0,3.0,4.0,4.0,1.0,Healthy,1,No,0.0,0.0,0.0,0.0,0.0,0.0,Dog,8,"Male, castrated",Large (22.7–40.5 kg or 50–89 lb),1 – 3 hrs,Raw
587958-587949-59335481,Meat-based – raw,5.0,5.0,1.0,2.0,1.0,1.0,4.0,3.0,1.0,1.0,Healthy,0,No,0.0,0.0,0.0,0.0,0.0,0.0,Dog,2,"Male, sexually intact",Medium (11.4–22.3 kg or 25–49 lb),> 3 hrs,Raw
587958-587949-59335557,Meat-based – raw,5.0,5.0,4.0,5.0,4.0,3.0,4.0,3.0,,2.0,Healthy,0,No,0.0,0.0,0.0,0.0,0.0,0.0,Dog,11,"Male, castrated",Large (22.7–40.5 kg or 50–89 lb),30 – 60 mins,Raw
587958-587949-59335717,Meat-based – raw,5.0,3.0,2.0,2.0,2.0,2.0,5.0,2.0,4.0,2.0,Healthy,1,No,0.0,0.0,0.0,0.0,0.0,0.0,Dog,8,"Female, spayed",Large (22.7–40.5 kg or 50–89 lb),1 – 3 hrs,Raw
587958-587949-59335683,Vegan (consuming no animal products),5.0,5.0,2.0,5.0,5.0,2.0,5.0,,5.0,,Healthy,2,Yes,0.0,0.0,0.0,0.0,0.0,0.0,Dog,6,"Male, castrated",Large (22.7–40.5 kg or 50–89 lb),> 3 hrs,Vegan
587958-587949-59337146,Meat-based – raw,5.0,5.0,5.0,1.0,1.0,5.0,5.0,1.0,1.0,1.0,Significant or frequent problems,2,No,0.0,0.0,0.0,0.0,0.0,0.0,Dog,9,"Male, castrated",Large (22.7–40.5 kg or 50–89 lb),1 – 3 hrs,Raw
587958-587949-59340152,Meat-based – conventional,5.0,5.0,5.0,4.0,3.0,4.0,4.0,2.0,4.0,1.0,Generally healthy with minor or infrequent problems,2,Yes,0.0,0.0,0.0,0.0,0.0,0.0,Dog,3,"Male, castrated",Large (22.7–40.5 kg or 50–89 lb),1 – 3 hrs,Conventional
587958-587949-59342686,Meat-based – raw,3.0,4.0,3.0,3.0,3.0,3.0,3.0,4.0,5.0,3.0,Healthy,1,No,0.0,0.0,0.0,0.0,0.0,0.0,Dog,14,"Female, spayed",Small (4.5–10.9 kg or 10–24 lb),1 – 3 hrs,Raw
587958-587949-59343107,Meat-based – conventional,5.0,1.0,1.0,1.0,1.0,1.0,4.0,,2.0,1.0,Generally healthy with minor or infrequent problems,0,No,0.0,0.0,0.0,0.0,0.0,0.0,Dog,17,"Female, spayed",Small (4.5–10.9 kg or 10–24 lb),1 – 3 hrs,Conventional
587958-587949-59346472,Meat-based – conventional,5.0,5.0,5.0,4.0,4.0,5.0,4.0,3.0,2.0,1.0,Healthy,1,Yes,0.0,0.0,0.0,0.0,0.0,0.0,Dog,6,"Female, spayed",Large (22.7–40.5 kg or 50–89 lb),1 – 3 hrs,Conventional
587958-587949-59351913,Meat-based – conventional,2.0,3.0,2.0,4.0,3.0,4.0,3.0,4.0,2.0,5.0,Generally healthy with minor or infrequent problems,2,No,0.0,0.0,0.0,0.0,0.0,0.0,Dog,7,"Female, spayed",Toy (≤ 4.1 kg or ≤ 9 lb),30 – 60 mins,Conventional
587958-587949-59354000,Meat-based – conventional,1.0,4.0,1.0,1.0,3.0,1.0,3.0,4.0,3.0,1.0,Generally healthy with minor or infrequent problems,0,No,0.0,0.0,0.0,0.0,0.0,0.0,Dog,10,"Male, sexually intact",Large (22.7–40.5 kg or 50–89 lb),1 – 3 hrs,Conventional
587958-587949-59355279,Meat-based – conventional,5.0,5.0,5.0,5.0,2.0,3.0,5.0,1.0,5.0,5.0,Generally healthy with minor or infrequent problems,>3,Yes,0.0,0.0,0.0,0.0,1.0,0.0,Dog,8,"Male, castrated",Small (4.5–10.9 kg or 10–24 lb),30 – 60 mins,Conventional
587958-587949-59355444,Meat-based – conventional,5.0,5.0,5.0,5.0,4.0,3.0,5.0,2.0,3.0,1.0,Generally healthy with minor or infrequent problems,1,Yes,0.0,0.0,0.0,0.0,1.0,0.0,Dog,5,"Male, castrated",Small (4.5–10.9 kg or 10–24 lb),30 – 60 mins,Conventional
587958-587949-59352636,Meat-based – conventional,2.0,4.0,1.0,5.0,4.0,1.0,2.0,4.0,4.0,1.0,Generally healthy with minor or infrequent problems,1,No,0.0,0.0,0.0,0.0,1.0,0.0,Dog,6,"Male, sexually intact",Large (22.7–40.5 kg or 50–89 lb),1 – 3 hrs,Conventional
587958-587949-59355972,Meat-based – conventional,4.0,4.0,4.0,2.0,2.0,4.0,3.0,4.0,5.0,2.0,Generally healthy with minor or infrequent problems,2,Yes,0.0,0.0,0.0,1.0,0.0,0.0,Dog,17,"Male, castrated",Small (4.5–10.9 kg or 10–24 lb),0 – 30 mins,Conventional
587958-587949-59357458,Meat-based – conventional,3.0,4.0,1.0,4.0,2.0,1.0,3.0,4.0,4.0,1.0,Seriously ill,0,No,0.0,0.0,0.0,0.0,0.0,0.0,Dog,12,"Female, spayed",Small (4.5–10.9 kg or 10–24 lb),1 – 3 hrs,Conventional
587958-587949-59358199,Meat-based – conventional,3.0,2.0,1.0,1.0,1.0,1.0,1.0,2.0,1.0,1.0,Generally healthy with minor or infrequent problems,1,Yes,0.0,0.0,0.0,0.0,0.0,0.0,Dog,10,"Female, spayed",Small (4.5–10.9 kg or 10–24 lb),1 – 3 hrs,Conventional
587958-587949-59361301,Meat-based – conventional,5.0,5.0,1.0,4.0,1.0,1.0,4.0,2.0,4.0,1.0,Generally healthy with minor or infrequent problems,1,No,0.0,0.0,0.0,0.0,0.0,0.0,Dog,5,"Female, spayed",Large (22.7–40.5 kg or 50–89 lb),1 – 3 hrs,Conventional
587958-587949-59362501,Meat-based – conventional,5.0,5.0,2.0,5.0,2.0,2.0,5.0,2.0,2.0,4.0,Generally healthy with minor or infrequent problems,1,No,0.0,0.0,0.0,0.0,0.0,0.0,Dog,11,"Male, castrated",Medium (11.4–22.3 kg or 25–49 lb),1 – 3 hrs,Conventional
587958-587949-59364499,Vegan (consuming no animal products),5.0,5.0,5.0,5.0,4.0,5.0,3.0,2.0,5.0,1.0,Healthy,1,No,0.0,0.0,0.0,0.0,0.0,0.0,Dog,2,"Male, castrated",Large (22.7–40.5 kg or 50–89 lb),1 – 3 hrs,Vegan
587958-587949-59367141,Meat-based – conventional,3.0,5.0,3.0,4.0,2.0,2.0,3.0,5.0,2.0,2.0,Healthy,2,Yes,0.0,0.0,0.0,0.0,0.0,0.0,Dog,6,"Male, castrated",Medium (11.4–22.3 kg or 25–49 lb),1 – 3 hrs,Conventional
587958-587949-59374262,Meat-based – conventional,4.0,5.0,2.0,4.0,2.0,5.0,5.0,1.0,4.0,2.0,Healthy,>3,Yes,0.0,0.0,0.0,0.0,1.0,0.0,Dog,1,"Female, spayed",Medium (11.4–22.3 kg or 25–49 lb),1 – 3 hrs,Conventional
587958-587949-59379340,Meat-based – raw,5.0,5.0,2.0,5.0,5.0,2.0,5.0,2.0,2.0,2.0,Healthy,1,No,0.0,0.0,0.0,0.0,0.0,0.0,Dog,7,"Male, castrated",Large (22.7–40.5 kg or 50–89 lb),1 – 3 hrs,Raw
587958-587949-59383771,Vegan (consuming no animal products),2.0,1.0,1.0,1.0,1.0,1.0,1.0,4.0,3.0,,Healthy,2,No,0.0,0.0,0.0,0.0,0.0,0.0,Dog,5,"Male, castrated",Medium (11.4–22.3 kg or 25–49 lb),1 – 3 hrs,Vegan
587958-587949-59384725,Meat-based – raw,5.0,5.0,5.0,5.0,4.0,3.0,5.0,1.0,5.0,4.0,Healthy,1,No,0.0,0.0,0.0,0.0,0.0,0.0,Dog,7,"Male, castrated",Small (4.5–10.9 kg or 10–24 lb),1 – 3 hrs,Raw
587958-587949-59384587,Meat-based – conventional,3.0,2.0,2.0,2.0,2.0,2.0,2.0,5.0,4.0,1.0,Generally healthy with minor or infrequent problems,2,Yes,0.0,0.0,0.0,0.0,1.0,0.0,Dog,1,"Female, spayed",Small (4.5–10.9 kg or 10–24 lb),> 3 hrs,Conventional
587958-587949-59386240,Meat-based – raw,4.0,4.0,1.0,5.0,4.0,1.0,3.0,1.0,4.0,2.0,Generally healthy with minor or infrequent problems,2,Yes,0.0,0.0,0.0,0.0,0.0,0.0,Dog,5,"Female, spayed",Large (22.7–40.5 kg or 50–89 lb),1 – 3 hrs,Raw
587958-587949-59386594,Meat-based – conventional,4.0,3.0,1.0,3.0,1.0,1.0,2.0,4.0,3.0,4.0,Generally healthy with minor or infrequent problems,3,Yes,0.0,0.0,0.0,0.0,0.0,0.0,Dog,12,"Female, spayed",Medium (11.4–22.3 kg or 25–49 lb),1 – 3 hrs,Conventional
587958-587949-59387660,Meat-based – conventional,5.0,5.0,2.0,4.0,4.0,4.0,2.0,4.0,4.0,4.0,Generally healthy with minor or infrequent problems,2,Yes,0.0,0.0,0.0,1.0,0.0,0.0,Dog,7,"Female, spayed",Medium (11.4–22.3 kg or 25–49 lb),> 3 hrs,Conventional
587958-587949-59389205,Meat-based – conventional,2.0,2.0,2.0,2.0,2.0,2.0,2.0,4.0,1.0,1.0,Generally healthy with minor or infrequent problems,3,Yes,0.0,0.0,0.0,0.0,0.0,0.0,Dog,11,"Male, sexually intact",Small (4.5–10.9 kg or 10–24 lb),> 3 hrs,Conventional
587958-587949-59391118,Vegan (consuming no animal products),4.0,3.0,2.0,3.0,3.0,2.0,5.0,5.0,4.0,2.0,Seriously ill,1,No,0.0,0.0,0.0,0.0,0.0,0.0,Dog,14,"Male, sexually intact",Large (22.7–40.5 kg or 50–89 lb),0 – 30 mins,Vegan
587958-587949-59391288,Meat-based – raw,5.0,5.0,3.0,4.0,4.0,2.0,5.0,2.0,4.0,2.0,Healthy,3,Yes,0.0,0.0,0.0,0.0,0.0,1.0,Dog,7,"Female, sexually intact",Large (22.7–40.5 kg or 50–89 lb),30 – 60 mins,Raw
587958-587949-59392404,Meat-based – conventional,5.0,5.0,2.0,3.0,5.0,2.0,5.0,2.0,5.0,2.0,Generally healthy with minor or infrequent problems,0,No,0.0,0.0,0.0,0.0,0.0,0.0,Dog,7,"Male, castrated",Large (22.7–40.5 kg or 50–89 lb),0 – 30 mins,Conventional
587958-587949-59393679,Meat-based – conventional,5.0,5.0,2.0,2.0,2.0,2.0,5.0,2.0,3.0,1.0,Healthy,2,No,0.0,0.0,0.0,0.0,0.0,0.0,Dog,11,"Female, spayed",Small (4.5–10.9 kg or 10–24 lb),1 – 3 hrs,Conventional
587958-587949-59405401,Meat-based – conventional,2.0,3.0,3.0,3.0,3.0,4.0,2.0,2.0,4.0,1.0,Generally healthy with minor or infrequent problems,3,Yes,0.0,0.0,0.0,1.0,1.0,0.0,Dog,3,"Female, spayed",Small (4.5–10.9 kg or 10–24 lb),> 3 hrs,Conventional
587958-587949-59405299,Meat-based – conventional,1.0,1.0,1.0,3.0,2.0,2.0,2.0,5.0,2.0,1.0,Healthy,1,No,0.0,0.0,0.0,0.0,0.0,0.0,Dog,1,"Male, sexually intact",Medium (11.4–22.3 kg or 25–49 lb),1 – 3 hrs,Conventional
587958-587949-59410433,Vegan (consuming no animal products),2.0,5.0,5.0,3.0,3.0,2.0,2.0,5.0,3.0,3.0,Healthy,0,No,0.0,0.0,0.0,0.0,0.0,0.0,Dog,8,"Female, spayed",Small (4.5–10.9 kg or 10–24 lb),1 – 3 hrs,Vegan
587958-587949-59409940,Meat-based – conventional,2.0,4.0,2.0,1.0,1.0,2.0,1.0,4.0,3.0,1.0,Generally healthy with minor or infrequent problems,3,Yes,0.0,0.0,0.0,1.0,0.0,0.0,Dog,14,"Male, castrated",Small (4.5–10.9 kg or 10–24 lb),1 – 3 hrs,Conventional
587958-587949-59411806,Meat-based – conventional,4.0,2.0,2.0,3.0,2.0,1.0,3.0,3.0,2.0,1.0,Generally healthy with minor or infrequent problems,2,Yes,0.0,0.0,0.0,0.0,0.0,0.0,Dog,7,"Male, castrated",Medium (11.4–22.3 kg or 25–49 lb),30 – 60 mins,Conventional
587958-587949-59420808,Meat-based – conventional,2.0,2.0,2.0,4.0,4.0,1.0,5.0,5.0,4.0,1.0,Healthy,1,No,0.0,0.0,0.0,0.0,0.0,0.0,Dog,7,"Male, castrated",Medium (11.4–22.3 kg or 25–49 lb),1 – 3 hrs,Conventional
587958-587949-59432283,Vegan (consuming no animal products),5.0,5.0,4.0,5.0,4.0,4.0,4.0,2.0,2.0,2.0,Healthy,1,No,0.0,0.0,0.0,0.0,0.0,0.0,Dog,3,"Male, castrated",Small (4.5–10.9 kg or 10–24 lb),1 – 3 hrs,Vegan
587958-587949-59432061,Vegan (consuming no animal products),3.0,4.0,5.0,1.0,1.0,2.0,3.0,4.0,4.0,4.0,Generally healthy with minor or infrequent problems,2,Yes,0.0,0.0,0.0,0.0,0.0,0.0,Dog,5,"Male, castrated",Medium (11.4–22.3 kg or 25–49 lb),1 – 3 hrs,Vegan
587958-587949-59451911,Meat-based – conventional,5.0,5.0,5.0,2.0,2.0,3.0,5.0,2.0,2.0,3.0,Generally healthy with minor or infrequent problems,1,Yes,0.0,0.0,0.0,0.0,0.0,0.0,Dog,9,"Female, sexually intact",Medium (11.4–22.3 kg or 25–49 lb),1 – 3 hrs,Conventional
587958-587949-59457644,Vegan (consuming no animal products),3.0,2.0,2.0,3.0,4.0,1.0,4.0,4.0,1.0,,Healthy,0,No,0.0,0.0,0.0,0.0,0.0,0.0,Dog,3,"Female, spayed",Large (22.7–40.5 kg or 50–89 lb),1 – 3 hrs,Vegan
587958-587949-59466388,Vegan (consuming no animal products),5.0,5.0,4.0,5.0,5.0,2.0,3.0,2.0,2.0,2.0,Healthy,0,No,0.0,0.0,0.0,0.0,0.0,0.0,Dog,10,"Male, castrated",Large (22.7–40.5 kg or 50–89 lb),1 – 3 hrs,Vegan
587958-587949-59466457,Vegan (consuming no animal products),5.0,4.0,2.0,5.0,5.0,1.0,3.0,4.0,3.0,1.0,Generally healthy with minor or infrequent problems,3,Yes,0.0,0.0,0.0,0.0,0.0,1.0,Dog,13,"Female, spayed",Large (22.7–40.5 kg or 50–89 lb),30 – 60 mins,Vegan
587958-587949-59491491,Vegan (consuming no animal products),5.0,5.0,4.0,4.0,3.0,4.0,4.0,2.0,4.0,2.0,Healthy,1,No,0.0,0.0,0.0,0.0,0.0,1.0,Dog,6,"Female, spayed",Small (4.5–10.9 kg or 10–24 lb),30 – 60 mins,Vegan
587958-587949-59491870,Meat-based – conventional,3.0,3.0,2.0,4.0,3.0,1.0,2.0,4.0,3.0,2.0,Healthy,3,No,0.0,0.0,0.0,0.0,0.0,0.0,Dog,1,"Male, sexually intact",Large (22.7–40.5 kg or 50–89 lb),1 – 3 hrs,Conventional
587958-587949-59493007,Meat-based – conventional,4.0,4.0,3.0,4.0,4.0,2.0,2.0,4.0,4.0,2.0,Healthy,1,No,0.0,0.0,0.0,0.0,0.0,0.0,Dog,6,"Male, castrated",Medium (11.4–22.3 kg or 25–49 lb),1 – 3 hrs,Conventional
587958-587949-59493138,Meat-based – conventional,4.0,3.0,2.0,2.0,1.0,2.0,1.0,2.0,4.0,1.0,Healthy,1,No,0.0,0.0,0.0,0.0,0.0,0.0,Dog,10,"Female, spayed",Medium (11.4–22.3 kg or 25–49 lb),30 – 60 mins,Conventional
587958-587949-59493609,Meat-based – conventional,5.0,5.0,3.0,5.0,5.0,1.0,3.0,4.0,5.0,4.0,Generally healthy with minor or infrequent problems,3,Yes,0.0,0.0,0.0,0.0,0.0,1.0,Dog,3,"Male, sexually intact",Large (22.7–40.5 kg or 50–89 lb),> 3 hrs,Conventional
587958-587949-59494695,Meat-based – raw,2.0,4.0,2.0,4.0,3.0,2.0,2.0,4.0,2.0,3.0,Healthy,1,No,0.0,0.0,0.0,0.0,0.0,0.0,Dog,8,"Male, castrated",Small (4.5–10.9 kg or 10–24 lb),0 – 30 mins,Raw
587958-587949-59495494,Meat-based – conventional,2.0,4.0,4.0,2.0,2.0,4.0,1.0,4.0,2.0,2.0,Generally healthy with minor or infrequent problems,1,Yes,0.0,0.0,0.0,0.0,0.0,0.0,Dog,16,"Female, spayed",Toy (≤ 4.1 kg or ≤ 9 lb),0 – 30 mins,Conventional
587958-587949-59497388,Meat-based – conventional,5.0,5.0,5.0,5.0,2.0,2.0,5.0,2.0,5.0,5.0,Healthy,1,No,0.0,0.0,0.0,0.0,0.0,0.0,Dog,5,"Male, castrated",Small (4.5–10.9 kg or 10–24 lb),30 – 60 mins,Conventional
587958-587949-59500216,Meat-based – conventional,4.0,4.0,2.0,3.0,2.0,2.0,4.0,2.0,4.0,4.0,Healthy,2,No,0.0,0.0,0.0,0.0,0.0,0.0,Dog,1,"Male, sexually intact",Large (22.7–40.5 kg or 50–89 lb),1 – 3 hrs,Conventional
587958-587949-59501179,Meat-based – conventional,4.0,1.0,1.0,3.0,2.0,1.0,4.0,3.0,1.0,1.0,Generally healthy with minor or infrequent problems,>3,Yes,0.0,0.0,0.0,0.0,1.0,0.0,Dog,2,"Female, spayed",Medium (11.4–22.3 kg or 25–49 lb),Unsure,Conventional
587958-587949-59501464,Meat-based – conventional,5.0,4.0,3.0,,4.0,4.0,5.0,1.0,4.0,2.0,Healthy,1,No,0.0,0.0,0.0,0.0,0.0,0.0,Dog,4,"Male, castrated",Giant (> 40.9 kg or > 90 lb),1 – 3 hrs,Conventional
587958-587949-59506936,Meat-based – conventional,5.0,5.0,2.0,2.0,4.0,1.0,5.0,2.0,4.0,1.0,Generally healthy with minor or infrequent problems,0,No,0.0,0.0,0.0,0.0,0.0,0.0,Dog,10,"Male, castrated",Large (22.7–40.5 kg or 50–89 lb),30 – 60 mins,Conventional
587958-587949-59507366,Meat-based – conventional,2.0,4.0,2.0,4.0,4.0,1.0,2.0,4.0,1.0,1.0,Healthy,1,No,0.0,0.0,0.0,0.0,0.0,0.0,Dog,1,"Male, castrated",Large (22.7–40.5 kg or 50–89 lb),> 3 hrs,Conventional
587958-587949-59507139,Meat-based – conventional,5.0,,1.0,4.0,2.0,1.0,5.0,2.0,4.0,1.0,Generally healthy with minor or infrequent problems,1,No,0.0,0.0,0.0,0.0,0.0,0.0,Dog,7,"Female, sexually intact",Medium (11.4–22.3 kg or 25–49 lb),0 – 30 mins,Conventional
587958-587949-59508519,Meat-based – conventional,2.0,2.0,2.0,4.0,2.0,2.0,2.0,2.0,2.0,2.0,Healthy,1,No,0.0,0.0,0.0,0.0,0.0,0.0,Dog,2,"Female, spayed",Medium (11.4–22.3 kg or 25–49 lb),1 – 3 hrs,Conventional
587958-587949-59516300,Meat-based – conventional,4.0,5.0,4.0,3.0,2.0,2.0,3.0,2.0,3.0,2.0,Healthy,1,No,0.0,0.0,0.0,0.0,0.0,0.0,Dog,4,"Male, castrated",Small (4.5–10.9 kg or 10–24 lb),1 – 3 hrs,Conventional
587958-587949-59516287,Meat-based – conventional,4.0,4.0,3.0,4.0,3.0,2.0,3.0,1.0,2.0,1.0,Healthy,1,No,0.0,0.0,0.0,0.0,0.0,0.0,Dog,15,"Male, sexually intact",Small (4.5–10.9 kg or 10–24 lb),30 – 60 mins,Conventional
587958-587949-59516354,Meat-based – conventional,4.0,4.0,4.0,4.0,1.0,1.0,2.0,4.0,3.0,3.0,Healthy,>3,No,0.0,0.0,0.0,0.0,0.0,0.0,Dog,1,"Male, sexually intact",Small (4.5–10.9 kg or 10–24 lb),30 – 60 mins,Conventional
587958-587949-59516335,Meat-based – raw,2.0,4.0,4.0,4.0,4.0,4.0,2.0,5.0,2.0,2.0,Healthy,0,No,0.0,0.0,0.0,0.0,0.0,0.0,Dog,3,"Female, spayed",Small (4.5–10.9 kg or 10–24 lb),30 – 60 mins,Raw
587958-587949-59518929,Vegan (consuming no animal products),5.0,5.0,5.0,5.0,5.0,5.0,5.0,2.0,5.0,3.0,Healthy,1,No,0.0,0.0,0.0,0.0,0.0,0.0,Dog,7,"Female, spayed",Medium (11.4–22.3 kg or 25–49 lb),30 – 60 mins,Vegan
587958-587949-59519265,Meat-based – conventional,5.0,4.0,2.0,4.0,5.0,2.0,4.0,2.0,4.0,2.0,Healthy,0,No,0.0,0.0,0.0,0.0,0.0,0.0,Dog,5,"Female, spayed",Large (22.7–40.5 kg or 50–89 lb),30 – 60 mins,Conventional
587958-587949-59519439,Meat-based – conventional,1.0,1.0,1.0,4.0,1.0,1.0,3.0,5.0,5.0,4.0,Healthy,1,No,0.0,0.0,0.0,0.0,0.0,0.0,Dog,2,"Male, castrated",Small (4.5–10.9 kg or 10–24 lb),30 – 60 mins,Conventional
587958-587949-59519504,Meat-based – conventional,5.0,4.0,2.0,4.0,4.0,1.0,4.0,3.0,4.0,4.0,Healthy,0,No,0.0,0.0,0.0,0.0,0.0,0.0,Dog,12,"Male, sexually intact",Large (22.7–40.5 kg or 50–89 lb),1 – 3 hrs,Conventional
587958-587949-59520319,Meat-based – raw,5.0,4.0,4.0,2.0,1.0,4.0,4.0,4.0,4.0,3.0,Generally healthy with minor or infrequent problems,3,Yes,0.0,0.0,0.0,1.0,1.0,0.0,Dog,5,"Male, castrated",Small (4.5–10.9 kg or 10–24 lb),0 – 30 mins,Raw
587958-587949-59522296,Meat-based – conventional,5.0,3.0,3.0,3.0,3.0,3.0,4.0,3.0,3.0,3.0,Healthy,1,No,0.0,0.0,0.0,0.0,0.0,0.0,Dog,14,"Female, spayed",Medium (11.4–22.3 kg or 25–49 lb),30 – 60 mins,Conventional
587958-587949-59533843,Meat-based – conventional,4.0,2.0,2.0,2.0,2.0,1.0,1.0,1.0,1.0,1.0,Generally healthy with minor or infrequent problems,2,Yes,0.0,0.0,0.0,0.0,0.0,0.0,Dog,1,"Female, sexually intact",Large (22.7–40.5 kg or 50–89 lb),1 – 3 hrs,Conventional
587958-587949-59535507,Meat-based – conventional,2.0,2.0,2.0,2.0,2.0,2.0,2.0,4.0,2.0,2.0,Healthy,0,No,0.0,0.0,0.0,0.0,0.0,0.0,Dog,5,"Male, castrated",Medium (11.4–22.3 kg or 25–49 lb),1 – 3 hrs,Conventional
587958-587949-59542400,Meat-based – conventional,3.0,5.0,3.0,5.0,2.0,4.0,3.0,5.0,3.0,1.0,Generally healthy with minor or infrequent problems,>3,No,0.0,0.0,0.0,0.0,0.0,0.0,Dog,8,"Male, castrated",Large (22.7–40.5 kg or 50–89 lb),0 – 30 mins,Conventional
587958-587949-59560007,Meat-based – conventional,4.0,3.0,2.0,4.0,1.0,1.0,3.0,3.0,4.0,4.0,Healthy,1,No,0.0,0.0,0.0,0.0,0.0,0.0,Dog,13,"Female, sexually intact",Small (4.5–10.9 kg or 10–24 lb),1 – 3 hrs,Conventional
587958-587949-59573198,Meat-based – conventional,5.0,5.0,2.0,4.0,2.0,4.0,5.0,1.0,5.0,4.0,Generally healthy with minor or infrequent problems,>3,Yes,0.0,1.0,0.0,0.0,0.0,1.0,Dog,13,"Male, castrated",Small (4.5–10.9 kg or 10–24 lb),30 – 60 mins,Conventional
587958-587949-59574286,Meat-based – conventional,2.0,5.0,1.0,5.0,1.0,1.0,5.0,1.0,5.0,1.0,Healthy,>3,Yes,0.0,0.0,0.0,0.0,1.0,0.0,Dog,1,"Female, sexually intact",Large (22.7–40.5 kg or 50–89 lb),> 3 hrs,Conventional
587958-587949-59573013,Meat-based – conventional,3.0,4.0,4.0,4.0,2.0,2.0,3.0,4.0,2.0,2.0,Generally healthy with minor or infrequent problems,2,No,0.0,0.0,1.0,0.0,1.0,0.0,Dog,4,"Male, castrated",Small (4.5–10.9 kg or 10–24 lb),1 – 3 hrs,Conventional
587958-587949-59578899,Meat-based – raw,3.0,4.0,2.0,4.0,3.0,2.0,2.0,3.0,4.0,2.0,Healthy,0,No,0.0,0.0,0.0,0.0,0.0,0.0,Dog,8,"Female, spayed",Large (22.7–40.5 kg or 50–89 lb),30 – 60 mins,Raw
587958-587949-59581303,Meat-based – conventional,2.0,2.0,2.0,2.0,2.0,2.0,4.0,5.0,4.0,1.0,Healthy,1,Yes,0.0,0.0,0.0,0.0,0.0,0.0,Dog,3,"Female, spayed",Small (4.5–10.9 kg or 10–24 lb),1 – 3 hrs,Conventional
587958-587949-59581348,Meat-based – conventional,4.0,2.0,1.0,2.0,2.0,2.0,2.0,2.0,2.0,2.0,Healthy,2,No,0.0,0.0,0.0,0.0,0.0,0.0,Dog,5,"Male, castrated",Large (22.7–40.5 kg or 50–89 lb),> 3 hrs,Conventional
587958-587949-59582029,Meat-based – conventional,4.0,4.0,3.0,4.0,4.0,4.0,3.0,5.0,4.0,4.0,Healthy,0,No,0.0,0.0,0.0,0.0,0.0,0.0,Dog,7,"Male, castrated",Small (4.5–10.9 kg or 10–24 lb),30 – 60 mins,Conventional
587958-587949-59582126,Meat-based – conventional,2.0,1.0,1.0,1.0,1.0,1.0,4.0,2.0,4.0,2.0,Healthy,>3,Yes,0.0,0.0,0.0,0.0,0.0,0.0,Dog,2,"Female, spayed",Large (22.7–40.5 kg or 50–89 lb),1 – 3 hrs,Conventional
587958-587949-59582429,Meat-based – conventional,5.0,5.0,2.0,3.0,2.0,1.0,5.0,3.0,4.0,1.0,Healthy,1,Yes,0.0,0.0,0.0,0.0,0.0,0.0,Dog,5,"Male, castrated",Large (22.7–40.5 kg or 50–89 lb),1 – 3 hrs,Conventional
587958-587949-59582299,Meat-based – conventional,4.0,4.0,3.0,3.0,1.0,3.0,4.0,3.0,1.0,2.0,Generally healthy with minor or infrequent problems,1,Yes,0.0,0.0,0.0,1.0,0.0,1.0,Dog,17,"Male, castrated",Small (4.5–10.9 kg or 10–24 lb),0 – 30 mins,Conventional
587958-587949-59582472,Meat-based – conventional,2.0,4.0,1.0,,,1.0,2.0,4.0,1.0,1.0,Generally healthy with minor or infrequent problems,>3,Yes,0.0,0.0,0.0,1.0,0.0,1.0,Dog,14,"Male, sexually intact",Medium (11.4–22.3 kg or 25–49 lb),0 – 30 mins,Conventional
587958-587949-59582743,Meat-based – conventional,4.0,4.0,2.0,2.0,2.0,1.0,3.0,4.0,5.0,2.0,Generally healthy with minor or infrequent problems,1,Yes,0.0,0.0,0.0,0.0,0.0,0.0,Dog,3,"Female, spayed",Medium (11.4–22.3 kg or 25–49 lb),30 – 60 mins,Conventional
587958-587949-59586202,Meat-based – conventional,4.0,4.0,3.0,3.0,2.0,4.0,3.0,4.0,2.0,2.0,Significant or frequent problems,>3,Yes,0.0,0.0,0.0,0.0,1.0,0.0,Dog,13,"Female, spayed",Small (4.5–10.9 kg or 10–24 lb),30 – 60 mins,Conventional
587958-587949-59607169,Vegan (consuming no animal products),5.0,1.0,1.0,2.0,5.0,1.0,5.0,2.0,5.0,2.0,Healthy,1,No,0.0,0.0,0.0,0.0,0.0,0.0,Dog,4,"Male, castrated",Medium (11.4–22.3 kg or 25–49 lb),1 – 3 hrs,Vegan
587958-587949-59609772,Meat-based – conventional,5.0,5.0,5.0,5.0,5.0,3.0,5.0,2.0,2.0,2.0,Healthy,0,No,0.0,0.0,0.0,0.0,0.0,0.0,Dog,4,"Male, castrated",Medium (11.4–22.3 kg or 25–49 lb),30 – 60 mins,Conventional
587958-587949-59627103,Meat-based – conventional,1.0,1.0,1.0,1.0,1.0,1.0,1.0,1.0,1.0,1.0,Healthy,>3,Yes,0.0,0.0,0.0,0.0,0.0,0.0,Dog,2,"Male, castrated",Small (4.5–10.9 kg or 10–24 lb),1 – 3 hrs,Conventional
587958-587949-59628757,Meat-based – conventional,2.0,2.0,2.0,4.0,3.0,4.0,3.0,5.0,3.0,1.0,Healthy,2,No,0.0,0.0,0.0,0.0,0.0,0.0,Dog,14,"Male, castrated",Small (4.5–10.9 kg or 10–24 lb),1 – 3 hrs,Conventional
587958-587949-59629763,Meat-based – raw,5.0,5.0,4.0,5.0,3.0,2.0,5.0,2.0,4.0,4.0,Healthy,1,No,0.0,0.0,0.0,0.0,0.0,0.0,Dog,4,"Male, castrated",Medium (11.4–22.3 kg or 25–49 lb),0 – 30 mins,Raw
587958-587949-59637645,Meat-based – conventional,5.0,3.0,2.0,2.0,3.0,2.0,4.0,2.0,4.0,2.0,Healthy,1,No,0.0,0.0,0.0,0.0,0.0,0.0,Dog,6,"Male, castrated",Small (4.5–10.9 kg or 10–24 lb),0 – 30 mins,Conventional
587958-587949-59638231,Meat-based – conventional,4.0,2.0,2.0,3.0,2.0,2.0,3.0,3.0,2.0,3.0,Generally healthy with minor or infrequent problems,1,Yes,0.0,0.0,0.0,0.0,1.0,0.0,Dog,12,"Male, sexually intact",Medium (11.4–22.3 kg or 25–49 lb),0 – 30 mins,Conventional
587958-587949-59639010,Meat-based – conventional,2.0,2.0,2.0,2.0,2.0,2.0,2.0,5.0,3.0,5.0,Healthy,1,No,0.0,0.0,0.0,0.0,0.0,0.0,Dog,5,"Female, spayed",Small (4.5–10.9 kg or 10–24 lb),1 – 3 hrs,Conventional
587958-587949-59647965,Meat-based – conventional,5.0,5.0,3.0,4.0,3.0,3.0,4.0,2.0,2.0,2.0,Generally healthy with minor or infrequent problems,>3,Yes,0.0,0.0,0.0,0.0,0.0,0.0,Dog,8,"Female, spayed",Large (22.7–40.5 kg or 50–89 lb),1 – 3 hrs,Conventional
587958-587949-59651672,Meat-based – conventional,5.0,5.0,2.0,3.0,2.0,5.0,5.0,2.0,5.0,5.0,Healthy,2,Yes,0.0,0.0,0.0,0.0,0.0,0.0,Dog,3,"Male, castrated",Large (22.7–40.5 kg or 50–89 lb),1 – 3 hrs,Conventional
587958-587949-59653400,Vegan (consuming no animal products),5.0,5.0,5.0,5.0,3.0,1.0,5.0,3.0,5.0,1.0,Healthy,1,No,0.0,0.0,0.0,0.0,0.0,0.0,Dog,10,"Male, castrated",Small (4.5–10.9 kg or 10–24 lb),30 – 60 mins,Vegan
587958-587949-59653755,Meat-based – conventional,2.0,2.0,2.0,4.0,2.0,2.0,3.0,5.0,4.0,3.0,Generally healthy with minor or infrequent problems,>3,Yes,0.0,0.0,1.0,0.0,0.0,1.0,Dog,15,"Male, castrated",Small (4.5–10.9 kg or 10–24 lb),1 – 3 hrs,Conventional
587958-587949-59663598,Meat-based – conventional,3.0,4.0,2.0,4.0,3.0,2.0,3.0,4.0,3.0,2.0,Healthy,1,No,0.0,0.0,0.0,0.0,0.0,0.0,Dog,2,"Female, spayed",Medium (11.4–22.3 kg or 25–49 lb),1 – 3 hrs,Conventional
587958-587949-59675860,Vegan (consuming no animal products),4.0,4.0,3.0,3.0,3.0,2.0,3.0,3.0,3.0,2.0,Healthy,0,No,0.0,0.0,0.0,0.0,0.0,0.0,Dog,12,"Female, spayed",Medium (11.4–22.3 kg or 25–49 lb),1 – 3 hrs,Vegan
587958-587949-59694899,Vegan (consuming no animal products),4.0,5.0,3.0,5.0,4.0,4.0,4.0,2.0,4.0,4.0,Healthy,1,No,0.0,0.0,0.0,0.0,0.0,0.0,Dog,4,"Male, castrated",Small (4.5–10.9 kg or 10–24 lb),30 – 60 mins,Vegan
587958-587949-59705856,Meat-based – conventional,5.0,5.0,4.0,5.0,4.0,2.0,4.0,5.0,3.0,1.0,Healthy,0,No,0.0,0.0,0.0,0.0,0.0,0.0,Dog,4,"Male, castrated",Medium (11.4–22.3 kg or 25–49 lb),1 – 3 hrs,Conventional
587958-587949-59709689,Meat-based – raw,5.0,5.0,3.0,5.0,5.0,2.0,5.0,2.0,3.0,2.0,Generally healthy with minor or infrequent problems,2,No,0.0,0.0,0.0,0.0,0.0,0.0,Dog,4,"Male, castrated",Small (4.5–10.9 kg or 10–24 lb),1 – 3 hrs,Raw
587958-587949-59711843,Meat-based – conventional,5.0,3.0,1.0,5.0,5.0,1.0,5.0,2.0,5.0,2.0,Generally healthy with minor or infrequent problems,>3,Yes,0.0,0.0,0.0,0.0,0.0,0.0,Dog,2,"Female, spayed",Large (22.7–40.5 kg or 50–89 lb),1 – 3 hrs,Conventional
587958-587949-59731828,Meat-based – conventional,5.0,5.0,1.0,5.0,4.0,,5.0,1.0,5.0,1.0,Healthy,1,No,0.0,0.0,0.0,0.0,0.0,0.0,Dog,6,"Female, spayed",Large (22.7–40.5 kg or 50–89 lb),1 – 3 hrs,Conventional
587958-587949-59731358,Meat-based – conventional,2.0,2.0,2.0,4.0,1.0,1.0,2.0,5.0,2.0,1.0,Healthy,1,No,0.0,0.0,0.0,0.0,0.0,0.0,Dog,2,"Female, spayed",Toy (≤ 4.1 kg or ≤ 9 lb),1 – 3 hrs,Conventional
587958-587949-59742110,Meat-based – conventional,4.0,4.0,2.0,3.0,3.0,2.0,4.0,2.0,4.0,2.0,Healthy,2,Yes,0.0,0.0,0.0,0.0,0.0,0.0,Dog,4,"Female, spayed",Large (22.7–40.5 kg or 50–89 lb),30 – 60 mins,Conventional
587958-587949-59751796,Meat-based – conventional,5.0,5.0,5.0,2.0,2.0,1.0,2.0,1.0,3.0,1.0,Healthy,1,Yes,0.0,0.0,0.0,0.0,0.0,0.0,Dog,9,"Female, spayed",Medium (11.4–22.3 kg or 25–49 lb),1 – 3 hrs,Conventional
587958-587949-59751843,Meat-based – raw,2.0,4.0,2.0,3.0,4.0,2.0,2.0,5.0,5.0,2.0,Healthy,1,No,0.0,0.0,0.0,0.0,0.0,0.0,Dog,7,"Male, castrated",Giant (> 40.9 kg or > 90 lb),1 – 3 hrs,Raw
587958-587949-59815449,Meat-based – conventional,4.0,4.0,2.0,5.0,5.0,4.0,1.0,5.0,5.0,4.0,Healthy,Unsure,Yes,0.0,0.0,0.0,0.0,0.0,0.0,Dog,5,"Male, castrated",Large (22.7–40.5 kg or 50–89 lb),1 – 3 hrs,Conventional
587958-587949-59815834,Meat-based – conventional,5.0,5.0,1.0,4.0,2.0,4.0,3.0,3.0,3.0,4.0,Healthy,1,No,0.0,0.0,0.0,0.0,0.0,0.0,Dog,7,"Male, sexually intact",Medium (11.4–22.3 kg or 25–49 lb),1 – 3 hrs,Conventional
587958-587949-59817759,Meat-based – raw,5.0,5.0,5.0,5.0,3.0,3.0,5.0,4.0,5.0,2.0,Healthy,>3,No,0.0,0.0,0.0,0.0,0.0,0.0,Dog,3,"Male, castrated",Small (4.5–10.9 kg or 10–24 lb),1 – 3 hrs,Raw
587958-587949-59819523,Meat-based – conventional,5.0,5.0,2.0,5.0,4.0,4.0,4.0,4.0,3.0,2.0,Generally healthy with minor or infrequent problems,3,Yes,0.0,0.0,0.0,0.0,0.0,0.0,Dog,4,"Female, spayed",Medium (11.4–22.3 kg or 25–49 lb),1 – 3 hrs,Conventional
587958-587949-59823855,Meat-based – conventional,5.0,5.0,5.0,5.0,5.0,5.0,5.0,1.0,5.0,3.0,Healthy,2,Yes,0.0,0.0,0.0,0.0,0.0,0.0,Dog,6,"Male, castrated",Large (22.7–40.5 kg or 50–89 lb),30 – 60 mins,Conventional
587958-587949-59826894,Meat-based – conventional,4.0,4.0,1.0,4.0,5.0,3.0,2.0,3.0,5.0,5.0,Significant or frequent problems,3,Yes,0.0,0.0,1.0,0.0,0.0,0.0,Dog,5,"Female, spayed",Large (22.7–40.5 kg or 50–89 lb),30 – 60 mins,Conventional
587958-587949-59828654,Meat-based – raw,5.0,5.0,5.0,5.0,5.0,3.0,5.0,3.0,3.0,1.0,Generally healthy with minor or infrequent problems,>3,Yes,0.0,0.0,0.0,0.0,0.0,0.0,Dog,8,"Male, castrated",Large (22.7–40.5 kg or 50–89 lb),30 – 60 mins,Raw
587958-587949-59865716,Meat-based – raw,5.0,3.0,1.0,4.0,4.0,1.0,4.0,3.0,4.0,1.0,Healthy,1,No,0.0,0.0,0.0,0.0,0.0,0.0,Dog,9,"Male, castrated",Large (22.7–40.5 kg or 50–89 lb),1 – 3 hrs,Raw
587958-587949-59872484,Meat-based – conventional,1.0,1.0,1.0,1.0,1.0,1.0,1.0,5.0,4.0,4.0,Generally healthy with minor or infrequent problems,0,No,0.0,0.0,0.0,0.0,0.0,0.0,Dog,9,"Male, castrated",Large (22.7–40.5 kg or 50–89 lb),0 – 30 mins,Conventional
587958-587949-59873978,Meat-based – conventional,3.0,3.0,3.0,3.0,3.0,3.0,3.0,4.0,3.0,1.0,Significant or frequent problems,>3,Yes,0.0,0.0,0.0,0.0,0.0,1.0,Dog,6,"Female, spayed",Small (4.5–10.9 kg or 10–24 lb),1 – 3 hrs,Conventional
587958-587949-59874767,Meat-based – conventional,5.0,4.0,1.0,4.0,3.0,4.0,2.0,4.0,4.0,2.0,Healthy,1,No,0.0,0.0,0.0,0.0,0.0,0.0,Dog,5,"Female, sexually intact",Medium (11.4–22.3 kg or 25–49 lb),1 – 3 hrs,Conventional
587958-587949-59875217,Meat-based – conventional,5.0,1.0,2.0,5.0,5.0,2.0,4.0,1.0,4.0,2.0,Healthy,0,No,0.0,0.0,0.0,0.0,0.0,0.0,Dog,14,"Male, castrated",Medium (11.4–22.3 kg or 25–49 lb),> 3 hrs,Conventional
587958-587949-59880931,Meat-based – conventional,5.0,5.0,3.0,4.0,1.0,3.0,4.0,3.0,1.0,1.0,Generally healthy with minor or infrequent problems,1,No,0.0,0.0,0.0,0.0,0.0,0.0,Dog,8,"Female, spayed",Toy (≤ 4.1 kg or ≤ 9 lb),0 – 30 mins,Conventional
587958-587949-59896753,Meat-based – conventional,2.0,5.0,1.0,2.0,1.0,1.0,5.0,5.0,4.0,2.0,Generally healthy with minor or infrequent problems,2,No,0.0,0.0,1.0,0.0,0.0,0.0,Dog,8,"Female, spayed",Medium (11.4–22.3 kg or 25–49 lb),> 3 hrs,Conventional
587958-587949-59926039,Meat-based – conventional,4.0,3.0,2.0,1.0,3.0,3.0,5.0,5.0,4.0,1.0,Healthy,1,Yes,0.0,0.0,1.0,0.0,0.0,0.0,Dog,8,"Female, spayed",Medium (11.4–22.3 kg or 25–49 lb),1 – 3 hrs,Conventional
587958-587949-59951218,Meat-based – conventional,5.0,5.0,5.0,5.0,5.0,3.0,5.0,5.0,5.0,5.0,Healthy,2,No,0.0,0.0,0.0,0.0,0.0,0.0,Dog,8,"Male, sexually intact",Giant (> 40.9 kg or > 90 lb),1 – 3 hrs,Conventional
587958-587949-59967466,Meat-based – conventional,2.0,4.0,1.0,2.0,1.0,1.0,1.0,4.0,3.0,1.0,Generally healthy with minor or infrequent problems,2,Yes,0.0,0.0,1.0,1.0,0.0,1.0,Dog,4,"Male, castrated",Medium (11.4–22.3 kg or 25–49 lb),0 – 30 mins,Conventional
587958-587949-59981352,Meat-based – conventional,5.0,5.0,2.0,2.0,5.0,2.0,5.0,2.0,2.0,5.0,Healthy,0,No,0.0,0.0,0.0,0.0,0.0,0.0,Dog,7,"Male, castrated",Large (22.7–40.5 kg or 50–89 lb),1 – 3 hrs,Conventional
587958-587949-59982176,Meat-based – conventional,1.0,1.0,1.0,1.0,1.0,1.0,1.0,5.0,1.0,1.0,Generally healthy with minor or infrequent problems,Unsure,Yes,0.0,0.0,0.0,0.0,0.0,0.0,Dog,2,"Male, castrated",Large (22.7–40.5 kg or 50–89 lb),1 – 3 hrs,Conventional
587958-587949-59981083,Meat-based – raw,5.0,4.0,2.0,4.0,4.0,4.0,4.0,2.0,2.0,2.0,Generally healthy with minor or infrequent problems,2,Yes,0.0,0.0,0.0,0.0,0.0,0.0,Dog,17,"Male, castrated",Large (22.7–40.5 kg or 50–89 lb),1 – 3 hrs,Raw
587958-587949-59990824,Vegan (consuming no animal products),5.0,5.0,5.0,5.0,5.0,1.0,5.0,3.0,5.0,1.0,Healthy,0,No,0.0,0.0,0.0,0.0,0.0,0.0,Dog,9,"Female, sexually intact",Large (22.7–40.5 kg or 50–89 lb),1 – 3 hrs,Vegan
587958-587949-60020429,Vegan (consuming no animal products),4.0,4.0,3.0,4.0,3.0,1.0,4.0,2.0,4.0,1.0,Generally healthy with minor or infrequent problems,>3,Yes,0.0,0.0,0.0,1.0,0.0,0.0,Dog,7,"Male, castrated",Large (22.7–40.5 kg or 50–89 lb),> 3 hrs,Vegan
587958-587949-60024984,Vegan (consuming no animal products),5.0,5.0,5.0,5.0,5.0,1.0,5.0,5.0,3.0,5.0,Healthy,1,No,0.0,0.0,0.0,0.0,0.0,0.0,Dog,8,"Female, spayed",Medium (11.4–22.3 kg or 25–49 lb),1 – 3 hrs,Vegan
587958-587949-60024928,Vegan (consuming no animal products),4.0,4.0,4.0,4.0,4.0,1.0,4.0,2.0,4.0,3.0,Healthy,3,No,0.0,0.0,0.0,0.0,0.0,0.0,Dog,2,"Male, castrated",Large (22.7–40.5 kg or 50–89 lb),1 – 3 hrs,Vegan
587958-587949-60027993,Vegan (consuming no animal products),5.0,5.0,4.0,5.0,5.0,1.0,5.0,1.0,2.0,1.0,Healthy,0,No,0.0,0.0,0.0,0.0,0.0,0.0,Dog,9,"Female, sexually intact",Large (22.7–40.5 kg or 50–89 lb),1 – 3 hrs,Vegan
587958-587949-60029220,Meat-based – raw,5.0,5.0,5.0,2.0,5.0,5.0,5.0,2.0,5.0,3.0,Generally healthy with minor or infrequent problems,2,Yes,0.0,0.0,0.0,0.0,0.0,0.0,Dog,11,"Female, spayed",Medium (11.4–22.3 kg or 25–49 lb),30 – 60 mins,Raw
587958-587949-60029162,Meat-based – conventional,5.0,,,,,1.0,3.0,,3.0,1.0,Healthy,Unsure,Yes,0.0,0.0,0.0,0.0,0.0,0.0,Dog,6,"Male, castrated",Medium (11.4–22.3 kg or 25–49 lb),30 – 60 mins,Conventional
587958-587949-60018906,Vegan (consuming no animal products),4.0,4.0,2.0,3.0,2.0,1.0,5.0,3.0,,1.0,Generally healthy with minor or infrequent problems,1,Yes,0.0,0.0,0.0,0.0,0.0,0.0,Dog,11,"Male, castrated",Large (22.7–40.5 kg or 50–89 lb),1 – 3 hrs,Vegan
587958-587949-60044896,Meat-based – conventional,3.0,4.0,2.0,4.0,2.0,2.0,4.0,4.0,4.0,4.0,Generally healthy with minor or infrequent problems,>3,Yes,0.0,0.0,0.0,0.0,0.0,1.0,Dog,2,"Female, spayed",Toy (≤ 4.1 kg or ≤ 9 lb),30 – 60 mins,Conventional
587958-587949-60045562,Meat-based – conventional,5.0,5.0,3.0,5.0,5.0,1.0,5.0,1.0,4.0,3.0,Generally healthy with minor or infrequent problems,>3,Yes,0.0,0.0,1.0,1.0,0.0,0.0,Dog,12,"Male, castrated",Large (22.7–40.5 kg or 50–89 lb),30 – 60 mins,Conventional
587958-587949-60061106,Meat-based – conventional,2.0,2.0,2.0,2.0,2.0,2.0,2.0,4.0,3.0,3.0,Healthy,1,Yes,0.0,0.0,0.0,0.0,0.0,0.0,Dog,7,"Male, castrated",Small (4.5–10.9 kg or 10–24 lb),1 – 3 hrs,Conventional
587958-587949-60094267,Meat-based – conventional,5.0,5.0,5.0,5.0,5.0,5.0,4.0,2.0,2.0,4.0,Generally healthy with minor or infrequent problems,1,Yes,0.0,0.0,0.0,0.0,0.0,0.0,Dog,8,"Female, spayed",Small (4.5–10.9 kg or 10–24 lb),1 – 3 hrs,Conventional
587958-587949-60116485,Vegan (consuming no animal products),5.0,5.0,1.0,5.0,1.0,1.0,2.0,1.0,1.0,1.0,Healthy,0,No,0.0,0.0,0.0,0.0,0.0,0.0,Dog,4,"Male, castrated",Large (22.7–40.5 kg or 50–89 lb),1 – 3 hrs,Vegan
587958-587949-60124303,Vegan (consuming no animal products),5.0,5.0,3.0,5.0,4.0,2.0,5.0,3.0,3.0,1.0,Healthy,1,No,0.0,0.0,0.0,0.0,0.0,0.0,Dog,6,"Male, castrated",Large (22.7–40.5 kg or 50–89 lb),30 – 60 mins,Vegan
587958-587949-60146046,Meat-based – conventional,5.0,5.0,2.0,2.0,,5.0,5.0,2.0,2.0,1.0,Healthy,1,No,0.0,0.0,0.0,0.0,0.0,0.0,Dog,6,"Female, spayed",Small (4.5–10.9 kg or 10–24 lb),1 – 3 hrs,Conventional
587958-587949-60146982,Vegan (consuming no animal products),5.0,4.0,4.0,4.0,3.0,1.0,4.0,4.0,5.0,4.0,Healthy,0,No,0.0,0.0,0.0,0.0,0.0,0.0,Dog,3,"Male, castrated",Small (4.5–10.9 kg or 10–24 lb),1 – 3 hrs,Vegan
587958-587949-60147275,Vegan (consuming no animal products),3.0,3.0,1.0,4.0,4.0,1.0,3.0,4.0,2.0,1.0,Healthy,2,No,0.0,0.0,0.0,0.0,0.0,0.0,Dog,3,"Male, castrated",Large (22.7–40.5 kg or 50–89 lb),1 – 3 hrs,Vegan
587958-587949-60147948,Vegan (consuming no animal products),1.0,1.0,1.0,1.0,1.0,1.0,1.0,4.0,3.0,1.0,Healthy,0,No,0.0,0.0,0.0,0.0,0.0,0.0,Dog,4,"Male, sexually intact",Small (4.5–10.9 kg or 10–24 lb),30 – 60 mins,Vegan
587958-587949-60148335,Vegan (consuming no animal products),4.0,4.0,4.0,4.0,4.0,4.0,3.0,4.0,4.0,2.0,Generally healthy with minor or infrequent problems,2,No,0.0,0.0,0.0,0.0,0.0,0.0,Dog,3,"Male, sexually intact",Toy (≤ 4.1 kg or ≤ 9 lb),1 – 3 hrs,Vegan
587958-587949-60150105,Meat-based – conventional,4.0,4.0,4.0,4.0,2.0,2.0,2.0,4.0,4.0,5.0,Significant or frequent problems,>3,Yes,0.0,0.0,0.0,0.0,0.0,0.0,Dog,8,"Male, castrated",Small (4.5–10.9 kg or 10–24 lb),1 – 3 hrs,Conventional
587958-587949-60152004,Vegan (consuming no animal products),3.0,3.0,1.0,2.0,5.0,,3.0,1.0,4.0,4.0,Healthy,2,No,0.0,0.0,0.0,0.0,0.0,0.0,Dog,7,"Male, sexually intact",Giant (> 40.9 kg or > 90 lb),1 – 3 hrs,Vegan
587958-587949-60154839,Vegan (consuming no animal products),5.0,5.0,2.0,,,4.0,4.0,2.0,4.0,2.0,Healthy,1,No,0.0,0.0,0.0,0.0,0.0,0.0,Dog,13,"Male, castrated",Medium (11.4–22.3 kg or 25–49 lb),> 3 hrs,Vegan
587958-587949-60156463,Vegan (consuming no animal products),3.0,4.0,3.0,3.0,5.0,1.0,4.0,2.0,3.0,1.0,Healthy,0,No,0.0,0.0,0.0,0.0,0.0,0.0,Dog,12,"Male, castrated",Large (22.7–40.5 kg or 50–89 lb),1 – 3 hrs,Vegan
587958-587949-60157097,Meat-based – conventional,3.0,4.0,4.0,4.0,4.0,2.0,3.0,3.0,4.0,2.0,Generally healthy with minor or infrequent problems,2,No,0.0,1.0,0.0,0.0,0.0,0.0,Dog,4,"Female, spayed",Medium (11.4–22.3 kg or 25–49 lb),30 – 60 mins,Conventional
587958-587949-60157629,Vegan (consuming no animal products),3.0,3.0,2.0,3.0,4.0,,3.0,4.0,3.0,1.0,Healthy,1,No,0.0,0.0,0.0,0.0,0.0,0.0,Dog,3,"Female, spayed",Large (22.7–40.5 kg or 50–89 lb),1 – 3 hrs,Vegan
587958-587949-60157951,Vegan (consuming no animal products),5.0,5.0,3.0,5.0,5.0,1.0,5.0,2.0,4.0,2.0,Significant or frequent problems,>3,Yes,0.0,0.0,0.0,0.0,0.0,0.0,Dog,8,"Male, castrated",Large (22.7–40.5 kg or 50–89 lb),1 – 3 hrs,Vegan
587958-587949-60162126,Vegan (consuming no animal products),5.0,5.0,4.0,4.0,5.0,5.0,5.0,1.0,5.0,4.0,Generally healthy with minor or infrequent problems,1,Yes,0.0,0.0,0.0,0.0,0.0,0.0,Dog,12,"Male, castrated",Large (22.7–40.5 kg or 50–89 lb),30 – 60 mins,Vegan
587958-587949-60169567,Meat-based – raw,5.0,5.0,1.0,2.0,5.0,1.0,5.0,1.0,4.0,4.0,Healthy,1,No,0.0,0.0,0.0,0.0,0.0,0.0,Dog,7,"Female, spayed",Medium (11.4–22.3 kg or 25–49 lb),30 – 60 mins,Raw
587958-587949-60183883,Meat-based – conventional,5.0,5.0,5.0,3.0,3.0,3.0,5.0,3.0,3.0,3.0,Generally healthy with minor or infrequent problems,>3,Yes,0.0,0.0,1.0,0.0,0.0,0.0,Dog,11,"Male, castrated",Small (4.5–10.9 kg or 10–24 lb),0 – 30 mins,Conventional
587958-587949-60194718,Vegan (consuming no animal products),3.0,3.0,1.0,3.0,3.0,1.0,3.0,4.0,3.0,2.0,Healthy,1,No,0.0,0.0,0.0,0.0,0.0,0.0,Dog,2,"Female, spayed",Medium (11.4–22.3 kg or 25–49 lb),1 – 3 hrs,Vegan
587958-587949-60196584,Vegan (consuming no animal products),5.0,4.0,4.0,4.0,3.0,1.0,5.0,2.0,3.0,1.0,Healthy,0,No,0.0,0.0,0.0,0.0,0.0,0.0,Dog,5,"Female, spayed",Large (22.7–40.5 kg or 50–89 lb),> 3 hrs,Vegan
587958-587949-60219594,Vegan (consuming no animal products),5.0,5.0,3.0,4.0,4.0,3.0,5.0,4.0,4.0,3.0,Healthy,1,No,0.0,0.0,0.0,0.0,0.0,0.0,Dog,5,"Female, spayed",Medium (11.4–22.3 kg or 25–49 lb),1 – 3 hrs,Vegan
587958-587949-60256399,Meat-based – raw,3.0,1.0,1.0,5.0,1.0,1.0,3.0,4.0,1.0,1.0,Generally healthy with minor or infrequent problems,1,No,0.0,0.0,0.0,1.0,0.0,0.0,Dog,14,"Female, spayed",Large (22.7–40.5 kg or 50–89 lb),0 – 30 mins,Raw
587958-587949-60312105,Vegan (consuming no animal products),5.0,5.0,1.0,5.0,5.0,1.0,5.0,1.0,1.0,1.0,Healthy,1,No,0.0,0.0,0.0,0.0,0.0,0.0,Dog,8,"Male, sexually intact",Large (22.7–40.5 kg or 50–89 lb),1 – 3 hrs,Vegan
587958-587949-60312851,Vegan (consuming no animal products),4.0,4.0,1.0,2.0,2.0,1.0,3.0,4.0,3.0,2.0,Healthy,1,No,0.0,0.0,0.0,0.0,0.0,0.0,Dog,10,"Female, spayed",Large (22.7–40.5 kg or 50–89 lb),1 – 3 hrs,Vegan
587958-587949-60322606,Meat-based – raw,4.0,3.0,2.0,,,2.0,4.0,2.0,4.0,4.0,Healthy,3,Yes,0.0,0.0,0.0,0.0,0.0,1.0,Dog,5,"Female, spayed",Giant (> 40.9 kg or > 90 lb),0 – 30 mins,Raw
587958-587949-60430166,Meat-based – conventional,4.0,4.0,3.0,3.0,3.0,3.0,3.0,3.0,3.0,3.0,Healthy,1,No,0.0,0.0,0.0,0.0,0.0,0.0,Dog,2,"Female, spayed",Large (22.7–40.5 kg or 50–89 lb),1 – 3 hrs,Conventional
587958-587949-60431447,Meat-based – conventional,3.0,3.0,1.0,4.0,1.0,2.0,4.0,4.0,2.0,2.0,Generally healthy with minor or infrequent problems,2,Yes,0.0,0.0,0.0,0.0,0.0,0.0,Dog,7,"Male, castrated",Large (22.7–40.5 kg or 50–89 lb),30 – 60 mins,Conventional
587958-587949-60434386,Vegan (consuming no animal products),5.0,3.0,1.0,4.0,2.0,1.0,4.0,3.0,4.0,2.0,Healthy,1,No,0.0,0.0,0.0,0.0,0.0,0.0,Dog,14,"Male, castrated",Medium (11.4–22.3 kg or 25–49 lb),1 – 3 hrs,Vegan
587958-587949-60434796,Meat-based – conventional,5.0,3.0,3.0,5.0,5.0,5.0,5.0,5.0,5.0,2.0,Significant or frequent problems,2,Yes,0.0,0.0,0.0,0.0,1.0,0.0,Dog,12,"Male, sexually intact",Medium (11.4–22.3 kg or 25–49 lb),30 – 60 mins,Conventional
587958-587949-60442464,Meat-based – conventional,2.0,4.0,2.0,3.0,3.0,3.0,2.0,5.0,1.0,1.0,Generally healthy with minor or infrequent problems,1,Yes,0.0,0.0,0.0,0.0,0.0,0.0,Dog,9,"Female, sexually intact",Small (4.5–10.9 kg or 10–24 lb),30 – 60 mins,Conventional
587958-587949-60442419,Meat-based – conventional,3.0,5.0,1.0,1.0,1.0,1.0,1.0,1.0,1.0,1.0,Generally healthy with minor or infrequent problems,2,Yes,0.0,0.0,0.0,0.0,0.0,0.0,Dog,14,"Male, castrated",Large (22.7–40.5 kg or 50–89 lb),30 – 60 mins,Conventional
587958-587949-60442436,Meat-based – conventional,5.0,5.0,1.0,2.0,2.0,1.0,5.0,3.0,5.0,4.0,Generally healthy with minor or infrequent problems,2,Yes,0.0,0.0,0.0,0.0,1.0,0.0,Dog,14,"Female, spayed",Small (4.5–10.9 kg or 10–24 lb),1 – 3 hrs,Conventional
587958-587949-60442403,Meat-based – raw,4.0,4.0,1.0,3.0,2.0,1.0,4.0,2.0,3.0,1.0,Healthy,1,Yes,0.0,0.0,0.0,0.0,0.0,0.0,Dog,6,"Female, spayed",Large (22.7–40.5 kg or 50–89 lb),1 – 3 hrs,Raw
587958-587949-60442572,Vegan (consuming no animal products),3.0,2.0,2.0,2.0,2.0,2.0,4.0,4.0,4.0,4.0,Healthy,1,No,0.0,0.0,0.0,0.0,0.0,0.0,Dog,5,"Female, spayed",Large (22.7–40.5 kg or 50–89 lb),1 – 3 hrs,Vegan
587958-587949-60442727,Meat-based – raw,5.0,5.0,1.0,4.0,3.0,1.0,5.0,3.0,5.0,1.0,Healthy,0,No,0.0,0.0,0.0,0.0,0.0,0.0,Dog,6,"Female, sexually intact",Medium (11.4–22.3 kg or 25–49 lb),30 – 60 mins,Raw
587958-587949-60442782,Meat-based – conventional,4.0,4.0,3.0,4.0,1.0,1.0,1.0,1.0,1.0,1.0,Healthy,1,No,0.0,0.0,0.0,0.0,0.0,0.0,Dog,2,"Male, castrated",Large (22.7–40.5 kg or 50–89 lb),1 – 3 hrs,Conventional
587958-587949-60443112,Vegan (consuming no animal products),5.0,5.0,3.0,3.0,5.0,1.0,5.0,1.0,5.0,3.0,Healthy,0,Yes,0.0,0.0,0.0,0.0,0.0,0.0,Dog,6,"Male, castrated",Large (22.7–40.5 kg or 50–89 lb),1 – 3 hrs,Vegan
587958-587949-60443033,Vegan (consuming no animal products),1.0,4.0,1.0,1.0,3.0,1.0,1.0,5.0,4.0,1.0,Healthy,0,No,0.0,0.0,0.0,0.0,0.0,0.0,Dog,5,"Male, sexually intact",Large (22.7–40.5 kg or 50–89 lb),> 3 hrs,Vegan
587958-587949-60443096,Meat-based – conventional,5.0,5.0,5.0,5.0,3.0,4.0,4.0,3.0,2.0,1.0,Healthy,1,No,0.0,0.0,0.0,0.0,0.0,0.0,Dog,10,"Female, spayed",Large (22.7–40.5 kg or 50–89 lb),1 – 3 hrs,Conventional
587958-587949-60443341,Meat-based – conventional,3.0,4.0,2.0,4.0,3.0,1.0,4.0,2.0,5.0,,Generally healthy with minor or infrequent problems,3,Yes,0.0,0.0,1.0,0.0,0.0,0.0,Dog,8,"Male, castrated",Small (4.5–10.9 kg or 10–24 lb),30 – 60 mins,Conventional
587958-587949-60443351,Vegan (consuming no animal products),2.0,4.0,2.0,3.0,,1.0,2.0,4.0,2.0,1.0,Healthy,1,No,0.0,0.0,0.0,0.0,0.0,0.0,Dog,8,"Male, castrated",Toy (≤ 4.1 kg or ≤ 9 lb),30 – 60 mins,Vegan
587958-587949-60443546,Meat-based – raw,5.0,5.0,2.0,5.0,5.0,2.0,5.0,1.0,5.0,1.0,Healthy,1,No,0.0,0.0,0.0,0.0,0.0,0.0,Dog,12,"Female, spayed",Large (22.7–40.5 kg or 50–89 lb),30 – 60 mins,Raw
587958-587949-60444628,Meat-based – raw,4.0,4.0,4.0,4.0,4.0,2.0,4.0,2.0,4.0,1.0,Generally healthy with minor or infrequent problems,2,Yes,0.0,0.0,0.0,0.0,0.0,1.0,Dog,10,"Male, castrated",Small (4.5–10.9 kg or 10–24 lb),> 3 hrs,Raw
587958-587949-60445391,Meat-based – conventional,2.0,3.0,3.0,3.0,3.0,3.0,3.0,4.0,1.0,1.0,Healthy,0,No,0.0,0.0,0.0,0.0,0.0,0.0,Dog,8,"Female, spayed",Medium (11.4–22.3 kg or 25–49 lb),30 – 60 mins,Conventional
587958-587949-60445576,Vegan (consuming no animal products),5.0,5.0,4.0,5.0,4.0,1.0,5.0,1.0,4.0,4.0,Generally healthy with minor or infrequent problems,1,Yes,0.0,0.0,0.0,0.0,0.0,0.0,Dog,3,"Male, castrated",Giant (> 40.9 kg or > 90 lb),1 – 3 hrs,Vegan
587958-587949-60446286,Vegan (consuming no animal products),3.0,4.0,1.0,1.0,1.0,1.0,2.0,3.0,5.0,5.0,Healthy,1,No,0.0,0.0,0.0,0.0,0.0,0.0,Dog,4,"Male, sexually intact",Medium (11.4–22.3 kg or 25–49 lb),30 – 60 mins,Vegan
587958-587949-60446663,Meat-based – conventional,2.0,3.0,2.0,2.0,2.0,2.0,2.0,4.0,2.0,3.0,Generally healthy with minor or infrequent problems,2,Yes,0.0,0.0,0.0,1.0,0.0,0.0,Dog,4,"Female, spayed",Small (4.5–10.9 kg or 10–24 lb),1 – 3 hrs,Conventional
587958-587949-60446954,Meat-based – conventional,5.0,5.0,5.0,5.0,5.0,,5.0,2.0,1.0,,Generally healthy with minor or infrequent problems,3,Yes,1.0,0.0,0.0,0.0,0.0,0.0,Dog,8,"Female, spayed",Medium (11.4–22.3 kg or 25–49 lb),1 – 3 hrs,Conventional
587958-587949-60448822,Meat-based – conventional,5.0,5.0,5.0,5.0,4.0,4.0,5.0,3.0,5.0,3.0,Healthy,1,No,0.0,0.0,0.0,0.0,0.0,0.0,Dog,12,"Female, spayed",Toy (≤ 4.1 kg or ≤ 9 lb),1 – 3 hrs,Conventional
587958-587949-60449040,Meat-based – conventional,4.0,4.0,1.0,4.0,1.0,1.0,2.0,4.0,1.0,1.0,Healthy,1,No,0.0,0.0,0.0,0.0,0.0,0.0,Dog,4,"Male, castrated",Large (22.7–40.5 kg or 50–89 lb),1 – 3 hrs,Conventional
587958-587949-60449386,Meat-based – conventional,3.0,5.0,2.0,4.0,3.0,2.0,2.0,4.0,2.0,4.0,Generally healthy with minor or infrequent problems,1,Yes,0.0,0.0,0.0,1.0,0.0,0.0,Dog,5,"Female, spayed",Small (4.5–10.9 kg or 10–24 lb),1 – 3 hrs,Conventional
587958-587949-60449516,Meat-based – conventional,5.0,5.0,4.0,5.0,5.0,4.0,5.0,2.0,5.0,4.0,Healthy,1,No,0.0,0.0,0.0,0.0,0.0,0.0,Dog,5,"Female, spayed",Small (4.5–10.9 kg or 10–24 lb),30 – 60 mins,Conventional
587958-587949-60450735,Meat-based – conventional,2.0,5.0,4.0,3.0,1.0,2.0,2.0,4.0,2.0,4.0,Generally healthy with minor or infrequent problems,3,Yes,0.0,0.0,0.0,0.0,1.0,0.0,Dog,2,"Female, spayed",Small (4.5–10.9 kg or 10–24 lb),1 – 3 hrs,Conventional
587958-587949-60451895,Meat-based – raw,4.0,,1.0,4.0,1.0,2.0,4.0,5.0,4.0,1.0,Generally healthy with minor or infrequent problems,>3,Yes,0.0,0.0,0.0,0.0,0.0,0.0,Dog,1,"Male, castrated",Medium (11.4–22.3 kg or 25–49 lb),1 – 3 hrs,Raw
587958-587949-60452080,Vegan (consuming no animal products),5.0,,5.0,5.0,3.0,1.0,5.0,2.0,5.0,4.0,Generally healthy with minor or infrequent problems,1,No,0.0,0.0,0.0,0.0,0.0,0.0,Dog,5,"Female, spayed",Medium (11.4–22.3 kg or 25–49 lb),30 – 60 mins,Vegan
587958-587949-60453320,Vegan (consuming no animal products),3.0,4.0,3.0,3.0,3.0,3.0,3.0,4.0,4.0,5.0,Generally healthy with minor or infrequent problems,2,No,0.0,0.0,0.0,0.0,0.0,0.0,Dog,2,"Male, castrated",Giant (> 40.9 kg or > 90 lb),> 3 hrs,Vegan
587958-587949-60453961,Meat-based – conventional,5.0,5.0,1.0,4.0,4.0,1.0,3.0,1.0,4.0,3.0,Healthy,1,No,0.0,0.0,0.0,0.0,0.0,0.0,Dog,10,"Female, spayed",Large (22.7–40.5 kg or 50–89 lb),1 – 3 hrs,Conventional
587958-587949-60454849,Meat-based – raw,5.0,5.0,4.0,4.0,4.0,2.0,5.0,2.0,2.0,2.0,Healthy,1,No,0.0,0.0,0.0,0.0,0.0,0.0,Dog,9,"Female, spayed",Small (4.5–10.9 kg or 10–24 lb),1 – 3 hrs,Raw
587958-587949-60455122,Meat-based – conventional,5.0,5.0,3.0,4.0,5.0,1.0,5.0,1.0,3.0,1.0,Generally healthy with minor or infrequent problems,>3,Yes,0.0,0.0,0.0,0.0,0.0,0.0,Dog,4,"Male, castrated",Large (22.7–40.5 kg or 50–89 lb),30 – 60 mins,Conventional
587958-587949-60456253,Vegan (consuming no animal products),3.0,5.0,5.0,5.0,3.0,4.0,3.0,4.0,3.0,3.0,Healthy,1,No,0.0,0.0,0.0,0.0,0.0,0.0,Dog,10,"Female, spayed",Small (4.5–10.9 kg or 10–24 lb),30 – 60 mins,Vegan
587958-587949-60457221,Meat-based – conventional,5.0,5.0,5.0,5.0,3.0,2.0,5.0,1.0,1.0,1.0,Healthy,2,No,0.0,0.0,0.0,0.0,0.0,0.0,Dog,3,"Female, spayed",Small (4.5–10.9 kg or 10–24 lb),0 – 30 mins,Conventional
587958-587949-60459708,Vegan (consuming no animal products),2.0,3.0,1.0,3.0,1.0,1.0,1.0,3.0,1.0,1.0,Healthy,0,No,0.0,0.0,0.0,0.0,0.0,0.0,Dog,10,"Male, sexually intact",Medium (11.4–22.3 kg or 25–49 lb),1 – 3 hrs,Vegan
587958-587949-60460148,Vegan (consuming no animal products),4.0,3.0,2.0,4.0,,2.0,4.0,2.0,4.0,3.0,Healthy,1,Yes,0.0,0.0,0.0,0.0,0.0,0.0,Dog,13,"Female, spayed",Medium (11.4–22.3 kg or 25–49 lb),1 – 3 hrs,Vegan
587958-587949-60463064,Meat-based – conventional,5.0,5.0,4.0,5.0,4.0,2.0,4.0,1.0,1.0,1.0,Healthy,3,No,0.0,0.0,0.0,0.0,0.0,0.0,Dog,6,"Female, spayed",Large (22.7–40.5 kg or 50–89 lb),1 – 3 hrs,Conventional
587958-587949-60464942,Meat-based – conventional,5.0,4.0,2.0,5.0,5.0,1.0,5.0,1.0,3.0,2.0,Generally healthy with minor or infrequent problems,>3,Yes,0.0,0.0,0.0,0.0,0.0,0.0,Dog,4,"Male, castrated",Large (22.7–40.5 kg or 50–89 lb),1 – 3 hrs,Conventional
587958-587949-60464972,Meat-based – conventional,5.0,5.0,5.0,5.0,5.0,4.0,5.0,3.0,5.0,5.0,Healthy,0,No,0.0,0.0,0.0,0.0,0.0,0.0,Dog,3,"Female, spayed",Small (4.5–10.9 kg or 10–24 lb),0 – 30 mins,Conventional
587958-587949-60465673,Meat-based – conventional,5.0,5.0,1.0,4.0,3.0,1.0,4.0,1.0,5.0,1.0,Healthy,1,No,0.0,0.0,0.0,0.0,0.0,0.0,Dog,6,"Male, castrated",Large (22.7–40.5 kg or 50–89 lb),30 – 60 mins,Conventional
587958-587949-60466415,Vegan (consuming no animal products),5.0,3.0,1.0,4.0,2.0,1.0,4.0,3.0,3.0,1.0,Generally healthy with minor or infrequent problems,1,Yes,0.0,0.0,0.0,1.0,0.0,0.0,Dog,15,"Female, spayed",Medium (11.4–22.3 kg or 25–49 lb),30 – 60 mins,Vegan
587958-587949-60467674,Vegan (consuming no animal products),3.0,4.0,1.0,2.0,1.0,1.0,2.0,3.0,3.0,3.0,Healthy,1,No,0.0,0.0,0.0,0.0,0.0,0.0,Dog,2,"Female, spayed",Medium (11.4–22.3 kg or 25–49 lb),1 – 3 hrs,Vegan
587958-587949-60469066,Vegan (consuming no animal products),5.0,5.0,2.0,5.0,2.0,2.0,5.0,3.0,4.0,2.0,Healthy,1,No,0.0,0.0,0.0,0.0,0.0,0.0,Dog,11,"Female, spayed",Large (22.7–40.5 kg or 50–89 lb),30 – 60 mins,Vegan
587958-587949-60474809,Vegan (consuming no animal products),5.0,4.0,4.0,5.0,4.0,4.0,5.0,2.0,4.0,1.0,Healthy,0,No,0.0,0.0,0.0,0.0,0.0,0.0,Dog,1,"Female, spayed",Medium (11.4–22.3 kg or 25–49 lb),1 – 3 hrs,Vegan
587958-587949-60479763,Vegan (consuming no animal products),5.0,4.0,1.0,4.0,3.0,1.0,5.0,1.0,4.0,2.0,Healthy,2,Yes,0.0,0.0,0.0,0.0,0.0,0.0,Dog,4,"Female, spayed",Large (22.7–40.5 kg or 50–89 lb),1 – 3 hrs,Vegan
587958-587949-60481959,Meat-based – raw,5.0,5.0,5.0,5.0,5.0,1.0,5.0,,5.0,5.0,Healthy,1,Yes,0.0,0.0,0.0,0.0,0.0,0.0,Dog,6,"Male, sexually intact",Medium (11.4–22.3 kg or 25–49 lb),1 – 3 hrs,Raw
587958-587949-60482156,Meat-based – conventional,5.0,4.0,2.0,5.0,5.0,2.0,5.0,4.0,5.0,5.0,Generally healthy with minor or infrequent problems,3,Yes,0.0,0.0,0.0,0.0,0.0,1.0,Dog,8,"Female, spayed",Large (22.7–40.5 kg or 50–89 lb),30 – 60 mins,Conventional
587958-587949-60483083,Meat-based – conventional,4.0,4.0,4.0,4.0,3.0,4.0,4.0,2.0,2.0,2.0,Generally healthy with minor or infrequent problems,2,No,0.0,0.0,0.0,0.0,0.0,0.0,Dog,8,"Male, castrated",Small (4.5–10.9 kg or 10–24 lb),30 – 60 mins,Conventional
587958-587949-60484067,Meat-based – raw,4.0,4.0,4.0,4.0,2.0,2.0,3.0,4.0,3.0,2.0,Generally healthy with minor or infrequent problems,2,Yes,0.0,0.0,0.0,0.0,0.0,0.0,Dog,8,"Male, castrated",Medium (11.4–22.3 kg or 25–49 lb),30 – 60 mins,Raw
587958-587949-60484002,Meat-based – raw,5.0,5.0,3.0,4.0,4.0,2.0,5.0,2.0,4.0,2.0,Healthy,3,Yes,0.0,0.0,0.0,1.0,0.0,0.0,Dog,10,"Female, spayed",Medium (11.4–22.3 kg or 25–49 lb),30 – 60 mins,Raw
587958-587949-60485059,Vegan (consuming no animal products),2.0,4.0,2.0,2.0,2.0,2.0,2.0,4.0,3.0,3.0,Healthy,2,No,0.0,0.0,0.0,0.0,0.0,0.0,Dog,8,"Male, castrated",Medium (11.4–22.3 kg or 25–49 lb),1 – 3 hrs,Vegan
587958-587949-60485272,Meat-based – conventional,1.0,3.0,1.0,1.0,1.0,1.0,1.0,4.0,4.0,1.0,Generally healthy with minor or infrequent problems,1,No,0.0,0.0,0.0,0.0,0.0,0.0,Dog,5,"Female, sexually intact",Giant (> 40.9 kg or > 90 lb),0 – 30 mins,Conventional
587958-587949-60485863,Vegan (consuming no animal products),5.0,5.0,1.0,4.0,3.0,1.0,5.0,2.0,5.0,5.0,Healthy,1,No,0.0,0.0,0.0,0.0,0.0,0.0,Dog,14,"Male, castrated",Small (4.5–10.9 kg or 10–24 lb),1 – 3 hrs,Vegan
587958-587949-60486783,Vegan (consuming no animal products),5.0,5.0,1.0,5.0,5.0,4.0,5.0,1.0,5.0,1.0,Healthy,2,No,0.0,0.0,0.0,0.0,0.0,0.0,Dog,4,"Female, sexually intact",Medium (11.4–22.3 kg or 25–49 lb),1 – 3 hrs,Vegan
587958-587949-60496687,Meat-based – raw,4.0,3.0,1.0,4.0,3.0,1.0,4.0,3.0,3.0,2.0,Generally healthy with minor or infrequent problems,1,Yes,0.0,0.0,0.0,0.0,0.0,0.0,Dog,6,"Female, spayed",Medium (11.4–22.3 kg or 25–49 lb),> 3 hrs,Raw
587958-587949-60502309,Meat-based – conventional,5.0,5.0,2.0,5.0,5.0,2.0,5.0,2.0,2.0,2.0,Healthy,2,No,0.0,0.0,0.0,0.0,0.0,0.0,Dog,3,"Male, castrated",Medium (11.4–22.3 kg or 25–49 lb),1 – 3 hrs,Conventional
587958-587949-60515396,Vegan (consuming no animal products),5.0,5.0,5.0,1.0,4.0,2.0,5.0,1.0,4.0,1.0,Generally healthy with minor or infrequent problems,3,Yes,0.0,0.0,0.0,0.0,0.0,0.0,Dog,10,"Male, castrated",Large (22.7–40.5 kg or 50–89 lb),30 – 60 mins,Vegan
587958-587949-60519903,Vegan (consuming no animal products),4.0,4.0,1.0,,,1.0,4.0,3.0,2.0,1.0,Healthy,2,No,0.0,0.0,0.0,0.0,0.0,0.0,Dog,2,"Male, castrated",Large (22.7–40.5 kg or 50–89 lb),30 – 60 mins,Vegan
587958-587949-60521209,Meat-based – conventional,3.0,5.0,5.0,3.0,1.0,1.0,2.0,3.0,3.0,1.0,Healthy,1,No,0.0,0.0,0.0,0.0,0.0,0.0,Dog,3,"Male, castrated",Small (4.5–10.9 kg or 10–24 lb),30 – 60 mins,Conventional
587958-587949-60543628,Meat-based – raw,5.0,1.0,1.0,5.0,5.0,1.0,5.0,1.0,5.0,1.0,Healthy,0,No,0.0,0.0,0.0,0.0,0.0,0.0,Dog,5,"Male, castrated",Large (22.7–40.5 kg or 50–89 lb),1 – 3 hrs,Raw
587958-587949-60565857,Meat-based – raw,5.0,4.0,4.0,5.0,4.0,4.0,5.0,4.0,5.0,4.0,Healthy,1,Yes,0.0,0.0,0.0,0.0,0.0,0.0,Dog,5,"Male, castrated",Large (22.7–40.5 kg or 50–89 lb),30 – 60 mins,Raw
587958-587949-60566923,Meat-based – raw,5.0,5.0,2.0,3.0,2.0,2.0,5.0,2.0,5.0,2.0,Generally healthy with minor or infrequent problems,>3,Yes,0.0,0.0,0.0,0.0,0.0,0.0,Dog,9,"Male, castrated",Large (22.7–40.5 kg or 50–89 lb),1 – 3 hrs,Raw
587958-587949-60565903,Meat-based – raw,3.0,3.0,1.0,4.0,1.0,1.0,3.0,5.0,4.0,1.0,Generally healthy with minor or infrequent problems,2,Yes,0.0,0.0,0.0,0.0,0.0,0.0,Dog,5,"Female, spayed",Small (4.5–10.9 kg or 10–24 lb),1 – 3 hrs,Raw
587958-587949-60571462,Meat-based – conventional,5.0,5.0,3.0,5.0,5.0,1.0,4.0,4.0,4.0,1.0,Significant or frequent problems,>3,Yes,0.0,0.0,0.0,0.0,0.0,0.0,Dog,6,"Male, castrated",Large (22.7–40.5 kg or 50–89 lb),> 3 hrs,Conventional
587958-587949-60571909,Meat-based – conventional,5.0,5.0,1.0,4.0,4.0,1.0,4.0,1.0,3.0,1.0,Healthy,3,No,0.0,0.0,0.0,0.0,0.0,0.0,Dog,9,"Female, spayed",Large (22.7–40.5 kg or 50–89 lb),1 – 3 hrs,Conventional
587958-587949-60633463,Meat-based – conventional,5.0,5.0,1.0,5.0,5.0,1.0,5.0,3.0,5.0,1.0,Generally healthy with minor or infrequent problems,1,Yes,0.0,0.0,0.0,0.0,0.0,0.0,Dog,9,"Male, castrated",Giant (> 40.9 kg or > 90 lb),0 – 30 mins,Conventional
587958-587949-60775756,Vegan (consuming no animal products),5.0,3.0,3.0,2.0,1.0,1.0,5.0,4.0,3.0,4.0,Healthy,2,No,0.0,0.0,0.0,0.0,0.0,0.0,Dog,5,"Female, spayed",Medium (11.4–22.3 kg or 25–49 lb),1 – 3 hrs,Vegan
587958-587949-60803934,Meat-based – conventional,5.0,3.0,1.0,3.0,3.0,1.0,4.0,1.0,2.0,1.0,Significant or frequent problems,>3,Yes,0.0,0.0,0.0,0.0,1.0,0.0,Dog,13,"Female, spayed",Large (22.7–40.5 kg or 50–89 lb),1 – 3 hrs,Conventional
587958-587949-60915780,Meat-based – conventional,2.0,3.0,2.0,2.0,3.0,2.0,2.0,4.0,2.0,2.0,Healthy,1,Yes,0.0,0.0,0.0,0.0,0.0,0.0,Dog,8,"Male, castrated",Large (22.7–40.5 kg or 50–89 lb),1 – 3 hrs,Conventional
587958-587949-60983085,Meat-based – conventional,5.0,5.0,3.0,3.0,2.0,3.0,2.0,4.0,4.0,3.0,Healthy,2,No,0.0,0.0,0.0,0.0,0.0,0.0,Dog,3,"Female, spayed",Medium (11.4–22.3 kg or 25–49 lb),1 – 3 hrs,Conventional
587958-587949-61020275,Vegan (consuming no animal products),4.0,4.0,2.0,4.0,3.0,3.0,3.0,2.0,4.0,2.0,Healthy,1,Yes,0.0,0.0,0.0,0.0,0.0,0.0,Dog,13,"Female, spayed",Small (4.5–10.9 kg or 10–24 lb),0 – 30 mins,Vegan
587958-587949-61019829,Vegan (consuming no animal products),5.0,5.0,5.0,5.0,5.0,4.0,4.0,4.0,3.0,1.0,Generally healthy with minor or infrequent problems,2,Yes,0.0,0.0,0.0,0.0,0.0,0.0,Dog,4,"Male, castrated",Large (22.7–40.5 kg or 50–89 lb),30 – 60 mins,Vegan
587958-587949-61023024,Vegan (consuming no animal products),4.0,3.0,1.0,4.0,,1.0,4.0,1.0,,1.0,Generally healthy with minor or infrequent problems,1,No,0.0,0.0,0.0,0.0,1.0,1.0,Dog,4,"Female, sexually intact",Large (22.7–40.5 kg or 50–89 lb),30 – 60 mins,Vegan
587958-587949-61029990,Vegan (consuming no animal products),3.0,2.0,2.0,4.0,3.0,1.0,3.0,2.0,3.0,2.0,Healthy,2,No,0.0,0.0,0.0,0.0,0.0,0.0,Dog,11,"Male, castrated",Medium (11.4–22.3 kg or 25–49 lb),30 – 60 mins,Vegan
587958-587949-61030822,Vegan (consuming no animal products),4.0,2.0,4.0,4.0,2.0,4.0,4.0,4.0,4.0,2.0,Healthy,1,No,0.0,0.0,0.0,0.0,0.0,0.0,Dog,3,"Male, castrated",Medium (11.4–22.3 kg or 25–49 lb),30 – 60 mins,Vegan
587958-587949-61030489,Vegan (consuming no animal products),5.0,5.0,3.0,5.0,5.0,2.0,5.0,1.0,5.0,1.0,Generally healthy with minor or infrequent problems,2,Yes,0.0,0.0,0.0,0.0,0.0,0.0,Dog,6,"Male, castrated",Large (22.7–40.5 kg or 50–89 lb),1 – 3 hrs,Vegan
587958-587949-61031171,Vegan (consuming no animal products),5.0,5.0,5.0,5.0,3.0,5.0,5.0,1.0,5.0,2.0,Generally healthy with minor or infrequent problems,2,No,0.0,0.0,1.0,0.0,0.0,0.0,Dog,17,"Female, spayed",Small (4.5–10.9 kg or 10–24 lb),1 – 3 hrs,Vegan
587958-587949-61031270,Vegan (consuming no animal products),4.0,5.0,3.0,3.0,3.0,3.0,4.0,2.0,4.0,3.0,Healthy,1,No,0.0,0.0,0.0,0.0,0.0,0.0,Dog,2,"Female, spayed",Large (22.7–40.5 kg or 50–89 lb),1 – 3 hrs,Vegan
587958-587949-61031889,Vegan (consuming no animal products),4.0,3.0,2.0,5.0,4.0,1.0,3.0,1.0,3.0,1.0,Healthy,3,No,0.0,0.0,0.0,0.0,0.0,0.0,Dog,2,"Female, spayed",Large (22.7–40.5 kg or 50–89 lb),1 – 3 hrs,Vegan
587958-587949-61033753,Vegan (consuming no animal products),5.0,5.0,3.0,5.0,5.0,5.0,4.0,5.0,2.0,4.0,Generally healthy with minor or infrequent problems,3,No,0.0,0.0,0.0,0.0,0.0,0.0,Dog,14,"Female, spayed",Large (22.7–40.5 kg or 50–89 lb),0 – 30 mins,Vegan
587958-587949-61037004,Vegan (consuming no animal products),3.0,4.0,3.0,4.0,3.0,4.0,3.0,3.0,3.0,2.0,Healthy,1,No,0.0,0.0,0.0,0.0,0.0,0.0,Dog,14,"Female, spayed",Medium (11.4–22.3 kg or 25–49 lb),1 – 3 hrs,Vegan
587958-587949-61037325,Vegan (consuming no animal products),4.0,4.0,1.0,4.0,2.0,1.0,4.0,4.0,4.0,1.0,Generally healthy with minor or infrequent problems,1,Yes,0.0,0.0,0.0,1.0,0.0,0.0,Dog,10,"Male, castrated",Medium (11.4–22.3 kg or 25–49 lb),1 – 3 hrs,Vegan
587958-587949-61038301,Vegan (consuming no animal products),5.0,5.0,3.0,4.0,3.0,4.0,3.0,2.0,4.0,1.0,Generally healthy with minor or infrequent problems,3,Yes,0.0,0.0,0.0,0.0,0.0,0.0,Dog,13,"Female, spayed",Medium (11.4–22.3 kg or 25–49 lb),30 – 60 mins,Vegan
587958-587949-61039611,Vegan (consuming no animal products),5.0,5.0,3.0,4.0,2.0,2.0,5.0,1.0,5.0,4.0,Generally healthy with minor or infrequent problems,2,Yes,0.0,0.0,0.0,0.0,0.0,0.0,Dog,10,"Male, castrated",Large (22.7–40.5 kg or 50–89 lb),1 – 3 hrs,Vegan
587958-587949-61040082,Vegan (consuming no animal products),5.0,5.0,5.0,5.0,1.0,5.0,5.0,2.0,5.0,2.0,Generally healthy with minor or infrequent problems,1,Yes,0.0,0.0,0.0,0.0,0.0,1.0,Dog,5,"Female, spayed",Small (4.5–10.9 kg or 10–24 lb),1 – 3 hrs,Vegan
587958-587949-61040237,Vegan (consuming no animal products),5.0,5.0,5.0,4.0,3.0,2.0,5.0,2.0,2.0,2.0,Healthy,1,No,0.0,0.0,0.0,0.0,0.0,0.0,Dog,7,"Male, castrated",Small (4.5–10.9 kg or 10–24 lb),Unsure,Vegan
587958-587949-61040720,Vegan (consuming no animal products),4.0,4.0,3.0,4.0,3.0,5.0,4.0,3.0,3.0,2.0,Generally healthy with minor or infrequent problems,3,Yes,0.0,0.0,0.0,0.0,0.0,0.0,Dog,11,"Male, castrated",Medium (11.4–22.3 kg or 25–49 lb),30 – 60 mins,Vegan
587958-587949-61042135,Meat-based – conventional,2.0,2.0,2.0,2.0,2.0,2.0,2.0,4.0,2.0,2.0,Healthy,2,Yes,0.0,1.0,0.0,0.0,0.0,0.0,Dog,2,"Male, sexually intact",Medium (11.4–22.3 kg or 25–49 lb),1 – 3 hrs,Conventional
587958-587949-61042734,Vegan (consuming no animal products),5.0,5.0,5.0,5.0,5.0,5.0,5.0,4.0,5.0,4.0,Healthy,2,Yes,0.0,0.0,0.0,0.0,0.0,0.0,Dog,2,"Female, spayed",Large (22.7–40.5 kg or 50–89 lb),30 – 60 mins,Vegan
587958-587949-61043941,Vegan (consuming no animal products),5.0,5.0,5.0,5.0,2.0,4.0,5.0,2.0,2.0,2.0,Generally healthy with minor or infrequent problems,2,No,0.0,0.0,0.0,0.0,1.0,0.0,Dog,9,"Male, castrated",Small (4.5–10.9 kg or 10–24 lb),0 – 30 mins,Vegan
587958-587949-61044713,Vegan (consuming no animal products),4.0,4.0,2.0,5.0,5.0,5.0,4.0,2.0,4.0,4.0,Healthy,1,No,0.0,0.0,0.0,0.0,0.0,0.0,Dog,4,"Female, spayed",Medium (11.4–22.3 kg or 25–49 lb),1 – 3 hrs,Vegan
587958-587949-61044747,Vegan (consuming no animal products),1.0,1.0,1.0,4.0,1.0,1.0,2.0,4.0,4.0,1.0,Healthy,2,No,0.0,0.0,0.0,0.0,0.0,0.0,Dog,6,"Female, spayed",Medium (11.4–22.3 kg or 25–49 lb),1 – 3 hrs,Vegan
587958-587949-61070367,Meat-based – conventional,3.0,4.0,3.0,3.0,3.0,4.0,3.0,4.0,3.0,4.0,Healthy,0,No,0.0,0.0,0.0,0.0,0.0,0.0,Dog,5,"Female, sexually intact",Small (4.5–10.9 kg or 10–24 lb),30 – 60 mins,Conventional
587958-587949-61086110,Vegan (consuming no animal products),4.0,4.0,4.0,4.0,2.0,2.0,2.0,4.0,4.0,4.0,Healthy,1,No,0.0,0.0,0.0,0.0,0.0,0.0,Dog,6,"Female, spayed",Medium (11.4–22.3 kg or 25–49 lb),1 – 3 hrs,Vegan
587958-587949-61091598,Vegan (consuming no animal products),5.0,5.0,5.0,5.0,3.0,4.0,4.0,2.0,4.0,1.0,Generally healthy with minor or infrequent problems,3,Yes,0.0,0.0,0.0,0.0,1.0,0.0,Dog,4,"Female, sexually intact",Small (4.5–10.9 kg or 10–24 lb),30 – 60 mins,Vegan
587958-587949-61092072,Vegan (consuming no animal products),5.0,5.0,2.0,5.0,4.0,4.0,5.0,2.0,3.0,2.0,Healthy,2,No,0.0,0.0,0.0,0.0,0.0,0.0,Dog,8,"Male, castrated",Medium (11.4–22.3 kg or 25–49 lb),30 – 60 mins,Vegan
587958-587949-61092719,Meat-based – conventional,4.0,3.0,2.0,5.0,5.0,1.0,4.0,3.0,4.0,,Generally healthy with minor or infrequent problems,>3,Yes,0.0,0.0,0.0,0.0,0.0,1.0,Dog,2,"Male, castrated",Large (22.7–40.5 kg or 50–89 lb),1 – 3 hrs,Conventional
587958-587949-61097954,Vegan (consuming no animal products),5.0,5.0,2.0,2.0,2.0,2.0,5.0,2.0,2.0,2.0,Healthy,1,No,0.0,0.0,0.0,0.0,0.0,0.0,Dog,5,"Male, castrated",Medium (11.4–22.3 kg or 25–49 lb),1 – 3 hrs,Vegan
587958-587949-61102389,Meat-based – conventional,2.0,2.0,2.0,3.0,3.0,4.0,3.0,4.0,2.0,2.0,Generally healthy with minor or infrequent problems,0,No,0.0,0.0,0.0,0.0,0.0,0.0,Dog,3,"Male, castrated",Toy (≤ 4.1 kg or ≤ 9 lb),30 – 60 mins,Conventional
587958-587949-61105642,Meat-based – conventional,5.0,5.0,5.0,5.0,2.0,4.0,5.0,2.0,4.0,1.0,Healthy,0,No,0.0,0.0,0.0,0.0,0.0,0.0,Dog,6,"Female, spayed",Small (4.5–10.9 kg or 10–24 lb),1 – 3 hrs,Conventional
587958-587949-61117868,Vegan (consuming no animal products),5.0,5.0,3.0,3.0,2.0,2.0,5.0,4.0,4.0,2.0,Healthy,1,No,0.0,0.0,0.0,0.0,0.0,0.0,Dog,8,"Male, castrated",Medium (11.4–22.3 kg or 25–49 lb),30 – 60 mins,Vegan
587958-587949-61120321,Meat-based – conventional,5.0,5.0,1.0,2.0,4.0,1.0,4.0,5.0,5.0,,Healthy,2,Yes,0.0,0.0,0.0,0.0,0.0,0.0,Dog,4,"Female, spayed",Large (22.7–40.5 kg or 50–89 lb),> 3 hrs,Conventional
587958-587949-61120592,Meat-based – conventional,4.0,5.0,1.0,1.0,2.0,1.0,3.0,5.0,3.0,,Generally healthy with minor or infrequent problems,1,Yes,0.0,0.0,1.0,0.0,0.0,1.0,Dog,9,"Male, castrated",Small (4.5–10.9 kg or 10–24 lb),1 – 3 hrs,Conventional
587958-587949-61120769,Vegan (consuming no animal products),4.0,4.0,3.0,3.0,3.0,3.0,4.0,4.0,4.0,4.0,Generally healthy with minor or infrequent problems,1,Yes,0.0,0.0,0.0,1.0,0.0,1.0,Dog,12,"Female, spayed",Large (22.7–40.5 kg or 50–89 lb),0 – 30 mins,Vegan
587958-587949-61120818,Vegan (consuming no animal products),3.0,4.0,4.0,4.0,2.0,3.0,4.0,5.0,1.0,1.0,Healthy,2,Yes,0.0,0.0,0.0,0.0,0.0,0.0,Dog,5,"Female, spayed",Small (4.5–10.9 kg or 10–24 lb),1 – 3 hrs,Vegan
587958-587949-61120721,Vegan (consuming no animal products),4.0,3.0,3.0,3.0,3.0,3.0,4.0,3.0,2.0,1.0,Generally healthy with minor or infrequent problems,1,Yes,0.0,0.0,0.0,0.0,0.0,0.0,Dog,13,"Female, spayed",Medium (11.4–22.3 kg or 25–49 lb),1 – 3 hrs,Vegan
587958-587949-61121590,Meat-based – conventional,5.0,5.0,3.0,5.0,3.0,3.0,5.0,5.0,5.0,2.0,Generally healthy with minor or infrequent problems,2,Yes,0.0,0.0,0.0,0.0,0.0,0.0,Dog,2,"Female, sexually intact",Medium (11.4–22.3 kg or 25–49 lb),1 – 3 hrs,Conventional
587958-587949-61122135,Meat-based – raw,5.0,5.0,5.0,5.0,5.0,5.0,5.0,5.0,5.0,1.0,Healthy,0,No,0.0,0.0,0.0,0.0,0.0,0.0,Dog,1,"Female, sexually intact",Large (22.7–40.5 kg or 50–89 lb),1 – 3 hrs,Raw
587958-587949-61122354,Meat-based – raw,5.0,5.0,5.0,2.0,2.0,2.0,5.0,2.0,3.0,3.0,Healthy,>3,Yes,0.0,0.0,0.0,0.0,0.0,0.0,Dog,4,"Female, spayed",Large (22.7–40.5 kg or 50–89 lb),1 – 3 hrs,Raw
587958-587949-61123622,Meat-based – conventional,2.0,3.0,4.0,4.0,3.0,2.0,1.0,3.0,3.0,1.0,Healthy,0,No,0.0,0.0,0.0,0.0,0.0,0.0,Dog,7,"Female, spayed",Large (22.7–40.5 kg or 50–89 lb),30 – 60 mins,Conventional
587958-587949-61125898,Meat-based – raw,5.0,5.0,5.0,5.0,5.0,2.0,5.0,2.0,3.0,4.0,Healthy,0,No,0.0,0.0,0.0,0.0,0.0,0.0,Dog,2,"Male, castrated",Medium (11.4–22.3 kg or 25–49 lb),1 – 3 hrs,Raw
587958-587949-61130942,Meat-based – conventional,1.0,1.0,1.0,1.0,1.0,1.0,1.0,4.0,1.0,1.0,Generally healthy with minor or infrequent problems,1,Yes,0.0,0.0,0.0,1.0,0.0,0.0,Dog,7,"Female, spayed",Small (4.5–10.9 kg or 10–24 lb),0 – 30 mins,Conventional
587958-587949-61148854,Vegan (consuming no animal products),5.0,5.0,2.0,5.0,5.0,1.0,4.0,2.0,4.0,1.0,Generally healthy with minor or infrequent problems,2,No,0.0,0.0,0.0,0.0,0.0,0.0,Dog,8,"Male, castrated",Large (22.7–40.5 kg or 50–89 lb),1 – 3 hrs,Vegan
587958-587949-61193720,Meat-based – conventional,5.0,3.0,2.0,,2.0,2.0,5.0,2.0,3.0,2.0,Healthy,1,No,0.0,0.0,0.0,0.0,0.0,0.0,Dog,9,"Male, castrated",Small (4.5–10.9 kg or 10–24 lb),1 – 3 hrs,Conventional
587958-587949-61194749,Meat-based – conventional,4.0,1.0,1.0,1.0,,1.0,3.0,3.0,3.0,3.0,Healthy,1,Yes,0.0,0.0,0.0,1.0,0.0,0.0,Dog,7,"Male, castrated",Small (4.5–10.9 kg or 10–24 lb),30 – 60 mins,Conventional
587958-587949-61198095,Meat-based – conventional,5.0,5.0,5.0,5.0,4.0,2.0,4.0,4.0,4.0,2.0,Generally healthy with minor or infrequent problems,2,Yes,0.0,0.0,0.0,0.0,0.0,1.0,Dog,5,"Male, sexually intact",Medium (11.4–22.3 kg or 25–49 lb),1 – 3 hrs,Conventional
587958-587949-61251362,Meat-based – conventional,4.0,5.0,2.0,2.0,4.0,5.0,3.0,2.0,4.0,4.0,Generally healthy with minor or infrequent problems,2,Yes,0.0,0.0,0.0,0.0,0.0,1.0,Dog,6,"Male, castrated",Medium (11.4–22.3 kg or 25–49 lb),30 – 60 mins,Conventional
587958-587949-61299234,Meat-based – conventional,4.0,4.0,4.0,2.0,3.0,2.0,4.0,2.0,4.0,3.0,Healthy,1,No,0.0,0.0,0.0,0.0,0.0,0.0,Dog,4,"Male, castrated",Giant (> 40.9 kg or > 90 lb),30 – 60 mins,Conventional
587958-587949-61302478,Vegan (consuming no animal products),3.0,2.0,2.0,4.0,4.0,2.0,4.0,4.0,3.0,2.0,Healthy,2,No,0.0,0.0,0.0,0.0,0.0,0.0,Dog,8,"Male, castrated",Large (22.7–40.5 kg or 50–89 lb),1 – 3 hrs,Vegan
587958-587949-61342671,Vegan (consuming no animal products),3.0,4.0,4.0,1.0,1.0,4.0,5.0,4.0,1.0,3.0,Generally healthy with minor or infrequent problems,2,Yes,0.0,0.0,0.0,0.0,0.0,0.0,Dog,11,"Male, castrated",Medium (11.4–22.3 kg or 25–49 lb),30 – 60 mins,Vegan
587958-587949-61385306,Meat-based – conventional,2.0,2.0,2.0,4.0,2.0,4.0,3.0,4.0,4.0,2.0,Healthy,1,No,0.0,0.0,0.0,0.0,0.0,0.0,Dog,5,"Male, sexually intact",Medium (11.4–22.3 kg or 25–49 lb),1 – 3 hrs,Conventional
587958-587949-61386476,Meat-based – conventional,2.0,2.0,2.0,4.0,3.0,1.0,4.0,4.0,1.0,,Generally healthy with minor or infrequent problems,1,No,0.0,0.0,0.0,0.0,0.0,0.0,Dog,4,"Female, spayed",Large (22.7–40.5 kg or 50–89 lb),30 – 60 mins,Conventional
587958-587949-61385955,Meat-based – conventional,5.0,5.0,5.0,5.0,4.0,2.0,5.0,1.0,4.0,4.0,Generally healthy with minor or infrequent problems,2,Yes,0.0,0.0,0.0,1.0,0.0,1.0,Dog,9,"Female, spayed",Medium (11.4–22.3 kg or 25–49 lb),1 – 3 hrs,Conventional
587958-587949-61385712,Meat-based – conventional,5.0,5.0,5.0,5.0,2.0,2.0,5.0,1.0,4.0,2.0,Healthy,0,Yes,0.0,0.0,0.0,0.0,0.0,0.0,Dog,4,"Female, spayed",Small (4.5–10.9 kg or 10–24 lb),30 – 60 mins,Conventional
587958-587949-61387767,Meat-based – conventional,5.0,4.0,1.0,4.0,4.0,1.0,5.0,1.0,1.0,1.0,Generally healthy with minor or infrequent problems,>3,Yes,0.0,0.0,0.0,0.0,0.0,0.0,Dog,13,"Male, castrated",Large (22.7–40.5 kg or 50–89 lb),30 – 60 mins,Conventional
587958-587949-61390589,Meat-based – raw,5.0,5.0,5.0,5.0,5.0,5.0,5.0,2.0,4.0,1.0,Healthy,2,No,0.0,0.0,0.0,0.0,0.0,0.0,Dog,11,"Male, castrated",Large (22.7–40.5 kg or 50–89 lb),1 – 3 hrs,Raw
587958-587949-61390931,Meat-based – raw,5.0,5.0,5.0,5.0,3.0,2.0,2.0,2.0,2.0,2.0,Healthy,2,No,0.0,0.0,0.0,0.0,0.0,0.0,Dog,3,"Female, sexually intact",Medium (11.4–22.3 kg or 25–49 lb),> 3 hrs,Raw
587958-587949-61390938,Meat-based – conventional,2.0,2.0,1.0,4.0,2.0,1.0,3.0,1.0,2.0,1.0,Generally healthy with minor or infrequent problems,1,No,0.0,0.0,0.0,0.0,0.0,1.0,Dog,4,"Female, spayed",Large (22.7–40.5 kg or 50–89 lb),1 – 3 hrs,Conventional
587958-587949-61396049,Meat-based – conventional,5.0,5.0,5.0,5.0,4.0,3.0,5.0,3.0,5.0,2.0,Generally healthy with minor or infrequent problems,2,Yes,0.0,0.0,0.0,0.0,1.0,0.0,Dog,5,"Male, castrated",Small (4.5–10.9 kg or 10–24 lb),30 – 60 mins,Conventional
587958-587949-61395560,Meat-based – conventional,5.0,5.0,5.0,5.0,3.0,1.0,5.0,4.0,2.0,1.0,Healthy,2,No,0.0,0.0,0.0,0.0,0.0,0.0,Dog,4,"Male, castrated",Large (22.7–40.5 kg or 50–89 lb),1 – 3 hrs,Conventional
587958-587949-61405553,Meat-based – conventional,5.0,5.0,5.0,5.0,5.0,,5.0,,,,Generally healthy with minor or infrequent problems,2,No,0.0,0.0,0.0,0.0,0.0,1.0,Dog,4,"Female, sexually intact",Medium (11.4–22.3 kg or 25–49 lb),30 – 60 mins,Conventional
587958-587949-61409984,Meat-based – conventional,2.0,2.0,2.0,2.0,2.0,2.0,1.0,5.0,4.0,1.0,Healthy,>3,Yes,0.0,0.0,0.0,0.0,1.0,0.0,Dog,8,"Female, spayed",Small (4.5–10.9 kg or 10–24 lb),1 – 3 hrs,Conventional
587958-587949-61416836,Meat-based – raw,5.0,5.0,5.0,5.0,5.0,5.0,4.0,2.0,5.0,2.0,Healthy,3,No,0.0,0.0,0.0,0.0,0.0,0.0,Dog,12,"Female, spayed",Large (22.7–40.5 kg or 50–89 lb),0 – 30 mins,Raw
587958-587949-61416862,Vegan (consuming no animal products),2.0,2.0,2.0,2.0,2.0,2.0,2.0,4.0,2.0,2.0,Healthy,3,Yes,0.0,0.0,0.0,0.0,0.0,0.0,Dog,8,"Male, castrated",Small (4.5–10.9 kg or 10–24 lb),30 – 60 mins,Vegan
587958-587949-61423922,Meat-based – raw,5.0,5.0,5.0,5.0,5.0,2.0,5.0,2.0,5.0,2.0,Healthy,2,No,0.0,0.0,0.0,0.0,0.0,0.0,Dog,5,"Male, castrated",Giant (> 40.9 kg or > 90 lb),30 – 60 mins,Raw
587958-587949-61423997,Meat-based – raw,5.0,5.0,5.0,3.0,5.0,2.0,5.0,,5.0,,Generally healthy with minor or infrequent problems,>3,Yes,0.0,0.0,1.0,0.0,1.0,0.0,Dog,11,"Male, sexually intact",Large (22.7–40.5 kg or 50–89 lb),30 – 60 mins,Raw
587958-587949-61424096,Meat-based – conventional,3.0,4.0,3.0,4.0,3.0,2.0,2.0,5.0,5.0,4.0,Generally healthy with minor or infrequent problems,0,No,0.0,0.0,0.0,0.0,0.0,0.0,Dog,Unsure,"Male, sexually intact",Medium (11.4–22.3 kg or 25–49 lb),0 – 30 mins,Conventional
587958-587949-61432819,Meat-based – conventional,5.0,5.0,5.0,5.0,,5.0,2.0,4.0,4.0,4.0,Healthy,0,No,0.0,0.0,0.0,0.0,0.0,0.0,Dog,4,"Male, castrated",Medium (11.4–22.3 kg or 25–49 lb),> 3 hrs,Conventional
587958-587949-61433749,Meat-based – raw,5.0,5.0,3.0,5.0,5.0,5.0,5.0,3.0,5.0,1.0,Healthy,0,No,0.0,0.0,0.0,0.0,0.0,0.0,Dog,13,"Male, castrated",Medium (11.4–22.3 kg or 25–49 lb),0 – 30 mins,Raw
587958-587949-61439320,Meat-based – conventional,3.0,4.0,1.0,3.0,4.0,1.0,1.0,1.0,4.0,1.0,Healthy,1,No,0.0,0.0,0.0,0.0,0.0,0.0,Dog,2,"Female, sexually intact",Large (22.7–40.5 kg or 50–89 lb),1 – 3 hrs,Conventional
587958-587949-61439577,Meat-based – raw,4.0,4.0,2.0,2.0,2.0,2.0,2.0,4.0,4.0,2.0,Healthy,1,No,0.0,0.0,0.0,0.0,0.0,0.0,Dog,3,"Male, castrated",Small (4.5–10.9 kg or 10–24 lb),1 – 3 hrs,Raw
587958-587949-61439659,Meat-based – conventional,2.0,2.0,2.0,2.0,1.0,1.0,1.0,4.0,1.0,,Generally healthy with minor or infrequent problems,2,Yes,0.0,0.0,0.0,0.0,0.0,0.0,Dog,6,"Male, castrated",Small (4.5–10.9 kg or 10–24 lb),1 – 3 hrs,Conventional
587958-587949-61439589,Meat-based – conventional,3.0,4.0,2.0,2.0,2.0,2.0,3.0,4.0,4.0,3.0,Healthy,1,No,0.0,0.0,0.0,0.0,0.0,0.0,Dog,3,"Female, spayed",Medium (11.4–22.3 kg or 25–49 lb),1 – 3 hrs,Conventional
587958-587949-61439793,Meat-based – raw,4.0,4.0,2.0,4.0,2.0,2.0,2.0,4.0,2.0,2.0,Healthy,1,No,0.0,0.0,0.0,0.0,0.0,0.0,Dog,2,"Male, castrated",Small (4.5–10.9 kg or 10–24 lb),1 – 3 hrs,Raw
587958-587949-61439839,Meat-based – conventional,5.0,5.0,3.0,5.0,2.0,1.0,3.0,4.0,5.0,4.0,Generally healthy with minor or infrequent problems,1,No,0.0,0.0,0.0,0.0,0.0,0.0,Dog,4,"Male, castrated",Small (4.5–10.9 kg or 10–24 lb),30 – 60 mins,Conventional
587958-587949-61439826,Meat-based – conventional,4.0,5.0,5.0,4.0,1.0,4.0,3.0,3.0,2.0,1.0,Healthy,>3,Yes,0.0,0.0,0.0,0.0,0.0,0.0,Dog,1,"Male, castrated",Medium (11.4–22.3 kg or 25–49 lb),> 3 hrs,Conventional
587958-587949-61439912,Meat-based – conventional,5.0,5.0,4.0,3.0,3.0,3.0,2.0,1.0,3.0,1.0,Healthy,1,No,0.0,0.0,0.0,0.0,0.0,0.0,Dog,4,"Male, castrated",Small (4.5–10.9 kg or 10–24 lb),1 – 3 hrs,Conventional
587958-587949-61440018,Meat-based – conventional,5.0,5.0,5.0,5.0,3.0,4.0,4.0,1.0,1.0,1.0,Generally healthy with minor or infrequent problems,2,No,0.0,0.0,0.0,0.0,0.0,0.0,Dog,8,"Male, sexually intact",Large (22.7–40.5 kg or 50–89 lb),1 – 3 hrs,Conventional
587958-587949-61440293,Meat-based – conventional,3.0,3.0,2.0,4.0,2.0,1.0,2.0,5.0,3.0,,Healthy,0,No,0.0,0.0,0.0,0.0,0.0,0.0,Dog,5,"Female, spayed",Small (4.5–10.9 kg or 10–24 lb),1 – 3 hrs,Conventional
587958-587949-61439872,Meat-based – raw,4.0,5.0,3.0,3.0,3.0,3.0,4.0,4.0,2.0,2.0,Healthy,0,No,0.0,0.0,0.0,0.0,0.0,0.0,Dog,2,"Male, castrated",Small (4.5–10.9 kg or 10–24 lb),1 – 3 hrs,Raw
587958-587949-61440605,Meat-based – conventional,1.0,1.0,4.0,1.0,1.0,1.0,1.0,5.0,3.0,4.0,Healthy,1,No,0.0,0.0,0.0,0.0,0.0,0.0,Dog,3,"Male, castrated",Small (4.5–10.9 kg or 10–24 lb),1 – 3 hrs,Conventional
587958-587949-61440632,Meat-based – raw,3.0,4.0,3.0,2.0,2.0,2.0,3.0,4.0,4.0,3.0,Healthy,2,No,0.0,0.0,0.0,0.0,0.0,0.0,Dog,1,"Male, sexually intact",Medium (11.4–22.3 kg or 25–49 lb),1 – 3 hrs,Raw
587958-587949-61440603,Meat-based – raw,3.0,3.0,2.0,2.0,2.0,2.0,3.0,5.0,4.0,2.0,Generally healthy with minor or infrequent problems,2,Yes,0.0,0.0,0.0,0.0,1.0,0.0,Dog,1,"Female, spayed",Medium (11.4–22.3 kg or 25–49 lb),30 – 60 mins,Raw
587958-587949-61440631,Meat-based – conventional,5.0,5.0,3.0,4.0,4.0,3.0,4.0,4.0,4.0,4.0,Generally healthy with minor or infrequent problems,0,No,0.0,0.0,0.0,0.0,0.0,0.0,Dog,2,"Female, spayed",Medium (11.4–22.3 kg or 25–49 lb),30 – 60 mins,Conventional
587958-587949-61440643,Meat-based – conventional,4.0,4.0,2.0,3.0,1.0,1.0,2.0,4.0,2.0,1.0,Healthy,2,No,0.0,0.0,0.0,0.0,0.0,0.0,Dog,1,"Female, sexually intact",Small (4.5–10.9 kg or 10–24 lb),> 3 hrs,Conventional
587958-587949-61440751,Meat-based – raw,5.0,5.0,5.0,5.0,4.0,2.0,5.0,2.0,5.0,2.0,Generally healthy with minor or infrequent problems,0,No,0.0,0.0,0.0,0.0,0.0,0.0,Dog,6,"Female, spayed",Small (4.5–10.9 kg or 10–24 lb),1 – 3 hrs,Raw
587958-587949-61440772,Meat-based – conventional,1.0,2.0,1.0,1.0,1.0,1.0,1.0,4.0,1.0,1.0,Healthy,2,Yes,0.0,0.0,0.0,0.0,0.0,0.0,Dog,2,"Male, sexually intact",Medium (11.4–22.3 kg or 25–49 lb),> 3 hrs,Conventional
587958-587949-61440811,Meat-based – raw,5.0,4.0,4.0,3.0,2.0,4.0,4.0,2.0,4.0,2.0,Healthy,3,No,0.0,0.0,0.0,0.0,0.0,0.0,Dog,1,"Female, sexually intact",Medium (11.4–22.3 kg or 25–49 lb),30 – 60 mins,Raw
587958-587949-61440834,Meat-based – conventional,5.0,5.0,5.0,5.0,3.0,1.0,5.0,4.0,5.0,2.0,Generally healthy with minor or infrequent problems,>3,Yes,0.0,0.0,0.0,0.0,0.0,0.0,Dog,2,"Male, sexually intact",Medium (11.4–22.3 kg or 25–49 lb),0 – 30 mins,Conventional
587958-587949-61440862,Meat-based – conventional,4.0,4.0,3.0,4.0,3.0,1.0,2.0,4.0,4.0,3.0,Healthy,2,No,0.0,0.0,0.0,0.0,0.0,0.0,Dog,15,"Female, spayed",Large (22.7–40.5 kg or 50–89 lb),30 – 60 mins,Conventional
587958-587949-61440946,Meat-based – conventional,3.0,4.0,1.0,4.0,5.0,2.0,3.0,4.0,4.0,2.0,Generally healthy with minor or infrequent problems,2,Yes,1.0,0.0,0.0,0.0,0.0,0.0,Dog,9,"Male, sexually intact",Giant (> 40.9 kg or > 90 lb),30 – 60 mins,Conventional
587958-587949-61440996,Meat-based – raw,5.0,5.0,1.0,4.0,2.0,2.0,2.0,2.0,1.0,1.0,Healthy,0,No,0.0,0.0,0.0,0.0,0.0,0.0,Dog,4,"Female, sexually intact",Small (4.5–10.9 kg or 10–24 lb),1 – 3 hrs,Raw
587958-587949-61441084,Meat-based – conventional,3.0,3.0,2.0,,2.0,2.0,3.0,4.0,3.0,3.0,Generally healthy with minor or infrequent problems,>3,Yes,0.0,0.0,0.0,0.0,0.0,1.0,Dog,1,"Female, sexually intact",Small (4.5–10.9 kg or 10–24 lb),30 – 60 mins,Conventional
587958-587949-61441151,Meat-based – raw,1.0,3.0,1.0,5.0,3.0,1.0,1.0,5.0,1.0,1.0,Healthy,3,Yes,0.0,0.0,0.0,0.0,0.0,0.0,Dog,2,"Male, castrated",Large (22.7–40.5 kg or 50–89 lb),30 – 60 mins,Raw
587958-587949-61441184,Meat-based – conventional,4.0,4.0,4.0,2.0,2.0,2.0,1.0,2.0,3.0,1.0,Healthy,1,No,0.0,0.0,0.0,0.0,0.0,0.0,Dog,2,"Male, sexually intact",Medium (11.4–22.3 kg or 25–49 lb),1 – 3 hrs,Conventional
587958-587949-61441281,Meat-based – conventional,1.0,1.0,1.0,1.0,1.0,1.0,4.0,1.0,1.0,1.0,Healthy,0,No,0.0,0.0,0.0,0.0,0.0,0.0,Dog,3,"Male, castrated",Medium (11.4–22.3 kg or 25–49 lb),1 – 3 hrs,Conventional
587958-587949-61441672,Meat-based – raw,5.0,5.0,1.0,4.0,2.0,1.0,2.0,1.0,4.0,1.0,Healthy,0,No,0.0,0.0,0.0,0.0,0.0,0.0,Dog,2,"Female, sexually intact",Large (22.7–40.5 kg or 50–89 lb),1 – 3 hrs,Raw
587958-587949-61442576,Meat-based – conventional,1.0,1.0,1.0,1.0,1.0,1.0,1.0,1.0,1.0,1.0,Healthy,1,No,0.0,0.0,0.0,0.0,0.0,0.0,Dog,4,"Male, sexually intact",Medium (11.4–22.3 kg or 25–49 lb),30 – 60 mins,Conventional
587958-587949-61442814,Meat-based – raw,1.0,1.0,1.0,4.0,1.0,1.0,1.0,4.0,1.0,1.0,Generally healthy with minor or infrequent problems,>3,Yes,0.0,0.0,0.0,0.0,1.0,0.0,Dog,2,"Male, sexually intact",Small (4.5–10.9 kg or 10–24 lb),1 – 3 hrs,Raw
587958-587949-61443225,Meat-based – conventional,5.0,5.0,3.0,5.0,2.0,2.0,2.0,5.0,2.0,4.0,Healthy,0,No,0.0,0.0,0.0,0.0,0.0,0.0,Dog,4,"Male, castrated",Medium (11.4–22.3 kg or 25–49 lb),> 3 hrs,Conventional
587958-587949-61443472,Meat-based – conventional,4.0,4.0,1.0,4.0,3.0,1.0,2.0,1.0,1.0,3.0,Healthy,Unsure,No,0.0,0.0,0.0,0.0,0.0,0.0,Dog,10,"Female, spayed",Medium (11.4–22.3 kg or 25–49 lb),> 3 hrs,Conventional
587958-587949-61443529,Meat-based – raw,5.0,5.0,5.0,5.0,5.0,1.0,5.0,1.0,1.0,1.0,Generally healthy with minor or infrequent problems,3,Yes,0.0,0.0,0.0,1.0,1.0,0.0,Dog,12,"Male, castrated",Small (4.5–10.9 kg or 10–24 lb),30 – 60 mins,Raw
587958-587949-61443720,Meat-based – raw,5.0,5.0,2.0,3.0,3.0,2.0,5.0,3.0,2.0,2.0,Generally healthy with minor or infrequent problems,1,Yes,0.0,0.0,0.0,0.0,0.0,0.0,Dog,4,"Male, sexually intact",Large (22.7–40.5 kg or 50–89 lb),1 – 3 hrs,Raw
587958-587949-61443608,Meat-based – conventional,2.0,4.0,2.0,3.0,2.0,2.0,2.0,4.0,2.0,2.0,Generally healthy with minor or infrequent problems,2,Yes,0.0,0.0,0.0,0.0,0.0,0.0,Dog,2,"Female, sexually intact",Small (4.5–10.9 kg or 10–24 lb),1 – 3 hrs,Conventional
587958-587949-61443914,Meat-based – conventional,1.0,1.0,1.0,4.0,2.0,1.0,1.0,5.0,4.0,1.0,Generally healthy with minor or infrequent problems,>3,Yes,0.0,0.0,0.0,0.0,1.0,0.0,Dog,2,"Female, spayed",Small (4.5–10.9 kg or 10–24 lb),1 – 3 hrs,Conventional
587958-587949-61445011,Meat-based – conventional,1.0,2.0,1.0,2.0,2.0,2.0,2.0,5.0,3.0,1.0,Generally healthy with minor or infrequent problems,1,No,0.0,0.0,0.0,0.0,0.0,0.0,Dog,5,"Female, spayed",Small (4.5–10.9 kg or 10–24 lb),30 – 60 mins,Conventional
587958-587949-61445180,Meat-based – conventional,5.0,5.0,2.0,3.0,4.0,5.0,1.0,3.0,3.0,4.0,Healthy,1,No,0.0,0.0,0.0,0.0,0.0,0.0,Dog,8,"Female, spayed",Medium (11.4–22.3 kg or 25–49 lb),1 – 3 hrs,Conventional
587958-587949-61445227,Vegan (consuming no animal products),2.0,2.0,2.0,2.0,2.0,2.0,2.0,5.0,3.0,1.0,Significant or frequent problems,>3,No,0.0,0.0,0.0,0.0,0.0,0.0,Dog,14,"Male, castrated",Small (4.5–10.9 kg or 10–24 lb),0 – 30 mins,Vegan
587958-587949-61446006,Vegan (consuming no animal products),4.0,3.0,2.0,2.0,1.0,1.0,2.0,3.0,2.0,2.0,Healthy,1,No,0.0,0.0,0.0,0.0,0.0,0.0,Dog,3,"Female, spayed",Large (22.7–40.5 kg or 50–89 lb),30 – 60 mins,Vegan
587958-587949-61446063,Vegan (consuming no animal products),5.0,5.0,5.0,5.0,1.0,1.0,5.0,1.0,5.0,1.0,Generally healthy with minor or infrequent problems,2,Yes,0.0,0.0,0.0,0.0,1.0,0.0,Dog,11,"Female, spayed",Small (4.5–10.9 kg or 10–24 lb),30 – 60 mins,Vegan
587958-587949-61446342,Meat-based – conventional,4.0,3.0,3.0,4.0,,3.0,4.0,3.0,3.0,1.0,Significant or frequent problems,>3,Yes,0.0,0.0,0.0,0.0,0.0,0.0,Dog,15,"Female, spayed",Small (4.5–10.9 kg or 10–24 lb),1 – 3 hrs,Conventional
587958-587949-61448310,Vegan (consuming no animal products),5.0,5.0,3.0,3.0,3.0,3.0,5.0,3.0,3.0,3.0,Healthy,0,No,0.0,0.0,0.0,0.0,0.0,0.0,Dog,7,"Female, spayed",Large (22.7–40.5 kg or 50–89 lb),30 – 60 mins,Vegan
587958-587949-61449194,Meat-based – conventional,3.0,3.0,2.0,2.0,2.0,1.0,2.0,2.0,2.0,1.0,Healthy,1,No,0.0,0.0,0.0,0.0,0.0,0.0,Dog,7,"Female, spayed",Medium (11.4–22.3 kg or 25–49 lb),30 – 60 mins,Conventional
587958-587949-61449552,Meat-based – conventional,2.0,4.0,2.0,3.0,2.0,2.0,2.0,4.0,2.0,2.0,Healthy,2,No,0.0,0.0,0.0,0.0,0.0,0.0,Dog,1,"Female, sexually intact",Large (22.7–40.5 kg or 50–89 lb),> 3 hrs,Conventional
587958-587949-61450136,Vegan (consuming no animal products),1.0,4.0,2.0,4.0,1.0,4.0,1.0,4.0,4.0,1.0,Healthy,1,No,0.0,0.0,0.0,0.0,0.0,0.0,Dog,2,"Male, castrated",Small (4.5–10.9 kg or 10–24 lb),1 – 3 hrs,Vegan
587958-587949-61451847,Vegan (consuming no animal products),5.0,5.0,5.0,5.0,5.0,4.0,3.0,3.0,4.0,3.0,Healthy,0,No,0.0,0.0,0.0,0.0,0.0,0.0,Dog,8,"Female, spayed",Small (4.5–10.9 kg or 10–24 lb),30 – 60 mins,Vegan
587958-587949-61452469,Meat-based – conventional,4.0,4.0,3.0,3.0,3.0,3.0,4.0,4.0,4.0,1.0,Healthy,0,No,0.0,0.0,0.0,0.0,0.0,0.0,Dog,6,"Female, spayed",Giant (> 40.9 kg or > 90 lb),0 – 30 mins,Conventional
587958-587949-61457418,Meat-based – conventional,4.0,5.0,4.0,3.0,2.0,4.0,4.0,4.0,4.0,5.0,Healthy,2,Yes,0.0,0.0,0.0,0.0,0.0,0.0,Dog,5,"Male, sexually intact",Medium (11.4–22.3 kg or 25–49 lb),> 3 hrs,Conventional
587958-587949-61458705,Vegan (consuming no animal products),4.0,4.0,4.0,4.0,3.0,2.0,2.0,4.0,3.0,4.0,Healthy,3,No,0.0,0.0,0.0,0.0,0.0,1.0,Dog,3,"Female, spayed",Small (4.5–10.9 kg or 10–24 lb),30 – 60 mins,Vegan
587958-587949-61461444,Meat-based – conventional,5.0,4.0,4.0,4.0,3.0,2.0,4.0,4.0,3.0,2.0,Generally healthy with minor or infrequent problems,2,Yes,0.0,0.0,0.0,0.0,0.0,0.0,Dog,2,"Male, castrated",Medium (11.4–22.3 kg or 25–49 lb),30 – 60 mins,Conventional
587958-587949-61461909,Meat-based – conventional,5.0,5.0,5.0,4.0,4.0,2.0,5.0,4.0,4.0,2.0,Healthy,1,No,0.0,0.0,0.0,0.0,0.0,0.0,Dog,8,"Male, sexually intact",Large (22.7–40.5 kg or 50–89 lb),> 3 hrs,Conventional
587958-587949-61464012,Meat-based – raw,5.0,3.0,5.0,5.0,5.0,5.0,5.0,3.0,3.0,1.0,Healthy,1,No,0.0,0.0,0.0,0.0,0.0,0.0,Dog,2,"Female, spayed",Medium (11.4–22.3 kg or 25–49 lb),30 – 60 mins,Raw
587958-587949-61467179,Vegan (consuming no animal products),5.0,3.0,4.0,5.0,2.0,1.0,3.0,4.0,3.0,3.0,Generally healthy with minor or infrequent problems,2,Yes,0.0,0.0,0.0,0.0,0.0,0.0,Dog,15,"Female, spayed",Small (4.5–10.9 kg or 10–24 lb),1 – 3 hrs,Vegan
587958-587949-61468966,Vegan (consuming no animal products),4.0,2.0,2.0,2.0,2.0,2.0,2.0,4.0,4.0,4.0,Generally healthy with minor or infrequent problems,1,Yes,0.0,0.0,0.0,0.0,0.0,0.0,Dog,12,"Male, castrated",Small (4.5–10.9 kg or 10–24 lb),1 – 3 hrs,Vegan
587958-587949-61490978,Meat-based – conventional,4.0,4.0,2.0,2.0,3.0,2.0,2.0,2.0,2.0,1.0,Significant or frequent problems,>3,Yes,0.0,0.0,0.0,0.0,1.0,0.0,Dog,12,"Male, castrated",Large (22.7–40.5 kg or 50–89 lb),30 – 60 mins,Conventional
587958-587949-61500560,Meat-based – raw,4.0,3.0,3.0,4.0,3.0,3.0,5.0,4.0,5.0,4.0,Generally healthy with minor or infrequent problems,2,Yes,0.0,0.0,0.0,0.0,1.0,0.0,Dog,12,"Female, spayed",Medium (11.4–22.3 kg or 25–49 lb),1 – 3 hrs,Raw
587958-587949-61505400,Meat-based – conventional,2.0,2.0,2.0,4.0,2.0,2.0,2.0,4.0,2.0,2.0,Healthy,0,No,0.0,0.0,0.0,0.0,0.0,0.0,Dog,13,"Female, spayed",Large (22.7–40.5 kg or 50–89 lb),1 – 3 hrs,Conventional
587958-587949-61506762,Meat-based – conventional,3.0,3.0,2.0,4.0,2.0,3.0,2.0,4.0,4.0,2.0,Generally healthy with minor or infrequent problems,2,Yes,0.0,0.0,0.0,0.0,0.0,1.0,Dog,12,"Male, castrated",Medium (11.4–22.3 kg or 25–49 lb),30 – 60 mins,Conventional
587958-587949-61510165,Meat-based – conventional,4.0,4.0,2.0,2.0,2.0,2.0,3.0,3.0,4.0,4.0,Healthy,0,No,0.0,0.0,0.0,0.0,0.0,0.0,Dog,5,"Male, castrated",Large (22.7–40.5 kg or 50–89 lb),1 – 3 hrs,Conventional
587958-587949-61514472,Meat-based – conventional,2.0,4.0,2.0,3.0,3.0,3.0,2.0,3.0,3.0,2.0,Healthy,1,No,0.0,0.0,0.0,0.0,0.0,0.0,Dog,10,"Male, castrated",Large (22.7–40.5 kg or 50–89 lb),30 – 60 mins,Conventional
587958-587949-61515457,Meat-based – conventional,5.0,5.0,5.0,5.0,5.0,2.0,5.0,2.0,2.0,2.0,Generally healthy with minor or infrequent problems,2,Yes,0.0,0.0,1.0,0.0,0.0,0.0,Dog,6,"Female, spayed",Medium (11.4–22.3 kg or 25–49 lb),0 – 30 mins,Conventional
587958-587949-61522407,Vegan (consuming no animal products),4.0,5.0,1.0,4.0,,5.0,1.0,5.0,5.0,4.0,Healthy,1,No,0.0,0.0,0.0,0.0,0.0,0.0,Dog,8,"Female, spayed",Large (22.7–40.5 kg or 50–89 lb),1 – 3 hrs,Vegan
587958-587949-61527770,Vegan (consuming no animal products),5.0,5.0,5.0,5.0,5.0,4.0,4.0,2.0,4.0,1.0,Generally healthy with minor or infrequent problems,>3,Yes,0.0,0.0,0.0,0.0,0.0,0.0,Dog,9,"Female, spayed",Large (22.7–40.5 kg or 50–89 lb),1 – 3 hrs,Vegan
587958-587949-61530799,Meat-based – conventional,5.0,5.0,4.0,4.0,4.0,2.0,4.0,2.0,3.0,2.0,Generally healthy with minor or infrequent problems,3,Yes,0.0,0.0,0.0,0.0,0.0,0.0,Dog,9,"Male, castrated",Medium (11.4–22.3 kg or 25–49 lb),1 – 3 hrs,Conventional
587958-587949-61531207,Meat-based – conventional,3.0,3.0,3.0,3.0,3.0,3.0,4.0,4.0,3.0,3.0,Healthy,>3,No,0.0,0.0,0.0,0.0,0.0,0.0,Dog,13,"Male, castrated",Small (4.5–10.9 kg or 10–24 lb),1 – 3 hrs,Conventional
587958-587949-61533327,Meat-based – conventional,1.0,1.0,1.0,1.0,1.0,1.0,1.0,4.0,1.0,1.0,Healthy,2,No,0.0,0.0,0.0,0.0,0.0,0.0,Dog,3,"Female, sexually intact",Giant (> 40.9 kg or > 90 lb),1 – 3 hrs,Conventional
587958-587949-61542701,Vegan (consuming no animal products),5.0,5.0,5.0,5.0,5.0,4.0,5.0,1.0,1.0,2.0,Generally healthy with minor or infrequent problems,2,Yes,0.0,0.0,0.0,0.0,0.0,0.0,Dog,6,"Male, sexually intact",Large (22.7–40.5 kg or 50–89 lb),1 – 3 hrs,Vegan
587958-587949-61544671,Meat-based – conventional,5.0,5.0,5.0,5.0,3.0,5.0,5.0,3.0,3.0,5.0,Generally healthy with minor or infrequent problems,>3,Yes,0.0,0.0,0.0,1.0,0.0,0.0,Dog,5,"Female, spayed",Large (22.7–40.5 kg or 50–89 lb),1 – 3 hrs,Conventional
587958-587949-61553570,Vegan (consuming no animal products),5.0,5.0,5.0,5.0,5.0,5.0,3.0,4.0,2.0,1.0,Significant or frequent problems,>3,Yes,0.0,0.0,0.0,0.0,0.0,1.0,Dog,6,"Male, sexually intact",Toy (≤ 4.1 kg or ≤ 9 lb),Unsure,Vegan
587958-587949-61577408,Meat-based – conventional,4.0,4.0,4.0,4.0,4.0,4.0,3.0,4.0,3.0,3.0,Generally healthy with minor or infrequent problems,1,Yes,0.0,0.0,0.0,0.0,0.0,0.0,Dog,6,"Male, castrated",Small (4.5–10.9 kg or 10–24 lb),30 – 60 mins,Conventional
587958-587949-61579285,Meat-based – conventional,5.0,1.0,1.0,4.0,4.0,1.0,4.0,4.0,1.0,1.0,Generally healthy with minor or infrequent problems,>3,Yes,0.0,0.0,0.0,1.0,0.0,1.0,Dog,12,"Male, castrated",Small (4.5–10.9 kg or 10–24 lb),30 – 60 mins,Conventional
587958-587949-61581956,Meat-based – raw,5.0,2.0,3.0,5.0,3.0,1.0,4.0,2.0,3.0,1.0,Healthy,1,No,0.0,0.0,0.0,1.0,0.0,0.0,Dog,2,"Female, spayed",Small (4.5–10.9 kg or 10–24 lb),30 – 60 mins,Raw
587958-587949-61586897,Vegan (consuming no animal products),5.0,5.0,2.0,5.0,5.0,2.0,5.0,2.0,5.0,2.0,Generally healthy with minor or infrequent problems,3,Yes,0.0,0.0,0.0,0.0,0.0,0.0,Dog,14,"Male, castrated",Medium (11.4–22.3 kg or 25–49 lb),1 – 3 hrs,Vegan
587958-587949-61591170,Meat-based – conventional,5.0,5.0,4.0,3.0,2.0,4.0,3.0,2.0,3.0,1.0,Healthy,1,No,0.0,0.0,0.0,0.0,0.0,0.0,Dog,8,"Female, spayed",Medium (11.4–22.3 kg or 25–49 lb),1 – 3 hrs,Conventional
587958-587949-61590640,Meat-based – conventional,2.0,4.0,3.0,4.0,1.0,1.0,1.0,5.0,4.0,4.0,Generally healthy with minor or infrequent problems,1,No,0.0,0.0,0.0,0.0,0.0,0.0,Dog,2,"Female, spayed",Small (4.5–10.9 kg or 10–24 lb),1 – 3 hrs,Conventional
587958-587949-61593486,Meat-based – conventional,5.0,5.0,1.0,3.0,4.0,1.0,5.0,2.0,4.0,1.0,Generally healthy with minor or infrequent problems,2,Yes,0.0,0.0,0.0,1.0,1.0,0.0,Dog,13,"Male, castrated",Medium (11.4–22.3 kg or 25–49 lb),1 – 3 hrs,Conventional
587958-587949-61593357,Meat-based – conventional,4.0,4.0,2.0,4.0,3.0,1.0,4.0,3.0,4.0,4.0,Generally healthy with minor or infrequent problems,3,Yes,0.0,1.0,0.0,0.0,1.0,0.0,Dog,11,"Male, castrated",Large (22.7–40.5 kg or 50–89 lb),30 – 60 mins,Conventional
587958-587949-61602482,Meat-based – conventional,3.0,2.0,2.0,3.0,1.0,1.0,3.0,5.0,5.0,3.0,Healthy,2,No,0.0,0.0,0.0,0.0,0.0,0.0,Dog,10,"Male, castrated",Small (4.5–10.9 kg or 10–24 lb),1 – 3 hrs,Conventional
587958-587949-61637389,Meat-based – conventional,5.0,5.0,5.0,,,1.0,5.0,,5.0,1.0,Generally healthy with minor or infrequent problems,>3,Yes,0.0,0.0,0.0,0.0,1.0,0.0,Dog,7,"Female, spayed",Large (22.7–40.5 kg or 50–89 lb),30 – 60 mins,Conventional
587958-587949-61658718,Vegan (consuming no animal products),4.0,,,1.0,1.0,1.0,4.0,5.0,1.0,1.0,Healthy,3,No,0.0,0.0,0.0,0.0,0.0,0.0,Dog,2,"Male, sexually intact",Medium (11.4–22.3 kg or 25–49 lb),1 – 3 hrs,Vegan
587958-587949-61728678,Meat-based – conventional,1.0,4.0,3.0,2.0,2.0,2.0,2.0,4.0,2.0,1.0,Generally healthy with minor or infrequent problems,>3,Yes,0.0,0.0,0.0,0.0,0.0,0.0,Dog,13,"Female, spayed",Small (4.5–10.9 kg or 10–24 lb),0 – 30 mins,Conventional
587958-587949-61732769,Vegan (consuming no animal products),3.0,2.0,2.0,3.0,,3.0,3.0,5.0,3.0,1.0,Healthy,1,No,0.0,0.0,0.0,0.0,0.0,0.0,Dog,3,"Female, sexually intact",Medium (11.4–22.3 kg or 25–49 lb),> 3 hrs,Vegan
587958-587949-61734957,Vegan (consuming no animal products),5.0,5.0,2.0,4.0,,1.0,4.0,2.0,3.0,3.0,Healthy,2,No,0.0,0.0,0.0,0.0,0.0,0.0,Dog,2,"Male, sexually intact",Large (22.7–40.5 kg or 50–89 lb),1 – 3 hrs,Vegan
587958-587949-61739764,Meat-based – raw,5.0,5.0,5.0,5.0,5.0,5.0,5.0,3.0,3.0,,Healthy,0,No,0.0,0.0,0.0,0.0,0.0,0.0,Dog,1,"Male, sexually intact",Medium (11.4–22.3 kg or 25–49 lb),30 – 60 mins,Raw
587958-587949-61748999,Vegan (consuming no animal products),5.0,5.0,4.0,5.0,3.0,1.0,4.0,1.0,1.0,1.0,Healthy,1,No,0.0,0.0,0.0,0.0,0.0,0.0,Dog,7,"Male, castrated",Large (22.7–40.5 kg or 50–89 lb),1 – 3 hrs,Vegan
587958-587949-61799446,Meat-based – raw,5.0,5.0,4.0,4.0,4.0,5.0,5.0,4.0,4.0,3.0,Significant or frequent problems,2,Yes,0.0,0.0,0.0,0.0,0.0,1.0,Dog,4,"Female, spayed",Large (22.7–40.5 kg or 50–89 lb),0 – 30 mins,Raw
587958-587949-61821203,Meat-based – conventional,5.0,5.0,2.0,5.0,2.0,1.0,5.0,3.0,5.0,1.0,Healthy,2,No,0.0,0.0,0.0,0.0,0.0,0.0,Dog,5,"Male, castrated",Medium (11.4–22.3 kg or 25–49 lb),> 3 hrs,Conventional
587958-587949-61838025,Meat-based – conventional,5.0,5.0,3.0,4.0,4.0,2.0,2.0,2.0,2.0,1.0,Healthy,1,Yes,0.0,0.0,0.0,0.0,1.0,0.0,Dog,4,"Male, sexually intact",Medium (11.4–22.3 kg or 25–49 lb),30 – 60 mins,Conventional
587958-587949-61838009,Meat-based – conventional,4.0,4.0,2.0,2.0,2.0,1.0,4.0,2.0,1.0,1.0,Healthy,2,No,0.0,0.0,0.0,0.0,0.0,0.0,Dog,5,"Female, spayed",Large (22.7–40.5 kg or 50–89 lb),1 – 3 hrs,Conventional
587958-587949-61838208,Meat-based – raw,5.0,5.0,5.0,5.0,5.0,1.0,5.0,5.0,5.0,5.0,Generally healthy with minor or infrequent problems,1,No,0.0,0.0,0.0,0.0,0.0,0.0,Dog,3,"Male, castrated",Medium (11.4–22.3 kg or 25–49 lb),1 – 3 hrs,Raw
587958-587949-61838711,Meat-based – raw,3.0,4.0,1.0,1.0,1.0,1.0,1.0,3.0,2.0,1.0,Healthy,1,No,0.0,0.0,0.0,0.0,0.0,0.0,Dog,4,"Female, sexually intact",Medium (11.4–22.3 kg or 25–49 lb),1 – 3 hrs,Raw
587958-587949-61838723,Meat-based – conventional,4.0,4.0,2.0,4.0,3.0,1.0,3.0,4.0,4.0,1.0,Generally healthy with minor or infrequent problems,>3,No,0.0,0.0,0.0,0.0,0.0,0.0,Dog,12,"Female, spayed",Medium (11.4–22.3 kg or 25–49 lb),1 – 3 hrs,Conventional
587958-587949-61838744,Meat-based – conventional,5.0,5.0,1.0,5.0,2.0,1.0,2.0,2.0,2.0,1.0,Generally healthy with minor or infrequent problems,2,Yes,0.0,0.0,0.0,0.0,0.0,0.0,Dog,12,"Female, spayed",Medium (11.4–22.3 kg or 25–49 lb),1 – 3 hrs,Conventional
587958-587949-61838827,Meat-based – conventional,5.0,3.0,1.0,5.0,5.0,1.0,5.0,2.0,5.0,,Generally healthy with minor or infrequent problems,>3,Yes,0.0,0.0,0.0,0.0,1.0,0.0,Dog,3,"Male, castrated",Giant (> 40.9 kg or > 90 lb),1 – 3 hrs,Conventional
587958-587949-61838785,Meat-based – conventional,4.0,3.0,2.0,4.0,3.0,2.0,4.0,3.0,3.0,2.0,Healthy,0,No,0.0,0.0,0.0,0.0,0.0,0.0,Dog,5,"Male, castrated",Large (22.7–40.5 kg or 50–89 lb),1 – 3 hrs,Conventional
587958-587949-61839082,Meat-based – raw,5.0,5.0,5.0,5.0,5.0,5.0,5.0,1.0,5.0,,Significant or frequent problems,2,Yes,0.0,0.0,0.0,0.0,0.0,1.0,Dog,5,"Female, spayed",Medium (11.4–22.3 kg or 25–49 lb),1 – 3 hrs,Raw
587958-587949-61838732,Meat-based – raw,4.0,4.0,4.0,4.0,4.0,3.0,3.0,2.0,4.0,2.0,Healthy,1,No,0.0,0.0,0.0,0.0,0.0,0.0,Dog,4,"Female, spayed",Large (22.7–40.5 kg or 50–89 lb),> 3 hrs,Raw
587958-587949-61838902,Meat-based – raw,5.0,5.0,5.0,5.0,3.0,5.0,5.0,3.0,5.0,4.0,Healthy,1,No,0.0,0.0,0.0,0.0,0.0,0.0,Dog,10,"Male, castrated",Medium (11.4–22.3 kg or 25–49 lb),1 – 3 hrs,Raw
587958-587949-61838654,Meat-based – conventional,5.0,5.0,2.0,1.0,1.0,1.0,3.0,1.0,4.0,1.0,Generally healthy with minor or infrequent problems,2,Yes,0.0,0.0,0.0,0.0,0.0,0.0,Dog,5,"Female, spayed",Medium (11.4–22.3 kg or 25–49 lb),1 – 3 hrs,Conventional
587958-587949-61839095,Meat-based – conventional,5.0,5.0,2.0,2.0,2.0,5.0,5.0,4.0,3.0,,Significant or frequent problems,3,Yes,0.0,0.0,0.0,0.0,0.0,0.0,Dog,14,"Male, castrated",Large (22.7–40.5 kg or 50–89 lb),0 – 30 mins,Conventional
587958-587949-61838994,Meat-based – conventional,4.0,4.0,2.0,5.0,4.0,3.0,3.0,4.0,4.0,,Generally healthy with minor or infrequent problems,1,No,0.0,0.0,0.0,0.0,0.0,0.0,Dog,6,"Male, castrated",Large (22.7–40.5 kg or 50–89 lb),1 – 3 hrs,Conventional
587958-587949-61839075,Meat-based – conventional,5.0,,3.0,1.0,3.0,1.0,4.0,3.0,4.0,3.0,Generally healthy with minor or infrequent problems,>3,Yes,0.0,0.0,0.0,0.0,1.0,0.0,Dog,6,"Male, castrated",Small (4.5–10.9 kg or 10–24 lb),1 – 3 hrs,Conventional
587958-587949-61839004,Meat-based – conventional,5.0,5.0,1.0,5.0,2.0,2.0,2.0,3.0,5.0,1.0,Healthy,1,No,0.0,0.0,0.0,0.0,0.0,0.0,Dog,7,"Female, spayed",Giant (> 40.9 kg or > 90 lb),30 – 60 mins,Conventional
587958-587949-61838848,Meat-based – raw,4.0,5.0,1.0,3.0,2.0,1.0,4.0,4.0,5.0,1.0,Generally healthy with minor or infrequent problems,>3,Yes,0.0,0.0,0.0,0.0,0.0,0.0,Dog,7,"Male, castrated",Large (22.7–40.5 kg or 50–89 lb),1 – 3 hrs,Raw
587958-587949-61839393,Meat-based – conventional,2.0,5.0,2.0,2.0,2.0,2.0,2.0,5.0,3.0,2.0,Healthy,1,No,0.0,0.0,0.0,0.0,0.0,0.0,Dog,2,"Male, sexually intact",Giant (> 40.9 kg or > 90 lb),30 – 60 mins,Conventional
587958-587949-61839161,Meat-based – conventional,5.0,5.0,4.0,4.0,3.0,2.0,5.0,2.0,3.0,3.0,Significant or frequent problems,1,Yes,0.0,0.0,0.0,0.0,0.0,0.0,Dog,3,"Male, castrated",Medium (11.4–22.3 kg or 25–49 lb),30 – 60 mins,Conventional
587958-587949-61839418,Meat-based – conventional,4.0,3.0,2.0,3.0,4.0,2.0,3.0,2.0,4.0,1.0,Generally healthy with minor or infrequent problems,>3,Yes,0.0,0.0,0.0,0.0,1.0,0.0,Dog,3,"Female, spayed",Large (22.7–40.5 kg or 50–89 lb),1 – 3 hrs,Conventional
587958-587949-61838985,Meat-based – conventional,5.0,5.0,4.0,5.0,1.0,5.0,5.0,5.0,5.0,1.0,Generally healthy with minor or infrequent problems,2,Yes,0.0,1.0,0.0,1.0,1.0,0.0,Dog,14,"Female, spayed",Small (4.5–10.9 kg or 10–24 lb),1 – 3 hrs,Conventional
587958-587949-61839304,Meat-based – conventional,2.0,1.0,1.0,4.0,1.0,1.0,1.0,5.0,2.0,1.0,Healthy,1,No,0.0,0.0,0.0,0.0,0.0,0.0,Dog,3,"Male, castrated",Medium (11.4–22.3 kg or 25–49 lb),> 3 hrs,Conventional
587958-587949-61839231,Meat-based – raw,5.0,5.0,4.0,5.0,5.0,3.0,5.0,3.0,4.0,1.0,Healthy,2,Yes,0.0,0.0,0.0,0.0,0.0,0.0,Dog,10,"Female, spayed",Large (22.7–40.5 kg or 50–89 lb),30 – 60 mins,Raw
587958-587949-61839532,Meat-based – raw,5.0,5.0,5.0,4.0,2.0,1.0,5.0,1.0,2.0,3.0,Healthy,2,No,0.0,0.0,0.0,0.0,0.0,0.0,Dog,11,"Female, spayed",Large (22.7–40.5 kg or 50–89 lb),1 – 3 hrs,Raw
587958-587949-61839234,Meat-based – conventional,5.0,5.0,2.0,5.0,5.0,2.0,5.0,1.0,5.0,5.0,Healthy,0,No,0.0,0.0,0.0,0.0,0.0,0.0,Dog,9,"Female, spayed",Large (22.7–40.5 kg or 50–89 lb),1 – 3 hrs,Conventional
587958-587949-61838823,Meat-based – conventional,2.0,2.0,2.0,2.0,2.0,2.0,2.0,4.0,2.0,,Generally healthy with minor or infrequent problems,1,Yes,0.0,0.0,0.0,0.0,1.0,0.0,Dog,4,"Male, sexually intact",Giant (> 40.9 kg or > 90 lb),1 – 3 hrs,Conventional
587958-587949-61839557,Meat-based – raw,4.0,1.0,3.0,4.0,3.0,1.0,2.0,5.0,2.0,1.0,Generally healthy with minor or infrequent problems,0,No,0.0,0.0,0.0,0.0,0.0,0.0,Dog,11,"Female, spayed",Medium (11.4–22.3 kg or 25–49 lb),30 – 60 mins,Raw
587958-587949-61839519,Meat-based – conventional,3.0,4.0,2.0,3.0,2.0,2.0,3.0,4.0,4.0,2.0,Generally healthy with minor or infrequent problems,1,Yes,0.0,0.0,0.0,0.0,0.0,0.0,Dog,6,"Male, castrated",Giant (> 40.9 kg or > 90 lb),1 – 3 hrs,Conventional
587958-587949-61839486,Meat-based – raw,5.0,5.0,5.0,4.0,4.0,2.0,3.0,4.0,5.0,2.0,Healthy,1,No,0.0,0.0,0.0,0.0,0.0,0.0,Dog,4,"Male, castrated",Medium (11.4–22.3 kg or 25–49 lb),> 3 hrs,Raw
587958-587949-61839913,Meat-based – raw,5.0,5.0,4.0,5.0,5.0,4.0,5.0,2.0,4.0,2.0,Healthy,>3,No,0.0,0.0,0.0,0.0,0.0,0.0,Dog,1,"Female, spayed",Large (22.7–40.5 kg or 50–89 lb),30 – 60 mins,Raw
587958-587949-61839892,Meat-based – conventional,4.0,4.0,2.0,4.0,4.0,2.0,4.0,3.0,4.0,1.0,Healthy,0,No,0.0,0.0,0.0,0.0,0.0,0.0,Dog,2,"Female, spayed",Medium (11.4–22.3 kg or 25–49 lb),1 – 3 hrs,Conventional
587958-587949-61840310,Meat-based – raw,4.0,4.0,4.0,4.0,4.0,3.0,3.0,3.0,4.0,2.0,Healthy,0,No,0.0,0.0,0.0,0.0,0.0,0.0,Dog,1,"Female, sexually intact",Large (22.7–40.5 kg or 50–89 lb),1 – 3 hrs,Raw
587958-587949-61839833,Meat-based – raw,5.0,5.0,5.0,5.0,2.0,5.0,5.0,1.0,5.0,3.0,Healthy,0,No,0.0,0.0,0.0,0.0,0.0,0.0,Dog,4,"Female, spayed",Medium (11.4–22.3 kg or 25–49 lb),30 – 60 mins,Raw
587958-587949-61840217,Meat-based – conventional,5.0,5.0,3.0,5.0,3.0,3.0,4.0,3.0,5.0,1.0,Healthy,1,No,0.0,0.0,0.0,0.0,0.0,0.0,Dog,10,"Male, castrated",Medium (11.4–22.3 kg or 25–49 lb),1 – 3 hrs,Conventional
587958-587949-61840329,Meat-based – raw,5.0,5.0,2.0,3.0,2.0,2.0,5.0,2.0,5.0,1.0,Generally healthy with minor or infrequent problems,0,No,0.0,0.0,0.0,0.0,0.0,0.0,Dog,11,"Male, castrated",Medium (11.4–22.3 kg or 25–49 lb),1 – 3 hrs,Raw
587958-587949-61840267,Meat-based – raw,5.0,4.0,3.0,3.0,4.0,4.0,4.0,5.0,5.0,2.0,Healthy,0,No,0.0,0.0,0.0,0.0,0.0,0.0,Dog,8,"Female, spayed",Large (22.7–40.5 kg or 50–89 lb),30 – 60 mins,Raw
587958-587949-61840370,Meat-based – conventional,5.0,5.0,5.0,4.0,2.0,4.0,4.0,4.0,4.0,2.0,Generally healthy with minor or infrequent problems,2,Yes,0.0,1.0,0.0,0.0,0.0,0.0,Dog,3,"Female, spayed",Small (4.5–10.9 kg or 10–24 lb),1 – 3 hrs,Conventional
587958-587949-61840440,Meat-based – raw,5.0,5.0,2.0,2.0,2.0,2.0,5.0,2.0,2.0,2.0,Healthy,0,No,0.0,0.0,0.0,0.0,0.0,0.0,Dog,4,"Male, sexually intact",Giant (> 40.9 kg or > 90 lb),1 – 3 hrs,Raw
587958-587949-61839867,Meat-based – conventional,2.0,2.0,2.0,2.0,2.0,2.0,2.0,5.0,1.0,1.0,Generally healthy with minor or infrequent problems,1,No,0.0,0.0,0.0,0.0,0.0,0.0,Dog,10,"Male, castrated",Small (4.5–10.9 kg or 10–24 lb),1 – 3 hrs,Conventional
587958-587949-61840766,Meat-based – conventional,2.0,2.0,2.0,2.0,2.0,2.0,1.0,4.0,1.0,1.0,Healthy,1,Yes,0.0,0.0,0.0,0.0,0.0,0.0,Dog,2,"Female, spayed",Medium (11.4–22.3 kg or 25–49 lb),30 – 60 mins,Conventional
587958-587949-61840573,Meat-based – raw,5.0,5.0,2.0,5.0,5.0,2.0,5.0,2.0,3.0,2.0,Healthy,1,No,0.0,0.0,0.0,0.0,0.0,0.0,Dog,5,"Female, spayed",Medium (11.4–22.3 kg or 25–49 lb),1 – 3 hrs,Raw
587958-587949-61840550,Meat-based – conventional,5.0,5.0,2.0,5.0,5.0,1.0,5.0,5.0,5.0,1.0,Generally healthy with minor or infrequent problems,3,Yes,0.0,1.0,0.0,0.0,0.0,0.0,Dog,8,"Female, spayed",Small (4.5–10.9 kg or 10–24 lb),1 – 3 hrs,Conventional
587958-587949-61840558,Meat-based – conventional,5.0,5.0,2.0,3.0,5.0,2.0,5.0,3.0,5.0,5.0,Healthy,1,No,0.0,0.0,0.0,0.0,0.0,0.0,Dog,4,"Female, spayed",Large (22.7–40.5 kg or 50–89 lb),1 – 3 hrs,Conventional
587958-587949-61840294,Meat-based – conventional,3.0,1.0,1.0,1.0,4.0,1.0,3.0,5.0,3.0,1.0,Generally healthy with minor or infrequent problems,>3,Yes,0.0,0.0,0.0,0.0,0.0,0.0,Dog,5,"Female, spayed",Large (22.7–40.5 kg or 50–89 lb),1 – 3 hrs,Conventional
587958-587949-61840404,Meat-based – raw,4.0,4.0,4.0,2.0,2.0,1.0,4.0,3.0,4.0,1.0,Generally healthy with minor or infrequent problems,2,Yes,0.0,0.0,0.0,0.0,0.0,0.0,Dog,12,"Male, castrated",Medium (11.4–22.3 kg or 25–49 lb),0 – 30 mins,Raw
587958-587949-61840602,Meat-based – raw,2.0,4.0,1.0,3.0,1.0,1.0,2.0,3.0,1.0,1.0,Generally healthy with minor or infrequent problems,1,No,0.0,0.0,0.0,0.0,0.0,0.0,Dog,12,"Female, spayed",Large (22.7–40.5 kg or 50–89 lb),30 – 60 mins,Raw
587958-587949-61840862,Meat-based – conventional,5.0,5.0,1.0,5.0,2.0,2.0,4.0,4.0,5.0,1.0,Healthy,0,No,0.0,0.0,0.0,0.0,0.0,0.0,Dog,3,"Male, sexually intact",Medium (11.4–22.3 kg or 25–49 lb),1 – 3 hrs,Conventional
587958-587949-61840868,Meat-based – conventional,5.0,5.0,5.0,5.0,2.0,1.0,4.0,4.0,4.0,3.0,Healthy,0,No,0.0,0.0,0.0,0.0,0.0,0.0,Dog,3,"Female, sexually intact",Toy (≤ 4.1 kg or ≤ 9 lb),30 – 60 mins,Conventional
587958-587949-61840882,Meat-based – raw,5.0,5.0,5.0,5.0,2.0,5.0,5.0,2.0,5.0,5.0,Healthy,0,No,0.0,0.0,0.0,0.0,0.0,0.0,Dog,2,"Male, castrated",Giant (> 40.9 kg or > 90 lb),1 – 3 hrs,Raw
587958-587949-61840321,Meat-based – conventional,5.0,5.0,2.0,2.0,4.0,2.0,4.0,2.0,4.0,3.0,Healthy,>3,Yes,0.0,0.0,0.0,0.0,1.0,0.0,Dog,4,"Female, sexually intact",Large (22.7–40.5 kg or 50–89 lb),1 – 3 hrs,Conventional
587958-587949-61840890,Meat-based – raw,2.0,2.0,1.0,2.0,2.0,1.0,1.0,5.0,3.0,1.0,Significant or frequent problems,3,Yes,0.0,0.0,0.0,0.0,0.0,0.0,Dog,14,"Female, spayed",Medium (11.4–22.3 kg or 25–49 lb),0 – 30 mins,Raw
587958-587949-61841230,Meat-based – raw,3.0,4.0,2.0,4.0,4.0,2.0,2.0,3.0,2.0,1.0,Healthy,1,No,0.0,0.0,0.0,0.0,0.0,0.0,Dog,4,"Male, castrated",Giant (> 40.9 kg or > 90 lb),1 – 3 hrs,Raw
587958-587949-61841102,Meat-based – raw,5.0,5.0,2.0,5.0,3.0,1.0,5.0,3.0,4.0,1.0,Significant or frequent problems,2,Yes,0.0,0.0,0.0,0.0,1.0,0.0,Dog,11,"Female, spayed",Small (4.5–10.9 kg or 10–24 lb),1 – 3 hrs,Raw
587958-587949-61841179,Meat-based – conventional,5.0,5.0,2.0,,2.0,2.0,4.0,4.0,5.0,3.0,Generally healthy with minor or infrequent problems,>3,Yes,1.0,1.0,0.0,0.0,0.0,0.0,Dog,6,"Male, castrated",Medium (11.4–22.3 kg or 25–49 lb),0 – 30 mins,Conventional
587958-587949-61841459,Meat-based – conventional,2.0,2.0,2.0,2.0,3.0,1.0,3.0,2.0,2.0,1.0,Generally healthy with minor or infrequent problems,1,No,0.0,0.0,0.0,0.0,0.0,0.0,Dog,2,"Female, spayed",Giant (> 40.9 kg or > 90 lb),1 – 3 hrs,Conventional
587958-587949-61841359,Meat-based – conventional,2.0,3.0,1.0,2.0,2.0,1.0,2.0,4.0,1.0,1.0,Healthy,>3,Yes,0.0,0.0,0.0,0.0,0.0,0.0,Dog,1,"Male, sexually intact",Large (22.7–40.5 kg or 50–89 lb),1 – 3 hrs,Conventional
587958-587949-61841461,Meat-based – conventional,5.0,5.0,3.0,5.0,5.0,3.0,4.0,3.0,5.0,1.0,Healthy,1,No,0.0,0.0,0.0,0.0,0.0,0.0,Dog,3,"Male, castrated",Medium (11.4–22.3 kg or 25–49 lb),30 – 60 mins,Conventional
587958-587949-61841451,Meat-based – conventional,2.0,4.0,2.0,3.0,1.0,1.0,1.0,3.0,2.0,1.0,Healthy,1,No,0.0,0.0,0.0,0.0,0.0,0.0,Dog,3,"Female, spayed",Medium (11.4–22.3 kg or 25–49 lb),1 – 3 hrs,Conventional
587958-587949-61841329,Meat-based – raw,5.0,2.0,2.0,5.0,5.0,2.0,5.0,4.0,5.0,3.0,Significant or frequent problems,>3,Yes,0.0,0.0,0.0,1.0,0.0,0.0,Dog,14,"Male, castrated",Medium (11.4–22.3 kg or 25–49 lb),30 – 60 mins,Raw
587958-587949-61841711,Meat-based – raw,5.0,5.0,5.0,5.0,5.0,5.0,5.0,2.0,2.0,2.0,Healthy,1,No,0.0,0.0,0.0,0.0,0.0,0.0,Dog,6,"Male, castrated",Toy (≤ 4.1 kg or ≤ 9 lb),1 – 3 hrs,Raw
587958-587949-61841428,Meat-based – raw,2.0,2.0,1.0,2.0,2.0,2.0,2.0,3.0,2.0,2.0,Healthy,0,No,0.0,0.0,0.0,0.0,0.0,0.0,Dog,3,"Male, sexually intact",Giant (> 40.9 kg or > 90 lb),1 – 3 hrs,Raw
587958-587949-61841529,Meat-based – conventional,5.0,5.0,4.0,5.0,5.0,1.0,5.0,1.0,5.0,1.0,Generally healthy with minor or infrequent problems,>3,Yes,0.0,0.0,0.0,0.0,1.0,0.0,Dog,2,"Male, castrated",Large (22.7–40.5 kg or 50–89 lb),> 3 hrs,Conventional
587958-587949-61841620,Meat-based – raw,5.0,5.0,4.0,4.0,5.0,4.0,4.0,1.0,1.0,1.0,Generally healthy with minor or infrequent problems,>3,Yes,0.0,0.0,0.0,0.0,0.0,0.0,Dog,9,"Female, spayed",Medium (11.4–22.3 kg or 25–49 lb),1 – 3 hrs,Raw
587958-587949-61841904,Meat-based – conventional,1.0,3.0,1.0,3.0,1.0,3.0,4.0,4.0,2.0,1.0,Generally healthy with minor or infrequent problems,>3,Yes,0.0,0.0,0.0,0.0,0.0,0.0,Dog,10,"Male, castrated",Small (4.5–10.9 kg or 10–24 lb),30 – 60 mins,Conventional
587958-587949-61841874,Meat-based – raw,4.0,4.0,2.0,2.0,2.0,2.0,4.0,2.0,3.0,1.0,Generally healthy with minor or infrequent problems,1,No,0.0,0.0,0.0,0.0,0.0,0.0,Dog,7,"Male, castrated",Medium (11.4–22.3 kg or 25–49 lb),1 – 3 hrs,Raw
587958-587949-61841303,Meat-based – raw,5.0,5.0,5.0,3.0,2.0,5.0,4.0,3.0,5.0,4.0,Generally healthy with minor or infrequent problems,1,Yes,0.0,0.0,0.0,0.0,0.0,0.0,Dog,14,"Male, castrated",Medium (11.4–22.3 kg or 25–49 lb),1 – 3 hrs,Raw
587958-587949-61841750,Meat-based – conventional,4.0,,1.0,,,1.0,5.0,4.0,4.0,1.0,Generally healthy with minor or infrequent problems,2,Yes,0.0,0.0,0.0,0.0,0.0,0.0,Dog,2,"Male, sexually intact",Small (4.5–10.9 kg or 10–24 lb),1 – 3 hrs,Conventional
587958-587949-61841019,Meat-based – conventional,5.0,5.0,1.0,5.0,2.0,4.0,3.0,1.0,5.0,1.0,Significant or frequent problems,>3,Yes,0.0,0.0,0.0,0.0,0.0,0.0,Dog,12,"Female, spayed",Medium (11.4–22.3 kg or 25–49 lb),0 – 30 mins,Conventional
587958-587949-61841937,Meat-based – raw,5.0,5.0,3.0,3.0,5.0,5.0,4.0,3.0,5.0,1.0,Healthy,0,No,0.0,0.0,0.0,0.0,0.0,0.0,Dog,3,"Female, sexually intact",Medium (11.4–22.3 kg or 25–49 lb),1 – 3 hrs,Raw
587958-587949-61842086,Meat-based – raw,5.0,5.0,1.0,5.0,5.0,1.0,5.0,1.0,3.0,1.0,Healthy,1,No,0.0,0.0,0.0,0.0,0.0,0.0,Dog,11,"Male, castrated",Large (22.7–40.5 kg or 50–89 lb),30 – 60 mins,Raw
587958-587949-61842126,Meat-based – conventional,3.0,3.0,3.0,4.0,3.0,2.0,2.0,4.0,3.0,1.0,Healthy,1,Yes,0.0,0.0,0.0,0.0,0.0,0.0,Dog,3,"Male, sexually intact",Large (22.7–40.5 kg or 50–89 lb),1 – 3 hrs,Conventional
587958-587949-61841772,Meat-based – conventional,5.0,5.0,5.0,5.0,5.0,2.0,4.0,2.0,3.0,2.0,Generally healthy with minor or infrequent problems,2,Yes,1.0,0.0,0.0,0.0,0.0,0.0,Dog,9,"Female, spayed",Medium (11.4–22.3 kg or 25–49 lb),> 3 hrs,Conventional
587958-587949-61842182,Meat-based – conventional,4.0,4.0,1.0,1.0,1.0,1.0,3.0,2.0,2.0,1.0,Healthy,0,No,0.0,0.0,0.0,0.0,0.0,0.0,Dog,10,"Male, sexually intact",Medium (11.4–22.3 kg or 25–49 lb),1 – 3 hrs,Conventional
587958-587949-61842439,Meat-based – raw,5.0,5.0,5.0,5.0,1.0,1.0,3.0,1.0,1.0,1.0,Healthy,0,No,0.0,0.0,0.0,0.0,0.0,0.0,Dog,9,"Female, spayed",Large (22.7–40.5 kg or 50–89 lb),30 – 60 mins,Raw
587958-587949-61842275,Meat-based – raw,5.0,5.0,4.0,4.0,2.0,2.0,3.0,2.0,1.0,1.0,Healthy,1,Yes,0.0,0.0,0.0,0.0,0.0,1.0,Dog,9,"Male, castrated",Small (4.5–10.9 kg or 10–24 lb),1 – 3 hrs,Raw
587958-587949-61842012,Meat-based – raw,4.0,4.0,2.0,3.0,4.0,2.0,3.0,1.0,2.0,1.0,Healthy,3,No,0.0,0.0,0.0,0.0,0.0,0.0,Dog,14,"Male, castrated",Large (22.7–40.5 kg or 50–89 lb),30 – 60 mins,Raw
587958-587949-61842522,Meat-based – raw,1.0,1.0,1.0,1.0,1.0,1.0,1.0,5.0,1.0,1.0,Significant or frequent problems,>3,Yes,0.0,0.0,0.0,0.0,0.0,0.0,Dog,4,"Male, castrated",Toy (≤ 4.1 kg or ≤ 9 lb),1 – 3 hrs,Raw
587958-587949-61842633,Meat-based – raw,5.0,5.0,2.0,4.0,5.0,2.0,4.0,1.0,3.0,1.0,Generally healthy with minor or infrequent problems,1,No,0.0,0.0,0.0,0.0,0.0,1.0,Dog,8,"Male, castrated",Large (22.7–40.5 kg or 50–89 lb),1 – 3 hrs,Raw
587958-587949-61842938,Meat-based – raw,5.0,5.0,5.0,5.0,3.0,2.0,5.0,3.0,5.0,3.0,Healthy,0,No,0.0,0.0,0.0,0.0,0.0,0.0,Dog,8,"Female, spayed",Large (22.7–40.5 kg or 50–89 lb),1 – 3 hrs,Raw
587958-587949-61842848,Meat-based – raw,1.0,1.0,1.0,1.0,1.0,1.0,1.0,5.0,1.0,1.0,Healthy,0,No,0.0,0.0,0.0,0.0,0.0,0.0,Dog,1,"Female, sexually intact",Medium (11.4–22.3 kg or 25–49 lb),1 – 3 hrs,Raw
587958-587949-61842979,Meat-based – conventional,4.0,2.0,2.0,4.0,3.0,2.0,4.0,2.0,4.0,2.0,Healthy,1,No,0.0,0.0,0.0,0.0,0.0,0.0,Dog,5,"Female, spayed",Large (22.7–40.5 kg or 50–89 lb),1 – 3 hrs,Conventional
587958-587949-61842615,Meat-based – conventional,4.0,4.0,2.0,2.0,2.0,2.0,3.0,1.0,2.0,2.0,Generally healthy with minor or infrequent problems,1,Yes,0.0,0.0,0.0,0.0,0.0,0.0,Dog,11,"Female, spayed",Large (22.7–40.5 kg or 50–89 lb),30 – 60 mins,Conventional
587958-587949-61842820,Meat-based – conventional,5.0,5.0,5.0,5.0,4.0,3.0,4.0,2.0,4.0,2.0,Healthy,1,No,0.0,0.0,0.0,0.0,0.0,0.0,Dog,6,"Female, spayed",Medium (11.4–22.3 kg or 25–49 lb),30 – 60 mins,Conventional
587958-587949-61842534,Meat-based – conventional,5.0,4.0,3.0,3.0,3.0,3.0,5.0,3.0,5.0,2.0,Healthy,3,No,0.0,0.0,0.0,0.0,0.0,0.0,Dog,7,"Female, spayed",Small (4.5–10.9 kg or 10–24 lb),1 – 3 hrs,Conventional
587958-587949-61842740,Meat-based – conventional,5.0,1.0,1.0,5.0,5.0,1.0,3.0,1.0,5.0,1.0,Significant or frequent problems,>3,Yes,0.0,0.0,0.0,0.0,1.0,0.0,Dog,8,"Male, castrated",Medium (11.4–22.3 kg or 25–49 lb),1 – 3 hrs,Conventional
587958-587949-61842832,Meat-based – conventional,4.0,4.0,2.0,4.0,3.0,4.0,4.0,4.0,2.0,2.0,Generally healthy with minor or infrequent problems,2,Yes,0.0,0.0,0.0,0.0,0.0,0.0,Dog,4,"Female, spayed",Medium (11.4–22.3 kg or 25–49 lb),1 – 3 hrs,Conventional
587958-587949-61843010,Meat-based – raw,4.0,4.0,3.0,4.0,3.0,3.0,4.0,4.0,4.0,1.0,Generally healthy with minor or infrequent problems,0,No,0.0,0.0,0.0,0.0,0.0,0.0,Dog,2,"Female, sexually intact",Medium (11.4–22.3 kg or 25–49 lb),1 – 3 hrs,Raw
587958-587949-61843142,Meat-based – conventional,2.0,4.0,1.0,3.0,2.0,2.0,2.0,5.0,4.0,1.0,Healthy,1,No,0.0,0.0,0.0,0.0,0.0,0.0,Dog,8,"Male, sexually intact",Small (4.5–10.9 kg or 10–24 lb),1 – 3 hrs,Conventional
587958-587949-61842853,Meat-based – conventional,3.0,3.0,2.0,2.0,2.0,2.0,1.0,5.0,4.0,2.0,Healthy,1,No,0.0,0.0,0.0,0.0,0.0,0.0,Dog,2,"Male, sexually intact",Giant (> 40.9 kg or > 90 lb),30 – 60 mins,Conventional
587958-587949-61843178,Meat-based – raw,5.0,5.0,3.0,4.0,4.0,4.0,5.0,2.0,5.0,2.0,Healthy,0,No,0.0,0.0,0.0,0.0,0.0,0.0,Dog,4,"Female, spayed",Medium (11.4–22.3 kg or 25–49 lb),1 – 3 hrs,Raw
587958-587949-61842507,Meat-based – raw,5.0,5.0,4.0,5.0,3.0,3.0,3.0,2.0,1.0,1.0,Generally healthy with minor or infrequent problems,1,Yes,0.0,0.0,0.0,0.0,0.0,1.0,Dog,6,"Male, sexually intact",Medium (11.4–22.3 kg or 25–49 lb),1 – 3 hrs,Raw
587958-587949-61842884,Meat-based – conventional,1.0,1.0,1.0,1.0,1.0,1.0,1.0,4.0,1.0,4.0,Generally healthy with minor or infrequent problems,1,Yes,0.0,1.0,0.0,0.0,0.0,0.0,Dog,5,"Male, castrated",Small (4.5–10.9 kg or 10–24 lb),1 – 3 hrs,Conventional
587958-587949-61843188,Meat-based – raw,4.0,3.0,2.0,2.0,2.0,2.0,2.0,4.0,4.0,2.0,Healthy,1,Yes,0.0,0.0,0.0,0.0,0.0,0.0,Dog,4,"Female, spayed",Medium (11.4–22.3 kg or 25–49 lb),1 – 3 hrs,Raw
587958-587949-61843258,Meat-based – raw,2.0,4.0,2.0,3.0,3.0,2.0,2.0,4.0,3.0,2.0,Healthy,1,No,0.0,0.0,0.0,0.0,0.0,0.0,Dog,2,"Female, sexually intact",Large (22.7–40.5 kg or 50–89 lb),1 – 3 hrs,Raw
587958-587949-61843199,Meat-based – conventional,5.0,5.0,2.0,2.0,2.0,2.0,4.0,3.0,2.0,1.0,Healthy,>3,Yes,0.0,0.0,0.0,0.0,0.0,0.0,Dog,2,"Female, spayed",Large (22.7–40.5 kg or 50–89 lb),> 3 hrs,Conventional
587958-587949-61843362,Meat-based – conventional,5.0,5.0,5.0,5.0,3.0,2.0,5.0,2.0,2.0,2.0,Generally healthy with minor or infrequent problems,1,Yes,0.0,0.0,0.0,0.0,0.0,0.0,Dog,10,"Male, castrated",Medium (11.4–22.3 kg or 25–49 lb),30 – 60 mins,Conventional
587958-587949-61843215,Meat-based – conventional,2.0,2.0,2.0,4.0,4.0,2.0,3.0,4.0,4.0,1.0,Healthy,1,No,0.0,0.0,0.0,0.0,0.0,0.0,Dog,10,"Male, castrated",Large (22.7–40.5 kg or 50–89 lb),1 – 3 hrs,Conventional
587958-587949-61843524,Meat-based – raw,4.0,2.0,2.0,2.0,2.0,2.0,4.0,3.0,3.0,2.0,Generally healthy with minor or infrequent problems,2,No,0.0,0.0,0.0,0.0,0.0,0.0,Dog,8,"Female, spayed",Medium (11.4–22.3 kg or 25–49 lb),1 – 3 hrs,Raw
587958-587949-61841841,Meat-based – conventional,3.0,4.0,1.0,4.0,4.0,1.0,4.0,4.0,4.0,3.0,Healthy,1,No,0.0,0.0,0.0,0.0,0.0,0.0,Dog,4,"Male, castrated",Giant (> 40.9 kg or > 90 lb),30 – 60 mins,Conventional
587958-587949-61843453,Meat-based – raw,5.0,5.0,2.0,4.0,4.0,2.0,3.0,2.0,3.0,2.0,Generally healthy with minor or infrequent problems,3,Yes,0.0,0.0,0.0,0.0,1.0,0.0,Dog,2,"Female, spayed",Medium (11.4–22.3 kg or 25–49 lb),30 – 60 mins,Raw
587958-587949-61841009,Meat-based – conventional,4.0,3.0,1.0,,1.0,1.0,4.0,5.0,4.0,1.0,Healthy,0,No,0.0,0.0,0.0,0.0,0.0,0.0,Dog,2,"Male, castrated",Medium (11.4–22.3 kg or 25–49 lb),1 – 3 hrs,Conventional
587958-587949-61843805,Meat-based – raw,5.0,5.0,5.0,5.0,5.0,1.0,5.0,2.0,2.0,1.0,Generally healthy with minor or infrequent problems,3,Yes,0.0,0.0,0.0,0.0,0.0,0.0,Dog,6,"Female, spayed",Small (4.5–10.9 kg or 10–24 lb),1 – 3 hrs,Raw
587958-587949-61843672,Meat-based – conventional,2.0,3.0,2.0,3.0,2.0,1.0,4.0,4.0,3.0,1.0,Healthy,1,No,0.0,0.0,0.0,0.0,0.0,0.0,Dog,12,"Female, sexually intact",Toy (≤ 4.1 kg or ≤ 9 lb),30 – 60 mins,Conventional
587958-587949-61843872,Meat-based – raw,4.0,3.0,2.0,2.0,2.0,2.0,2.0,4.0,4.0,4.0,Healthy,1,No,0.0,0.0,0.0,0.0,0.0,0.0,Dog,10,"Female, spayed",Large (22.7–40.5 kg or 50–89 lb),1 – 3 hrs,Raw
587958-587949-61844065,Meat-based – conventional,5.0,5.0,5.0,5.0,5.0,5.0,5.0,3.0,5.0,2.0,Healthy,1,No,0.0,0.0,0.0,0.0,0.0,0.0,Dog,5,"Female, spayed",Medium (11.4–22.3 kg or 25–49 lb),1 – 3 hrs,Conventional
587958-587949-61843906,Meat-based – conventional,3.0,4.0,2.0,4.0,3.0,2.0,3.0,2.0,3.0,,Healthy,0,No,0.0,0.0,0.0,0.0,0.0,0.0,Dog,10,"Female, spayed",Large (22.7–40.5 kg or 50–89 lb),1 – 3 hrs,Conventional
587958-587949-61844107,Meat-based – raw,5.0,5.0,1.0,5.0,1.0,1.0,5.0,1.0,5.0,1.0,Generally healthy with minor or infrequent problems,2,Yes,0.0,0.0,0.0,0.0,0.0,0.0,Dog,11,"Female, spayed",Small (4.5–10.9 kg or 10–24 lb),30 – 60 mins,Raw
587958-587949-61844476,Meat-based – conventional,5.0,5.0,2.0,4.0,2.0,1.0,4.0,2.0,2.0,2.0,Significant or frequent problems,>3,Yes,0.0,0.0,1.0,0.0,0.0,0.0,Dog,5,"Male, castrated",Large (22.7–40.5 kg or 50–89 lb),1 – 3 hrs,Conventional
587958-587949-61844578,Meat-based – raw,5.0,5.0,5.0,5.0,2.0,2.0,5.0,2.0,4.0,1.0,Healthy,1,No,0.0,0.0,0.0,0.0,0.0,0.0,Dog,2,"Male, castrated",Large (22.7–40.5 kg or 50–89 lb),1 – 3 hrs,Raw
587958-587949-61844531,Meat-based – conventional,2.0,3.0,1.0,2.0,2.0,2.0,2.0,5.0,1.0,1.0,Healthy,2,No,0.0,0.0,0.0,0.0,0.0,0.0,Dog,4,"Male, castrated",Medium (11.4–22.3 kg or 25–49 lb),> 3 hrs,Conventional
587958-587949-61844625,Meat-based – conventional,5.0,3.0,5.0,3.0,3.0,5.0,5.0,1.0,5.0,3.0,Generally healthy with minor or infrequent problems,2,Yes,0.0,0.0,0.0,0.0,0.0,0.0,Dog,7,"Female, spayed",Toy (≤ 4.1 kg or ≤ 9 lb),1 – 3 hrs,Conventional
587958-587949-61844425,Meat-based – conventional,5.0,5.0,5.0,5.0,3.0,5.0,5.0,2.0,2.0,2.0,Healthy,2,No,0.0,0.0,0.0,0.0,0.0,0.0,Dog,10,"Male, castrated",Medium (11.4–22.3 kg or 25–49 lb),30 – 60 mins,Conventional
587958-587949-61844738,Meat-based – conventional,1.0,2.0,1.0,1.0,1.0,1.0,1.0,4.0,3.0,2.0,Healthy,1,Yes,0.0,0.0,0.0,0.0,0.0,0.0,Dog,3,"Male, castrated",Small (4.5–10.9 kg or 10–24 lb),1 – 3 hrs,Conventional
587958-587949-61841437,Meat-based – conventional,3.0,4.0,3.0,3.0,2.0,2.0,2.0,4.0,2.0,2.0,Healthy,1,No,0.0,0.0,0.0,0.0,0.0,0.0,Dog,2,"Female, spayed",Medium (11.4–22.3 kg or 25–49 lb),1 – 3 hrs,Conventional
587958-587949-61844110,Meat-based – conventional,5.0,2.0,2.0,2.0,2.0,1.0,5.0,3.0,5.0,3.0,Generally healthy with minor or infrequent problems,2,Yes,0.0,0.0,1.0,0.0,0.0,1.0,Dog,8,"Male, castrated",Medium (11.4–22.3 kg or 25–49 lb),1 – 3 hrs,Conventional
587958-587949-61844564,Meat-based – raw,5.0,5.0,2.0,5.0,5.0,5.0,5.0,2.0,5.0,2.0,Unsure,Unsure,Yes,0.0,0.0,0.0,0.0,0.0,0.0,Dog,7,"Female, spayed",Giant (> 40.9 kg or > 90 lb),30 – 60 mins,Raw
587958-587949-61844852,Meat-based – conventional,1.0,3.0,1.0,2.0,2.0,1.0,2.0,4.0,2.0,2.0,Healthy,1,No,0.0,0.0,0.0,0.0,0.0,0.0,Dog,1,"Female, spayed",Medium (11.4–22.3 kg or 25–49 lb),30 – 60 mins,Conventional
587958-587949-61844847,Meat-based – raw,2.0,5.0,4.0,4.0,3.0,3.0,3.0,2.0,4.0,1.0,Generally healthy with minor or infrequent problems,1,No,0.0,0.0,0.0,0.0,1.0,0.0,Dog,8,"Male, sexually intact",Large (22.7–40.5 kg or 50–89 lb),> 3 hrs,Raw
587958-587949-61844566,Meat-based – raw,5.0,5.0,2.0,4.0,3.0,5.0,5.0,3.0,3.0,,Healthy,0,No,0.0,0.0,0.0,0.0,0.0,0.0,Dog,9,"Female, spayed",Medium (11.4–22.3 kg or 25–49 lb),1 – 3 hrs,Raw
587958-587949-61844679,Meat-based – conventional,5.0,2.0,1.0,4.0,5.0,1.0,5.0,4.0,1.0,1.0,Significant or frequent problems,1,Yes,0.0,1.0,0.0,0.0,0.0,0.0,Dog,2,"Male, sexually intact",Giant (> 40.9 kg or > 90 lb),30 – 60 mins,Conventional
587958-587949-61845077,Meat-based – conventional,5.0,5.0,2.0,4.0,3.0,3.0,3.0,2.0,2.0,1.0,Healthy,2,No,0.0,0.0,0.0,0.0,0.0,0.0,Dog,11,"Female, spayed",Medium (11.4–22.3 kg or 25–49 lb),1 – 3 hrs,Conventional
587958-587949-61844984,Meat-based – conventional,4.0,3.0,1.0,2.0,1.0,2.0,5.0,3.0,1.0,1.0,Healthy,1,No,0.0,0.0,0.0,0.0,0.0,0.0,Dog,6,"Female, spayed",Medium (11.4–22.3 kg or 25–49 lb),> 3 hrs,Conventional
587958-587949-61845483,Meat-based – raw,5.0,5.0,3.0,5.0,4.0,1.0,5.0,3.0,5.0,,Healthy,0,No,0.0,0.0,0.0,0.0,0.0,0.0,Dog,4,"Male, sexually intact",Medium (11.4–22.3 kg or 25–49 lb),30 – 60 mins,Raw
587958-587949-61845398,Meat-based – raw,3.0,3.0,3.0,4.0,3.0,3.0,3.0,5.0,4.0,3.0,Generally healthy with minor or infrequent problems,2,Yes,0.0,0.0,0.0,0.0,0.0,0.0,Dog,4,"Male, castrated",Large (22.7–40.5 kg or 50–89 lb),1 – 3 hrs,Raw
587958-587949-61845523,Meat-based – raw,5.0,5.0,2.0,4.0,4.0,2.0,4.0,4.0,2.0,1.0,Healthy,0,No,0.0,0.0,0.0,0.0,0.0,0.0,Dog,4,"Female, spayed",Large (22.7–40.5 kg or 50–89 lb),> 3 hrs,Raw
587958-587949-61845698,Meat-based – raw,5.0,5.0,5.0,5.0,5.0,5.0,5.0,4.0,2.0,2.0,Generally healthy with minor or infrequent problems,0,No,0.0,0.0,0.0,0.0,0.0,0.0,Dog,5,"Female, sexually intact",Large (22.7–40.5 kg or 50–89 lb),30 – 60 mins,Raw
587958-587949-61845747,Meat-based – raw,4.0,4.0,2.0,2.0,2.0,2.0,3.0,3.0,3.0,2.0,Healthy,1,No,0.0,0.0,0.0,0.0,0.0,0.0,Dog,9,"Male, castrated",Large (22.7–40.5 kg or 50–89 lb),1 – 3 hrs,Raw
587958-587949-61841948,Vegan (consuming no animal products),3.0,2.0,1.0,1.0,1.0,1.0,2.0,5.0,2.0,1.0,Generally healthy with minor or infrequent problems,>3,Yes,0.0,1.0,0.0,0.0,0.0,1.0,Dog,8,"Female, spayed",Medium (11.4–22.3 kg or 25–49 lb),30 – 60 mins,Vegan
587958-587949-61845369,Meat-based – raw,5.0,5.0,5.0,,1.0,3.0,4.0,3.0,4.0,2.0,Generally healthy with minor or infrequent problems,1,Yes,0.0,0.0,0.0,0.0,0.0,0.0,Dog,5,"Male, castrated",Medium (11.4–22.3 kg or 25–49 lb),1 – 3 hrs,Raw
587958-587949-61845889,Meat-based – raw,3.0,4.0,1.0,5.0,1.0,1.0,2.0,4.0,4.0,1.0,Generally healthy with minor or infrequent problems,2,Yes,0.0,0.0,0.0,0.0,0.0,0.0,Dog,1,"Female, sexually intact",Medium (11.4–22.3 kg or 25–49 lb),1 – 3 hrs,Raw
587958-587949-61846131,Meat-based – raw,4.0,4.0,3.0,3.0,5.0,2.0,4.0,3.0,2.0,1.0,Healthy,1,Yes,1.0,0.0,0.0,0.0,0.0,0.0,Dog,9,"Male, castrated",Large (22.7–40.5 kg or 50–89 lb),30 – 60 mins,Raw
587958-587949-61845522,Meat-based – raw,5.0,3.0,2.0,5.0,5.0,1.0,4.0,3.0,3.0,2.0,Healthy,0,No,0.0,0.0,0.0,0.0,0.0,0.0,Dog,5,"Male, sexually intact",Large (22.7–40.5 kg or 50–89 lb),1 – 3 hrs,Raw
587958-587949-61846319,Meat-based – conventional,5.0,2.0,2.0,2.0,2.0,4.0,5.0,2.0,5.0,5.0,Healthy,1,Yes,0.0,0.0,0.0,0.0,0.0,0.0,Dog,10,"Male, castrated",Small (4.5–10.9 kg or 10–24 lb),1 – 3 hrs,Conventional
587958-587949-61846480,Meat-based – raw,4.0,4.0,2.0,2.0,2.0,3.0,4.0,2.0,4.0,1.0,Generally healthy with minor or infrequent problems,1,Yes,0.0,0.0,0.0,0.0,0.0,0.0,Dog,9,"Female, spayed",Medium (11.4–22.3 kg or 25–49 lb),1 – 3 hrs,Raw
587958-587949-61846617,Meat-based – raw,5.0,5.0,1.0,3.0,3.0,1.0,4.0,5.0,3.0,2.0,Healthy,0,No,0.0,0.0,0.0,0.0,0.0,0.0,Dog,8,"Female, spayed",Large (22.7–40.5 kg or 50–89 lb),1 – 3 hrs,Raw
587958-587949-61846552,Meat-based – raw,5.0,4.0,2.0,5.0,5.0,1.0,5.0,1.0,5.0,2.0,Generally healthy with minor or infrequent problems,2,Yes,0.0,0.0,0.0,0.0,0.0,0.0,Dog,3,"Male, castrated",Small (4.5–10.9 kg or 10–24 lb),30 – 60 mins,Raw
587958-587949-61846959,Meat-based – conventional,5.0,5.0,3.0,4.0,1.0,1.0,5.0,2.0,5.0,1.0,Significant or frequent problems,>3,Yes,0.0,0.0,0.0,0.0,1.0,0.0,Dog,1,"Male, sexually intact",Small (4.5–10.9 kg or 10–24 lb),1 – 3 hrs,Conventional
587958-587949-61846991,Vegan (consuming no animal products),4.0,4.0,2.0,2.0,2.0,2.0,2.0,2.0,,2.0,Healthy,0,No,0.0,0.0,0.0,0.0,0.0,0.0,Dog,9,"Male, castrated",Medium (11.4–22.3 kg or 25–49 lb),1 – 3 hrs,Vegan
587958-587949-61847252,Meat-based – conventional,5.0,5.0,5.0,4.0,2.0,4.0,2.0,4.0,4.0,4.0,Healthy,0,No,0.0,0.0,0.0,0.0,0.0,0.0,Dog,1,"Female, sexually intact",Medium (11.4–22.3 kg or 25–49 lb),1 – 3 hrs,Conventional
587958-587949-61847372,Meat-based – conventional,2.0,2.0,2.0,2.0,2.0,2.0,2.0,5.0,2.0,2.0,Generally healthy with minor or infrequent problems,1,Yes,0.0,0.0,0.0,0.0,0.0,1.0,Dog,8,"Male, castrated",Small (4.5–10.9 kg or 10–24 lb),1 – 3 hrs,Conventional
587958-587949-61847762,Meat-based – conventional,3.0,4.0,2.0,2.0,2.0,2.0,3.0,2.0,2.0,1.0,Healthy,0,No,0.0,0.0,0.0,0.0,0.0,0.0,Dog,2,"Male, castrated",Large (22.7–40.5 kg or 50–89 lb),1 – 3 hrs,Conventional
587958-587949-61847788,Meat-based – conventional,4.0,4.0,1.0,4.0,3.0,2.0,4.0,4.0,1.0,1.0,Generally healthy with minor or infrequent problems,>3,Yes,0.0,0.0,0.0,0.0,0.0,0.0,Dog,8,"Female, spayed",Medium (11.4–22.3 kg or 25–49 lb),30 – 60 mins,Conventional
587958-587949-61847464,Meat-based – conventional,5.0,5.0,5.0,5.0,1.0,1.0,3.0,3.0,3.0,5.0,Healthy,1,Yes,0.0,0.0,0.0,0.0,0.0,0.0,Dog,7,"Male, castrated",Large (22.7–40.5 kg or 50–89 lb),1 – 3 hrs,Conventional
587958-587949-61847982,Meat-based – raw,3.0,5.0,1.0,5.0,2.0,1.0,2.0,4.0,2.0,1.0,Generally healthy with minor or infrequent problems,2,Yes,0.0,0.0,0.0,0.0,0.0,0.0,Dog,7,"Male, castrated",Giant (> 40.9 kg or > 90 lb),30 – 60 mins,Raw
587958-587949-61848315,Meat-based – conventional,5.0,4.0,1.0,3.0,5.0,1.0,2.0,4.0,5.0,1.0,Healthy,1,Yes,0.0,0.0,1.0,0.0,0.0,0.0,Dog,5,"Female, spayed",Giant (> 40.9 kg or > 90 lb),1 – 3 hrs,Conventional
587958-587949-61848134,Meat-based – raw,3.0,1.0,1.0,3.0,3.0,1.0,2.0,5.0,3.0,2.0,Healthy,2,Yes,0.0,0.0,0.0,0.0,0.0,0.0,Dog,5,"Female, spayed",Large (22.7–40.5 kg or 50–89 lb),1 – 3 hrs,Raw
587958-587949-61848418,Meat-based – raw,5.0,5.0,5.0,5.0,5.0,5.0,5.0,3.0,5.0,2.0,Healthy,0,No,0.0,0.0,0.0,0.0,0.0,0.0,Dog,9,"Male, castrated",Medium (11.4–22.3 kg or 25–49 lb),30 – 60 mins,Raw
587958-587949-61848484,Meat-based – raw,5.0,5.0,3.0,4.0,2.0,2.0,5.0,5.0,2.0,2.0,Healthy,1,No,0.0,0.0,0.0,0.0,0.0,0.0,Dog,6,"Male, castrated",Small (4.5–10.9 kg or 10–24 lb),1 – 3 hrs,Raw
587958-587949-61848343,Meat-based – conventional,2.0,2.0,1.0,2.0,1.0,2.0,2.0,5.0,2.0,2.0,Generally healthy with minor or infrequent problems,2,No,0.0,0.0,1.0,0.0,0.0,0.0,Dog,8,"Male, castrated",Small (4.5–10.9 kg or 10–24 lb),> 3 hrs,Conventional
587958-587949-61848773,Meat-based – conventional,4.0,4.0,2.0,2.0,2.0,1.0,4.0,1.0,4.0,3.0,Healthy,2,Yes,0.0,0.0,0.0,1.0,1.0,0.0,Dog,8,"Male, castrated",Large (22.7–40.5 kg or 50–89 lb),1 – 3 hrs,Conventional
587958-587949-61848799,Meat-based – raw,3.0,2.0,3.0,4.0,3.0,1.0,2.0,5.0,4.0,1.0,Significant or frequent problems,>3,Yes,0.0,0.0,0.0,0.0,0.0,0.0,Dog,4,"Male, castrated",Large (22.7–40.5 kg or 50–89 lb),1 – 3 hrs,Raw
587958-587949-61849084,Meat-based – conventional,5.0,5.0,5.0,5.0,5.0,1.0,5.0,1.0,5.0,2.0,Generally healthy with minor or infrequent problems,1,Yes,0.0,0.0,0.0,0.0,0.0,0.0,Dog,5,"Female, spayed",Medium (11.4–22.3 kg or 25–49 lb),30 – 60 mins,Conventional
587958-587949-61849091,Meat-based – conventional,2.0,2.0,1.0,4.0,2.0,1.0,2.0,5.0,3.0,1.0,Healthy,0,No,0.0,0.0,0.0,0.0,0.0,0.0,Dog,7,"Female, spayed",Medium (11.4–22.3 kg or 25–49 lb),1 – 3 hrs,Conventional
587958-587949-61848913,Meat-based – conventional,1.0,1.0,1.0,1.0,1.0,1.0,1.0,5.0,1.0,1.0,Significant or frequent problems,>3,Yes,0.0,0.0,0.0,0.0,0.0,0.0,Dog,4,"Male, sexually intact",Medium (11.4–22.3 kg or 25–49 lb),1 – 3 hrs,Conventional
587958-587949-61849243,Meat-based – raw,5.0,5.0,5.0,5.0,5.0,5.0,5.0,1.0,3.0,1.0,Healthy,1,Yes,1.0,0.0,0.0,0.0,0.0,0.0,Dog,5,"Male, castrated",Large (22.7–40.5 kg or 50–89 lb),1 – 3 hrs,Raw
587958-587949-61849325,Meat-based – raw,5.0,4.0,1.0,2.0,2.0,1.0,2.0,1.0,2.0,1.0,Healthy,0,No,0.0,0.0,0.0,0.0,0.0,0.0,Dog,9,"Male, castrated",Medium (11.4–22.3 kg or 25–49 lb),> 3 hrs,Raw
587958-587949-61849448,Meat-based – raw,3.0,5.0,5.0,3.0,4.0,5.0,3.0,3.0,1.0,1.0,Healthy,0,No,0.0,0.0,0.0,0.0,0.0,0.0,Dog,4,"Female, sexually intact",Large (22.7–40.5 kg or 50–89 lb),1 – 3 hrs,Raw
587958-587949-61849001,Meat-based – raw,5.0,4.0,1.0,4.0,3.0,1.0,5.0,3.0,3.0,1.0,Healthy,3,No,0.0,0.0,0.0,0.0,0.0,0.0,Dog,10,"Male, castrated",Large (22.7–40.5 kg or 50–89 lb),1 – 3 hrs,Raw
587958-587949-61849405,Meat-based – raw,5.0,5.0,1.0,2.0,2.0,1.0,4.0,2.0,3.0,1.0,Healthy,2,Yes,0.0,0.0,0.0,0.0,0.0,0.0,Dog,3,"Female, spayed",Large (22.7–40.5 kg or 50–89 lb),> 3 hrs,Raw
587958-587949-61849776,Meat-based – conventional,5.0,5.0,5.0,5.0,5.0,5.0,5.0,1.0,5.0,4.0,Generally healthy with minor or infrequent problems,1,No,0.0,0.0,0.0,0.0,0.0,0.0,Dog,7,"Male, castrated",Medium (11.4–22.3 kg or 25–49 lb),1 – 3 hrs,Conventional
587958-587949-61849753,Meat-based – conventional,5.0,5.0,2.0,5.0,3.0,5.0,5.0,2.0,5.0,2.0,Healthy,1,No,0.0,0.0,0.0,0.0,0.0,0.0,Dog,9,"Female, spayed",Medium (11.4–22.3 kg or 25–49 lb),1 – 3 hrs,Conventional
587958-587949-61849841,Meat-based – conventional,5.0,5.0,5.0,3.0,5.0,3.0,5.0,,1.0,,Generally healthy with minor or infrequent problems,1,Yes,0.0,0.0,0.0,0.0,0.0,0.0,Dog,9,"Male, castrated",Large (22.7–40.5 kg or 50–89 lb),30 – 60 mins,Conventional
587958-587949-61849957,Meat-based – raw,5.0,5.0,4.0,5.0,5.0,4.0,5.0,2.0,5.0,2.0,Generally healthy with minor or infrequent problems,2,No,0.0,0.0,0.0,0.0,0.0,0.0,Dog,9,"Female, spayed",Large (22.7–40.5 kg or 50–89 lb),1 – 3 hrs,Raw
587958-587949-61850002,Meat-based – raw,5.0,5.0,5.0,2.0,2.0,2.0,5.0,2.0,5.0,1.0,Healthy,1,No,0.0,0.0,0.0,0.0,0.0,0.0,Dog,6,"Male, castrated",Large (22.7–40.5 kg or 50–89 lb),1 – 3 hrs,Raw
587958-587949-61850200,Meat-based – raw,2.0,1.0,1.0,1.0,1.0,1.0,1.0,4.0,4.0,4.0,Generally healthy with minor or infrequent problems,1,No,0.0,0.0,0.0,0.0,0.0,1.0,Dog,10,"Male, castrated",Medium (11.4–22.3 kg or 25–49 lb),1 – 3 hrs,Raw
587958-587949-61850156,Meat-based – raw,5.0,5.0,2.0,5.0,2.0,4.0,5.0,3.0,3.0,1.0,Generally healthy with minor or infrequent problems,2,Yes,0.0,0.0,0.0,0.0,0.0,1.0,Dog,8,"Female, spayed",Medium (11.4–22.3 kg or 25–49 lb),30 – 60 mins,Raw
587958-587949-61850356,Meat-based – raw,4.0,3.0,2.0,2.0,2.0,2.0,3.0,4.0,4.0,1.0,Healthy,1,Yes,0.0,0.0,0.0,0.0,0.0,0.0,Dog,5,"Female, sexually intact",Large (22.7–40.5 kg or 50–89 lb),1 – 3 hrs,Raw
587958-587949-61850249,Meat-based – conventional,5.0,4.0,2.0,2.0,3.0,5.0,2.0,4.0,5.0,4.0,Healthy,>3,No,0.0,0.0,0.0,0.0,0.0,0.0,Dog,14,"Female, spayed",Medium (11.4–22.3 kg or 25–49 lb),1 – 3 hrs,Conventional
587958-587949-61845720,Meat-based – conventional,5.0,1.0,4.0,,4.0,4.0,5.0,1.0,5.0,3.0,Healthy,1,No,0.0,0.0,0.0,0.0,0.0,0.0,Dog,10,"Male, sexually intact",Medium (11.4–22.3 kg or 25–49 lb),0 – 30 mins,Conventional
587958-587949-61850610,Meat-based – raw,5.0,5.0,5.0,5.0,5.0,5.0,5.0,5.0,5.0,5.0,Healthy,1,No,0.0,0.0,0.0,0.0,0.0,0.0,Dog,6,"Male, castrated",Medium (11.4–22.3 kg or 25–49 lb),1 – 3 hrs,Raw
587958-587949-61848688,Meat-based – raw,5.0,3.0,5.0,3.0,2.0,5.0,5.0,3.0,5.0,3.0,Healthy,0,No,0.0,0.0,0.0,0.0,0.0,0.0,Dog,3,"Female, spayed",Medium (11.4–22.3 kg or 25–49 lb),1 – 3 hrs,Raw
587958-587949-61850093,Meat-based – conventional,2.0,1.0,1.0,1.0,1.0,1.0,1.0,5.0,1.0,1.0,Generally healthy with minor or infrequent problems,>3,Yes,0.0,0.0,0.0,0.0,0.0,0.0,Dog,3,"Male, castrated",Large (22.7–40.5 kg or 50–89 lb),1 – 3 hrs,Conventional
587958-587949-61850557,Meat-based – raw,2.0,2.0,2.0,4.0,4.0,1.0,2.0,4.0,4.0,1.0,Generally healthy with minor or infrequent problems,2,Yes,0.0,0.0,0.0,0.0,0.0,0.0,Dog,11,"Male, castrated",Large (22.7–40.5 kg or 50–89 lb),1 – 3 hrs,Raw
587958-587949-61850544,Meat-based – conventional,4.0,2.0,2.0,3.0,3.0,1.0,2.0,5.0,3.0,1.0,Generally healthy with minor or infrequent problems,1,No,0.0,0.0,0.0,0.0,0.0,0.0,Dog,11,"Female, spayed",Large (22.7–40.5 kg or 50–89 lb),30 – 60 mins,Conventional
587958-587949-61850520,Meat-based – raw,3.0,2.0,2.0,4.0,2.0,2.0,2.0,4.0,2.0,1.0,Generally healthy with minor or infrequent problems,0,No,0.0,0.0,0.0,0.0,0.0,0.0,Dog,10,"Female, spayed",Medium (11.4–22.3 kg or 25–49 lb),1 – 3 hrs,Raw
587958-587949-61850631,Meat-based – conventional,1.0,2.0,1.0,3.0,1.0,1.0,1.0,5.0,4.0,3.0,Generally healthy with minor or infrequent problems,>3,Yes,0.0,0.0,0.0,0.0,0.0,0.0,Dog,3,"Male, castrated",Medium (11.4–22.3 kg or 25–49 lb),1 – 3 hrs,Conventional
587958-587949-61850747,Meat-based – conventional,5.0,4.0,5.0,5.0,2.0,4.0,5.0,2.0,5.0,2.0,Healthy,1,No,0.0,0.0,0.0,0.0,0.0,0.0,Dog,3,"Female, spayed",Medium (11.4–22.3 kg or 25–49 lb),1 – 3 hrs,Conventional
587958-587949-61850647,Meat-based – conventional,5.0,4.0,2.0,4.0,4.0,3.0,4.0,4.0,5.0,2.0,Healthy,1,No,0.0,0.0,0.0,0.0,0.0,0.0,Dog,5,"Female, spayed",Medium (11.4–22.3 kg or 25–49 lb),1 – 3 hrs,Conventional
587958-587949-61850387,Meat-based – conventional,4.0,4.0,3.0,4.0,3.0,2.0,5.0,3.0,4.0,2.0,Generally healthy with minor or infrequent problems,2,No,0.0,0.0,0.0,0.0,1.0,1.0,Dog,10,"Male, castrated",Large (22.7–40.5 kg or 50–89 lb),1 – 3 hrs,Conventional
587958-587949-61850701,Meat-based – raw,5.0,5.0,1.0,3.0,3.0,1.0,5.0,5.0,3.0,1.0,Healthy,0,No,0.0,0.0,0.0,0.0,0.0,0.0,Dog,8,"Male, castrated",Large (22.7–40.5 kg or 50–89 lb),0 – 30 mins,Raw
587958-587949-61850868,Meat-based – raw,4.0,4.0,1.0,4.0,2.0,2.0,3.0,2.0,2.0,1.0,Healthy,0,No,0.0,0.0,0.0,0.0,0.0,0.0,Dog,16,"Male, castrated",Large (22.7–40.5 kg or 50–89 lb),30 – 60 mins,Raw
587958-587949-61850775,Meat-based – conventional,5.0,5.0,1.0,5.0,5.0,1.0,5.0,1.0,1.0,1.0,Healthy,2,No,0.0,0.0,0.0,0.0,0.0,0.0,Dog,12,"Female, spayed",Medium (11.4–22.3 kg or 25–49 lb),30 – 60 mins,Conventional
587958-587949-61850880,Meat-based – conventional,4.0,4.0,2.0,4.0,1.0,1.0,2.0,4.0,3.0,1.0,Healthy,1,No,0.0,0.0,0.0,0.0,0.0,0.0,Dog,12,"Female, spayed",Medium (11.4–22.3 kg or 25–49 lb),1 – 3 hrs,Conventional
587958-587949-61850653,Meat-based – raw,5.0,5.0,1.0,1.0,1.0,1.0,4.0,1.0,1.0,1.0,Healthy,1,Yes,0.0,0.0,0.0,0.0,0.0,0.0,Dog,6,"Female, spayed",Large (22.7–40.5 kg or 50–89 lb),30 – 60 mins,Raw
587958-587949-61850908,Vegan (consuming no animal products),4.0,4.0,4.0,3.0,3.0,3.0,4.0,2.0,2.0,2.0,Healthy,1,No,0.0,0.0,0.0,0.0,0.0,0.0,Dog,10,"Male, castrated",Large (22.7–40.5 kg or 50–89 lb),30 – 60 mins,Vegan
587958-587949-61850910,Meat-based – conventional,5.0,5.0,3.0,5.0,5.0,3.0,5.0,4.0,4.0,2.0,Significant or frequent problems,1,Yes,0.0,0.0,0.0,0.0,0.0,0.0,Dog,5,"Female, spayed",Medium (11.4–22.3 kg or 25–49 lb),0 – 30 mins,Conventional
587958-587949-61850780,Meat-based – raw,5.0,5.0,1.0,,5.0,1.0,5.0,1.0,5.0,1.0,Generally healthy with minor or infrequent problems,1,Yes,0.0,0.0,0.0,0.0,0.0,0.0,Dog,11,"Male, castrated",Large (22.7–40.5 kg or 50–89 lb),1 – 3 hrs,Raw
587958-587949-61851089,Meat-based – raw,5.0,5.0,5.0,5.0,5.0,1.0,5.0,2.0,5.0,1.0,Healthy,1,No,0.0,0.0,0.0,0.0,0.0,0.0,Dog,3,"Female, spayed",Large (22.7–40.5 kg or 50–89 lb),> 3 hrs,Raw
587958-587949-61851158,Meat-based – conventional,4.0,4.0,2.0,3.0,4.0,1.0,2.0,2.0,3.0,1.0,Healthy,0,No,0.0,0.0,0.0,0.0,0.0,0.0,Dog,6,"Male, castrated",Medium (11.4–22.3 kg or 25–49 lb),1 – 3 hrs,Conventional
587958-587949-61851184,Meat-based – raw,5.0,5.0,5.0,5.0,5.0,5.0,5.0,3.0,4.0,1.0,Healthy,1,No,0.0,0.0,0.0,0.0,0.0,0.0,Dog,10,"Male, castrated",Large (22.7–40.5 kg or 50–89 lb),1 – 3 hrs,Raw
587958-587949-61851373,Meat-based – raw,4.0,5.0,1.0,4.0,3.0,1.0,2.0,4.0,4.0,1.0,Healthy,0,No,0.0,0.0,0.0,0.0,0.0,0.0,Dog,9,"Female, spayed",Medium (11.4–22.3 kg or 25–49 lb),1 – 3 hrs,Raw
587958-587949-61851320,Meat-based – raw,5.0,5.0,2.0,5.0,4.0,2.0,5.0,2.0,3.0,1.0,Healthy,1,No,0.0,0.0,0.0,0.0,0.0,0.0,Dog,4,"Female, sexually intact",Large (22.7–40.5 kg or 50–89 lb),> 3 hrs,Raw
587958-587949-61851465,Meat-based – conventional,4.0,4.0,2.0,4.0,3.0,2.0,5.0,4.0,3.0,1.0,Healthy,2,No,0.0,0.0,0.0,0.0,0.0,0.0,Dog,8,"Female, spayed",Medium (11.4–22.3 kg or 25–49 lb),30 – 60 mins,Conventional
587958-587949-61851392,Meat-based – conventional,5.0,5.0,2.0,4.0,4.0,2.0,5.0,2.0,3.0,2.0,Healthy,2,Yes,0.0,0.0,0.0,0.0,0.0,0.0,Dog,4,"Male, castrated",Medium (11.4–22.3 kg or 25–49 lb),1 – 3 hrs,Conventional
587958-587949-61851575,Meat-based – conventional,5.0,5.0,5.0,4.0,3.0,2.0,5.0,2.0,2.0,1.0,Healthy,2,Yes,0.0,0.0,0.0,0.0,0.0,0.0,Dog,3,"Male, castrated",Large (22.7–40.5 kg or 50–89 lb),30 – 60 mins,Conventional
587958-587949-61851606,Meat-based – conventional,4.0,4.0,4.0,4.0,3.0,4.0,3.0,2.0,4.0,3.0,Generally healthy with minor or infrequent problems,2,Yes,0.0,0.0,0.0,0.0,1.0,0.0,Dog,11,"Male, castrated",Small (4.5–10.9 kg or 10–24 lb),1 – 3 hrs,Conventional
587958-587949-61851648,Meat-based – raw,5.0,4.0,1.0,4.0,4.0,1.0,5.0,1.0,5.0,1.0,Healthy,1,No,0.0,0.0,0.0,0.0,0.0,0.0,Dog,3,"Female, spayed",Small (4.5–10.9 kg or 10–24 lb),30 – 60 mins,Raw
587958-587949-61851677,Meat-based – raw,4.0,3.0,1.0,4.0,2.0,2.0,3.0,5.0,4.0,1.0,Generally healthy with minor or infrequent problems,1,Yes,0.0,0.0,0.0,0.0,0.0,0.0,Dog,2,"Female, spayed",Large (22.7–40.5 kg or 50–89 lb),1 – 3 hrs,Raw
587958-587949-61851754,Meat-based – conventional,5.0,5.0,3.0,5.0,3.0,5.0,4.0,2.0,5.0,1.0,Healthy,0,No,0.0,0.0,0.0,0.0,0.0,0.0,Dog,8,"Female, spayed",Large (22.7–40.5 kg or 50–89 lb),30 – 60 mins,Conventional
587958-587949-61851698,Meat-based – raw,5.0,2.0,4.0,5.0,3.0,2.0,3.0,3.0,3.0,2.0,Healthy,1,No,0.0,0.0,0.0,0.0,0.0,0.0,Dog,3,"Male, castrated",Medium (11.4–22.3 kg or 25–49 lb),0 – 30 mins,Raw
587958-587949-61851761,Meat-based – raw,5.0,5.0,5.0,5.0,5.0,5.0,5.0,1.0,4.0,4.0,Healthy,1,No,0.0,0.0,0.0,0.0,0.0,0.0,Dog,5,"Male, castrated",Medium (11.4–22.3 kg or 25–49 lb),30 – 60 mins,Raw
587958-587949-61851903,Meat-based – raw,5.0,5.0,5.0,5.0,5.0,1.0,1.0,1.0,1.0,1.0,Healthy,0,No,0.0,0.0,0.0,0.0,0.0,0.0,Dog,1,"Male, sexually intact",Giant (> 40.9 kg or > 90 lb),1 – 3 hrs,Raw
587958-587949-61851707,Meat-based – raw,5.0,5.0,5.0,5.0,5.0,1.0,3.0,3.0,4.0,1.0,Significant or frequent problems,>3,Yes,0.0,0.0,0.0,1.0,0.0,1.0,Dog,12,"Female, spayed",Large (22.7–40.5 kg or 50–89 lb),30 – 60 mins,Raw
587958-587949-61852052,Meat-based – raw,5.0,5.0,2.0,4.0,2.0,2.0,4.0,5.0,5.0,2.0,Healthy,1,Yes,0.0,0.0,0.0,0.0,0.0,0.0,Dog,3,"Male, castrated",Medium (11.4–22.3 kg or 25–49 lb),1 – 3 hrs,Raw
587958-587949-61852107,Meat-based – conventional,5.0,1.0,3.0,4.0,2.0,,4.0,5.0,4.0,1.0,Healthy,1,No,0.0,0.0,0.0,0.0,0.0,0.0,Dog,7,"Female, spayed",Large (22.7–40.5 kg or 50–89 lb),0 – 30 mins,Conventional
587958-587949-61852227,Meat-based – conventional,4.0,3.0,2.0,5.0,4.0,4.0,4.0,2.0,2.0,1.0,Healthy,1,No,0.0,0.0,0.0,0.0,0.0,0.0,Dog,7,"Male, castrated",Large (22.7–40.5 kg or 50–89 lb),30 – 60 mins,Conventional
587958-587949-61852434,Meat-based – raw,2.0,2.0,1.0,4.0,2.0,1.0,3.0,5.0,3.0,1.0,Healthy,1,No,0.0,0.0,0.0,0.0,0.0,0.0,Dog,2,"Male, castrated",Large (22.7–40.5 kg or 50–89 lb),> 3 hrs,Raw
587958-587949-61852605,Meat-based – conventional,2.0,5.0,1.0,2.0,5.0,1.0,2.0,4.0,2.0,1.0,Generally healthy with minor or infrequent problems,2,Yes,0.0,0.0,0.0,0.0,1.0,0.0,Dog,3,"Male, sexually intact",Large (22.7–40.5 kg or 50–89 lb),1 – 3 hrs,Conventional
587958-587949-61852747,Meat-based – conventional,5.0,5.0,1.0,3.0,1.0,1.0,2.0,5.0,3.0,1.0,Healthy,0,No,0.0,0.0,0.0,0.0,0.0,0.0,Dog,8,"Male, castrated",Medium (11.4–22.3 kg or 25–49 lb),30 – 60 mins,Conventional
587958-587949-61852962,Meat-based – conventional,3.0,4.0,4.0,4.0,1.0,1.0,1.0,4.0,1.0,1.0,Healthy,0,No,0.0,0.0,0.0,0.0,0.0,0.0,Dog,5,"Male, castrated",Large (22.7–40.5 kg or 50–89 lb),> 3 hrs,Conventional
587958-587949-61853099,Meat-based – conventional,2.0,1.0,1.0,2.0,1.0,2.0,1.0,4.0,4.0,1.0,Generally healthy with minor or infrequent problems,2,Yes,0.0,0.0,0.0,0.0,1.0,0.0,Dog,1,"Male, sexually intact",Giant (> 40.9 kg or > 90 lb),1 – 3 hrs,Conventional
587958-587949-61853197,Meat-based – conventional,1.0,5.0,1.0,3.0,5.0,1.0,1.0,5.0,1.0,1.0,Healthy,2,Yes,0.0,0.0,0.0,0.0,0.0,0.0,Dog,6,"Female, spayed",Large (22.7–40.5 kg or 50–89 lb),Unsure,Conventional
587958-587949-61853144,Meat-based – conventional,5.0,5.0,3.0,3.0,3.0,1.0,5.0,3.0,4.0,1.0,Generally healthy with minor or infrequent problems,2,Yes,0.0,1.0,0.0,0.0,1.0,0.0,Dog,9,"Male, castrated",Large (22.7–40.5 kg or 50–89 lb),1 – 3 hrs,Conventional
587958-587949-61853328,Meat-based – conventional,5.0,5.0,5.0,5.0,5.0,5.0,5.0,1.0,4.0,1.0,Healthy,2,No,0.0,0.0,0.0,0.0,0.0,0.0,Dog,8,"Male, castrated",Medium (11.4–22.3 kg or 25–49 lb),1 – 3 hrs,Conventional
587958-587949-61853336,Meat-based – conventional,5.0,4.0,4.0,4.0,4.0,3.0,3.0,2.0,1.0,1.0,Healthy,2,No,0.0,0.0,0.0,0.0,0.0,0.0,Dog,4,"Male, sexually intact",Giant (> 40.9 kg or > 90 lb),1 – 3 hrs,Conventional
587958-587949-61853468,Meat-based – conventional,5.0,4.0,2.0,4.0,1.0,3.0,4.0,3.0,5.0,1.0,Healthy,2,No,0.0,0.0,0.0,0.0,0.0,0.0,Dog,3,"Female, spayed",Medium (11.4–22.3 kg or 25–49 lb),30 – 60 mins,Conventional
587958-587949-61853802,Meat-based – conventional,5.0,5.0,1.0,5.0,5.0,2.0,4.0,3.0,5.0,2.0,Healthy,1,No,0.0,0.0,0.0,0.0,0.0,0.0,Dog,10,"Male, castrated",Large (22.7–40.5 kg or 50–89 lb),1 – 3 hrs,Conventional
587958-587949-61854266,Meat-based – raw,4.0,3.0,2.0,2.0,2.0,2.0,2.0,4.0,5.0,1.0,Healthy,2,Yes,0.0,0.0,0.0,0.0,0.0,0.0,Dog,4,"Female, spayed",Medium (11.4–22.3 kg or 25–49 lb),> 3 hrs,Raw
587958-587949-61854351,Meat-based – raw,3.0,3.0,1.0,3.0,1.0,1.0,3.0,3.0,2.0,1.0,Significant or frequent problems,>3,Yes,0.0,0.0,0.0,0.0,0.0,0.0,Dog,1,"Male, sexually intact",Giant (> 40.9 kg or > 90 lb),1 – 3 hrs,Raw
587958-587949-61855054,Meat-based – conventional,5.0,5.0,3.0,4.0,3.0,5.0,2.0,4.0,4.0,1.0,Healthy,1,Yes,0.0,0.0,0.0,0.0,0.0,0.0,Dog,4,"Male, castrated",Medium (11.4–22.3 kg or 25–49 lb),1 – 3 hrs,Conventional
587958-587949-61855567,Meat-based – conventional,5.0,5.0,5.0,5.0,2.0,1.0,5.0,1.0,1.0,,Healthy,2,Yes,0.0,0.0,0.0,0.0,0.0,0.0,Dog,2,"Male, sexually intact",Large (22.7–40.5 kg or 50–89 lb),30 – 60 mins,Conventional
587958-587949-61855714,Meat-based – raw,3.0,4.0,3.0,5.0,4.0,3.0,3.0,5.0,3.0,,Healthy,1,No,0.0,0.0,0.0,0.0,0.0,0.0,Dog,2,"Male, castrated",Giant (> 40.9 kg or > 90 lb),30 – 60 mins,Raw
587958-587949-61855847,Meat-based – raw,5.0,5.0,2.0,5.0,5.0,2.0,4.0,2.0,5.0,2.0,Generally healthy with minor or infrequent problems,1,Yes,0.0,0.0,0.0,0.0,0.0,0.0,Dog,10,"Female, spayed",Large (22.7–40.5 kg or 50–89 lb),30 – 60 mins,Raw
587958-587949-61855872,Meat-based – raw,3.0,5.0,2.0,2.0,2.0,2.0,1.0,5.0,1.0,1.0,Healthy,1,No,0.0,0.0,0.0,0.0,0.0,0.0,Dog,3,"Male, sexually intact",Large (22.7–40.5 kg or 50–89 lb),1 – 3 hrs,Raw
587958-587949-61856145,Meat-based – raw,5.0,5.0,3.0,4.0,4.0,2.0,5.0,2.0,4.0,1.0,Healthy,>3,Yes,0.0,0.0,0.0,0.0,0.0,0.0,Dog,4,"Male, castrated",Medium (11.4–22.3 kg or 25–49 lb),1 – 3 hrs,Raw
587958-587949-61856167,Meat-based – conventional,5.0,5.0,5.0,5.0,2.0,2.0,5.0,2.0,5.0,2.0,Generally healthy with minor or infrequent problems,2,Yes,0.0,0.0,0.0,0.0,1.0,0.0,Dog,3,"Male, castrated",Small (4.5–10.9 kg or 10–24 lb),1 – 3 hrs,Conventional
587958-587949-61856335,Meat-based – conventional,5.0,5.0,5.0,5.0,2.0,5.0,5.0,1.0,4.0,2.0,Healthy,1,No,0.0,0.0,0.0,0.0,0.0,0.0,Dog,12,"Male, sexually intact",Medium (11.4–22.3 kg or 25–49 lb),1 – 3 hrs,Conventional
587958-587949-61856359,Meat-based – conventional,3.0,3.0,2.0,2.0,2.0,2.0,3.0,3.0,2.0,2.0,Healthy,1,No,0.0,1.0,0.0,0.0,0.0,0.0,Dog,3,"Female, spayed",Medium (11.4–22.3 kg or 25–49 lb),1 – 3 hrs,Conventional
587958-587949-61856291,Meat-based – conventional,5.0,5.0,2.0,3.0,5.0,1.0,5.0,,5.0,,Generally healthy with minor or infrequent problems,1,Yes,0.0,0.0,0.0,0.0,0.0,0.0,Dog,8,"Female, spayed",Large (22.7–40.5 kg or 50–89 lb),1 – 3 hrs,Conventional
587958-587949-61856433,Meat-based – conventional,5.0,5.0,2.0,,2.0,2.0,5.0,4.0,2.0,2.0,Generally healthy with minor or infrequent problems,>3,Yes,0.0,0.0,0.0,0.0,0.0,0.0,Dog,4,"Male, castrated",Medium (11.4–22.3 kg or 25–49 lb),> 3 hrs,Conventional
587958-587949-61856695,Meat-based – conventional,5.0,2.0,1.0,5.0,5.0,1.0,5.0,4.0,1.0,1.0,Generally healthy with minor or infrequent problems,>3,Yes,0.0,1.0,0.0,1.0,0.0,0.0,Dog,4,"Male, castrated",Large (22.7–40.5 kg or 50–89 lb),> 3 hrs,Conventional
587958-587949-61856596,Meat-based – raw,5.0,5.0,5.0,3.0,4.0,5.0,5.0,4.0,2.0,2.0,Healthy,0,No,0.0,0.0,0.0,0.0,0.0,0.0,Dog,3,"Female, sexually intact",Large (22.7–40.5 kg or 50–89 lb),1 – 3 hrs,Raw
587958-587949-61857292,Meat-based – conventional,4.0,2.0,2.0,4.0,2.0,2.0,4.0,2.0,4.0,1.0,Generally healthy with minor or infrequent problems,1,No,0.0,0.0,0.0,0.0,0.0,0.0,Dog,9,"Male, castrated",Large (22.7–40.5 kg or 50–89 lb),1 – 3 hrs,Conventional
587958-587949-61857633,Meat-based – conventional,5.0,5.0,2.0,3.0,3.0,2.0,4.0,4.0,4.0,2.0,Generally healthy with minor or infrequent problems,2,No,0.0,0.0,0.0,0.0,0.0,0.0,Dog,6,"Male, castrated",Large (22.7–40.5 kg or 50–89 lb),> 3 hrs,Conventional
587958-587949-61857737,Meat-based – raw,4.0,4.0,4.0,2.0,2.0,4.0,3.0,4.0,2.0,2.0,Generally healthy with minor or infrequent problems,1,Yes,0.0,0.0,0.0,0.0,0.0,0.0,Dog,13,"Male, castrated",Medium (11.4–22.3 kg or 25–49 lb),30 – 60 mins,Raw
587958-587949-61858013,Meat-based – raw,5.0,5.0,2.0,2.0,2.0,2.0,4.0,2.0,2.0,2.0,Healthy,0,No,0.0,0.0,0.0,0.0,0.0,0.0,Dog,3,"Male, sexually intact",Medium (11.4–22.3 kg or 25–49 lb),1 – 3 hrs,Raw
587958-587949-61858608,Meat-based – raw,5.0,5.0,5.0,5.0,5.0,2.0,5.0,1.0,3.0,1.0,Healthy,0,No,0.0,0.0,0.0,0.0,0.0,0.0,Dog,2,"Female, spayed",Medium (11.4–22.3 kg or 25–49 lb),30 – 60 mins,Raw
587958-587949-61859122,Meat-based – raw,4.0,4.0,3.0,4.0,3.0,3.0,4.0,3.0,4.0,4.0,Healthy,1,No,0.0,0.0,0.0,0.0,0.0,0.0,Dog,4,"Female, sexually intact",Medium (11.4–22.3 kg or 25–49 lb),1 – 3 hrs,Raw
587958-587949-61860791,Meat-based – raw,3.0,4.0,3.0,4.0,3.0,1.0,3.0,5.0,4.0,1.0,Generally healthy with minor or infrequent problems,1,No,0.0,0.0,0.0,0.0,0.0,0.0,Dog,1,"Male, sexually intact",Large (22.7–40.5 kg or 50–89 lb),30 – 60 mins,Raw
587958-587949-61861099,Meat-based – conventional,5.0,5.0,3.0,5.0,3.0,4.0,5.0,1.0,4.0,1.0,Generally healthy with minor or infrequent problems,>3,No,0.0,0.0,0.0,0.0,0.0,0.0,Dog,7,"Male, castrated",Large (22.7–40.5 kg or 50–89 lb),30 – 60 mins,Conventional
587958-587949-61861451,Meat-based – raw,5.0,5.0,3.0,3.0,5.0,4.0,5.0,3.0,4.0,2.0,Healthy,1,No,0.0,0.0,0.0,0.0,0.0,0.0,Dog,2,"Female, spayed",Small (4.5–10.9 kg or 10–24 lb),1 – 3 hrs,Raw
587958-587949-61861818,Meat-based – conventional,1.0,2.0,1.0,4.0,2.0,1.0,1.0,4.0,2.0,1.0,Generally healthy with minor or infrequent problems,>3,Yes,0.0,0.0,0.0,0.0,1.0,0.0,Dog,3,"Male, sexually intact",Medium (11.4–22.3 kg or 25–49 lb),1 – 3 hrs,Conventional
587958-587949-61861519,Meat-based – conventional,5.0,5.0,5.0,3.0,5.0,5.0,5.0,1.0,1.0,2.0,Healthy,1,No,0.0,0.0,0.0,0.0,0.0,0.0,Dog,3,"Female, sexually intact",Giant (> 40.9 kg or > 90 lb),1 – 3 hrs,Conventional
587958-587949-61863191,Meat-based – conventional,5.0,5.0,,3.0,5.0,1.0,4.0,1.0,5.0,1.0,Seriously ill,>3,No,0.0,0.0,0.0,0.0,0.0,0.0,Dog,15,"Female, spayed",Medium (11.4–22.3 kg or 25–49 lb),0 – 30 mins,Conventional
587958-587949-61864276,Meat-based – raw,2.0,3.0,1.0,4.0,3.0,1.0,4.0,5.0,2.0,1.0,Healthy,1,Yes,0.0,0.0,0.0,0.0,0.0,0.0,Dog,5,"Male, castrated",Large (22.7–40.5 kg or 50–89 lb),1 – 3 hrs,Raw
587958-587949-61866507,Meat-based – raw,5.0,5.0,1.0,4.0,3.0,3.0,4.0,4.0,3.0,3.0,Healthy,0,No,0.0,0.0,0.0,0.0,0.0,0.0,Dog,8,"Male, castrated",Large (22.7–40.5 kg or 50–89 lb),1 – 3 hrs,Raw
587958-587949-61867745,Meat-based – conventional,4.0,,2.0,,2.0,2.0,2.0,4.0,2.0,2.0,Healthy,1,No,0.0,0.0,0.0,0.0,0.0,0.0,Dog,5,"Female, spayed",Medium (11.4–22.3 kg or 25–49 lb),30 – 60 mins,Conventional
587958-587949-61869168,Meat-based – conventional,5.0,2.0,2.0,2.0,2.0,2.0,5.0,2.0,4.0,1.0,Healthy,0,No,0.0,0.0,0.0,0.0,0.0,0.0,Dog,9,"Male, castrated",Medium (11.4–22.3 kg or 25–49 lb),1 – 3 hrs,Conventional
587958-587949-61858779,Meat-based – conventional,1.0,3.0,1.0,1.0,1.0,1.0,1.0,5.0,3.0,1.0,Generally healthy with minor or infrequent problems,2,No,0.0,0.0,0.0,0.0,0.0,0.0,Dog,2,"Female, spayed",Medium (11.4–22.3 kg or 25–49 lb),1 – 3 hrs,Conventional
587958-587949-61870475,Meat-based – conventional,3.0,4.0,1.0,4.0,2.0,1.0,5.0,4.0,4.0,1.0,Generally healthy with minor or infrequent problems,>3,Yes,0.0,0.0,0.0,0.0,0.0,0.0,Dog,6,"Male, castrated",Large (22.7–40.5 kg or 50–89 lb),30 – 60 mins,Conventional
587958-587949-61868975,Meat-based – conventional,5.0,5.0,4.0,5.0,1.0,2.0,2.0,5.0,5.0,,Generally healthy with minor or infrequent problems,1,Yes,0.0,0.0,0.0,0.0,0.0,0.0,Dog,8,"Male, castrated",Large (22.7–40.5 kg or 50–89 lb),1 – 3 hrs,Conventional
587958-587949-61873176,Meat-based – raw,5.0,5.0,5.0,4.0,5.0,2.0,5.0,2.0,5.0,3.0,Healthy,0,No,0.0,0.0,0.0,0.0,0.0,0.0,Dog,5,"Female, sexually intact",Large (22.7–40.5 kg or 50–89 lb),1 – 3 hrs,Raw
587958-587949-61874991,Meat-based – conventional,5.0,4.0,2.0,3.0,3.0,2.0,3.0,2.0,4.0,2.0,Healthy,1,No,0.0,0.0,0.0,0.0,0.0,0.0,Dog,9,"Female, spayed",Large (22.7–40.5 kg or 50–89 lb),30 – 60 mins,Conventional
587958-587949-61877241,Meat-based – conventional,5.0,5.0,5.0,3.0,3.0,5.0,3.0,3.0,3.0,1.0,Healthy,0,No,0.0,0.0,0.0,0.0,0.0,0.0,Dog,1,"Male, castrated",Toy (≤ 4.1 kg or ≤ 9 lb),1 – 3 hrs,Conventional
587958-587949-61879076,Meat-based – raw,5.0,5.0,3.0,2.0,1.0,1.0,3.0,2.0,2.0,1.0,Healthy,1,No,0.0,0.0,0.0,0.0,0.0,0.0,Dog,3,"Male, castrated",Large (22.7–40.5 kg or 50–89 lb),1 – 3 hrs,Raw
587958-587949-61881056,Meat-based – conventional,5.0,5.0,5.0,2.0,2.0,4.0,4.0,2.0,5.0,2.0,Healthy,1,No,0.0,0.0,0.0,0.0,0.0,0.0,Dog,4,"Male, castrated",Small (4.5–10.9 kg or 10–24 lb),30 – 60 mins,Conventional
587958-587949-61880945,Meat-based – raw,4.0,4.0,4.0,4.0,2.0,1.0,1.0,3.0,4.0,1.0,Healthy,1,No,0.0,0.0,0.0,0.0,0.0,0.0,Dog,1,"Male, sexually intact",Giant (> 40.9 kg or > 90 lb),1 – 3 hrs,Raw
587958-587949-61880783,Meat-based – conventional,5.0,5.0,2.0,4.0,4.0,2.0,4.0,2.0,4.0,2.0,Healthy,1,No,0.0,0.0,0.0,0.0,0.0,0.0,Dog,7,"Male, castrated",Large (22.7–40.5 kg or 50–89 lb),1 – 3 hrs,Conventional
587958-587949-61880930,Meat-based – conventional,1.0,4.0,2.0,3.0,2.0,5.0,2.0,4.0,4.0,4.0,Generally healthy with minor or infrequent problems,2,Yes,0.0,0.0,1.0,0.0,0.0,0.0,Dog,4,"Female, sexually intact",Large (22.7–40.5 kg or 50–89 lb),1 – 3 hrs,Conventional
587958-587949-61881288,Meat-based – conventional,3.0,4.0,1.0,1.0,1.0,1.0,3.0,4.0,3.0,3.0,Healthy,1,No,0.0,0.0,0.0,0.0,0.0,0.0,Dog,1,"Male, sexually intact",Medium (11.4–22.3 kg or 25–49 lb),> 3 hrs,Conventional
587958-587949-61881693,Meat-based – conventional,4.0,3.0,2.0,1.0,1.0,1.0,2.0,3.0,1.0,1.0,Healthy,>3,Yes,0.0,0.0,0.0,0.0,0.0,0.0,Dog,6,"Male, castrated",Small (4.5–10.9 kg or 10–24 lb),1 – 3 hrs,Conventional
587958-587949-61882434,Meat-based – raw,5.0,5.0,5.0,4.0,3.0,2.0,5.0,5.0,5.0,1.0,Healthy,1,Yes,0.0,0.0,0.0,0.0,0.0,0.0,Dog,8,"Female, sexually intact",Large (22.7–40.5 kg or 50–89 lb),0 – 30 mins,Raw
587958-587949-61881647,Meat-based – conventional,2.0,2.0,2.0,2.0,2.0,2.0,4.0,3.0,2.0,2.0,Generally healthy with minor or infrequent problems,2,Yes,0.0,1.0,1.0,1.0,1.0,0.0,Dog,5,"Female, spayed",Small (4.5–10.9 kg or 10–24 lb),30 – 60 mins,Conventional
587958-587949-61883698,Meat-based – conventional,2.0,2.0,2.0,2.0,2.0,2.0,2.0,4.0,2.0,2.0,Generally healthy with minor or infrequent problems,3,Yes,0.0,0.0,1.0,0.0,0.0,0.0,Dog,5,"Female, spayed",Small (4.5–10.9 kg or 10–24 lb),1 – 3 hrs,Conventional
587958-587949-61884225,Meat-based – conventional,2.0,3.0,1.0,4.0,3.0,1.0,2.0,5.0,2.0,1.0,Healthy,3,No,0.0,0.0,0.0,0.0,0.0,0.0,Dog,1,"Female, sexually intact",Toy (≤ 4.1 kg or ≤ 9 lb),1 – 3 hrs,Conventional
587958-587949-61888592,Meat-based – raw,3.0,3.0,3.0,3.0,3.0,3.0,2.0,4.0,3.0,1.0,Healthy,1,No,0.0,0.0,0.0,0.0,0.0,0.0,Dog,7,"Male, castrated",Small (4.5–10.9 kg or 10–24 lb),1 – 3 hrs,Raw
587958-587949-61889557,Meat-based – conventional,2.0,2.0,2.0,2.0,2.0,2.0,2.0,3.0,2.0,2.0,Healthy,>3,Yes,0.0,0.0,0.0,0.0,0.0,0.0,Dog,2,"Male, sexually intact",Giant (> 40.9 kg or > 90 lb),1 – 3 hrs,Conventional
587958-587949-61890265,Meat-based – conventional,5.0,2.0,4.0,4.0,5.0,2.0,5.0,2.0,1.0,4.0,Generally healthy with minor or infrequent problems,2,No,0.0,0.0,1.0,0.0,0.0,0.0,Dog,4,"Female, spayed",Large (22.7–40.5 kg or 50–89 lb),30 – 60 mins,Conventional
587958-587949-61891255,Meat-based – conventional,3.0,4.0,2.0,2.0,2.0,2.0,5.0,5.0,5.0,2.0,Generally healthy with minor or infrequent problems,2,Yes,0.0,0.0,1.0,0.0,0.0,0.0,Dog,4,"Female, spayed",Large (22.7–40.5 kg or 50–89 lb),1 – 3 hrs,Conventional
587958-587949-61891429,Meat-based – conventional,5.0,5.0,5.0,5.0,5.0,5.0,5.0,3.0,5.0,1.0,Healthy,2,No,0.0,0.0,0.0,0.0,0.0,0.0,Dog,5,"Female, spayed",Large (22.7–40.5 kg or 50–89 lb),30 – 60 mins,Conventional
587958-587949-61891844,Meat-based – conventional,3.0,5.0,5.0,4.0,2.0,1.0,4.0,1.0,3.0,1.0,Healthy,1,No,0.0,0.0,0.0,0.0,0.0,0.0,Dog,2,"Male, sexually intact",Medium (11.4–22.3 kg or 25–49 lb),30 – 60 mins,Conventional
587958-587949-61892269,Meat-based – conventional,5.0,5.0,2.0,3.0,2.0,4.0,5.0,1.0,3.0,1.0,Healthy,1,No,0.0,0.0,0.0,0.0,0.0,0.0,Dog,5,"Male, castrated",Medium (11.4–22.3 kg or 25–49 lb),1 – 3 hrs,Conventional
587958-587949-61892439,Meat-based – raw,5.0,5.0,5.0,3.0,3.0,5.0,5.0,2.0,5.0,3.0,Healthy,1,No,0.0,0.0,0.0,0.0,0.0,0.0,Dog,4,"Female, spayed",Medium (11.4–22.3 kg or 25–49 lb),0 – 30 mins,Raw
587958-587949-61893217,Meat-based – conventional,3.0,5.0,4.0,3.0,3.0,2.0,2.0,4.0,3.0,2.0,Healthy,1,No,1.0,0.0,0.0,0.0,0.0,0.0,Dog,4,"Female, spayed",Large (22.7–40.5 kg or 50–89 lb),1 – 3 hrs,Conventional
587958-587949-61893406,Meat-based – raw,5.0,5.0,5.0,5.0,5.0,2.0,5.0,2.0,2.0,2.0,Healthy,0,No,0.0,0.0,0.0,0.0,0.0,0.0,Dog,11,"Male, sexually intact",Large (22.7–40.5 kg or 50–89 lb),30 – 60 mins,Raw
587958-587949-61893182,Meat-based – conventional,5.0,5.0,4.0,4.0,4.0,4.0,5.0,1.0,4.0,1.0,Healthy,1,No,0.0,0.0,0.0,0.0,0.0,0.0,Dog,5,"Female, spayed",Large (22.7–40.5 kg or 50–89 lb),1 – 3 hrs,Conventional
587958-587949-61893601,Meat-based – conventional,2.0,1.0,1.0,1.0,1.0,1.0,2.0,4.0,3.0,1.0,Generally healthy with minor or infrequent problems,1,Yes,0.0,0.0,0.0,0.0,0.0,0.0,Dog,1,"Male, sexually intact",Large (22.7–40.5 kg or 50–89 lb),> 3 hrs,Conventional
587958-587949-61893958,Meat-based – conventional,5.0,5.0,2.0,5.0,2.0,3.0,4.0,2.0,3.0,1.0,Healthy,>3,No,0.0,0.0,0.0,0.0,0.0,0.0,Dog,9,"Female, spayed",Medium (11.4–22.3 kg or 25–49 lb),1 – 3 hrs,Conventional
587958-587949-61889142,Meat-based – conventional,5.0,5.0,5.0,2.0,2.0,5.0,5.0,2.0,5.0,2.0,Healthy,0,No,0.0,0.0,0.0,0.0,0.0,0.0,Dog,2,"Male, castrated",Medium (11.4–22.3 kg or 25–49 lb),1 – 3 hrs,Conventional
587958-587949-61893855,Meat-based – raw,5.0,5.0,5.0,5.0,5.0,2.0,5.0,5.0,5.0,2.0,Healthy,2,Yes,0.0,0.0,0.0,0.0,0.0,0.0,Dog,1,"Male, sexually intact",Medium (11.4–22.3 kg or 25–49 lb),1 – 3 hrs,Raw
587958-587949-61893821,Meat-based – conventional,5.0,3.0,2.0,5.0,5.0,5.0,4.0,4.0,4.0,3.0,Generally healthy with minor or infrequent problems,1,Yes,0.0,1.0,0.0,0.0,1.0,0.0,Dog,3,"Male, castrated",Large (22.7–40.5 kg or 50–89 lb),30 – 60 mins,Conventional
587958-587949-61894015,Meat-based – raw,2.0,3.0,1.0,3.0,3.0,1.0,2.0,3.0,3.0,1.0,Healthy,0,No,0.0,0.0,0.0,0.0,0.0,0.0,Dog,3,"Male, sexually intact",Giant (> 40.9 kg or > 90 lb),30 – 60 mins,Raw
587958-587949-61894138,Meat-based – conventional,3.0,4.0,1.0,2.0,2.0,1.0,1.0,5.0,1.0,1.0,Generally healthy with minor or infrequent problems,2,Yes,0.0,0.0,0.0,0.0,0.0,1.0,Dog,3,"Male, castrated",Medium (11.4–22.3 kg or 25–49 lb),> 3 hrs,Conventional
587958-587949-61894130,Meat-based – raw,5.0,4.0,1.0,4.0,5.0,1.0,4.0,1.0,2.0,1.0,Healthy,1,No,0.0,0.0,0.0,0.0,0.0,0.0,Dog,5,"Male, castrated",Large (22.7–40.5 kg or 50–89 lb),1 – 3 hrs,Raw
587958-587949-61894690,Meat-based – conventional,5.0,5.0,2.0,5.0,5.0,2.0,4.0,3.0,3.0,2.0,Generally healthy with minor or infrequent problems,>3,No,0.0,0.0,0.0,0.0,0.0,0.0,Dog,4,"Female, spayed",Medium (11.4–22.3 kg or 25–49 lb),1 – 3 hrs,Conventional
587958-587949-61894765,Meat-based – conventional,5.0,4.0,3.0,3.0,3.0,3.0,5.0,3.0,5.0,2.0,Generally healthy with minor or infrequent problems,2,Yes,0.0,0.0,0.0,0.0,0.0,1.0,Dog,9,"Male, castrated",Large (22.7–40.5 kg or 50–89 lb),30 – 60 mins,Conventional
587958-587949-61895272,Meat-based – conventional,5.0,5.0,5.0,5.0,5.0,1.0,4.0,3.0,4.0,3.0,Healthy,1,No,0.0,0.0,0.0,0.0,0.0,0.0,Dog,3,"Male, sexually intact",Medium (11.4–22.3 kg or 25–49 lb),1 – 3 hrs,Conventional
587958-587949-61895629,Meat-based – conventional,5.0,,3.0,3.0,3.0,1.0,5.0,1.0,3.0,1.0,Healthy,1,No,0.0,0.0,0.0,0.0,0.0,0.0,Dog,6,"Male, castrated",Medium (11.4–22.3 kg or 25–49 lb),1 – 3 hrs,Conventional
587958-587949-61895129,Meat-based – raw,4.0,4.0,1.0,4.0,3.0,1.0,2.0,4.0,3.0,2.0,Healthy,1,Yes,0.0,0.0,0.0,0.0,0.0,0.0,Dog,6,"Male, sexually intact",Large (22.7–40.5 kg or 50–89 lb),1 – 3 hrs,Raw
587958-587949-61895829,Meat-based – conventional,5.0,5.0,5.0,5.0,5.0,1.0,5.0,1.0,5.0,1.0,Significant or frequent problems,>3,Yes,0.0,0.0,1.0,0.0,1.0,0.0,Dog,12,"Male, sexually intact",Large (22.7–40.5 kg or 50–89 lb),30 – 60 mins,Conventional
587958-587949-61895318,Meat-based – conventional,3.0,4.0,2.0,4.0,3.0,1.0,2.0,5.0,3.0,3.0,Significant or frequent problems,>3,Yes,0.0,0.0,0.0,1.0,1.0,0.0,Dog,11,"Female, spayed",Medium (11.4–22.3 kg or 25–49 lb),30 – 60 mins,Conventional
587958-587949-61896901,Meat-based – conventional,5.0,3.0,5.0,3.0,3.0,4.0,5.0,1.0,2.0,1.0,Healthy,1,No,0.0,0.0,0.0,0.0,0.0,0.0,Dog,3,"Male, sexually intact",Large (22.7–40.5 kg or 50–89 lb),1 – 3 hrs,Conventional
587958-587949-61897069,Meat-based – conventional,3.0,4.0,2.0,2.0,2.0,2.0,2.0,2.0,2.0,1.0,Generally healthy with minor or infrequent problems,>3,Yes,0.0,0.0,0.0,0.0,0.0,0.0,Dog,5,"Male, sexually intact",Large (22.7–40.5 kg or 50–89 lb),1 – 3 hrs,Conventional
587958-587949-61897803,Meat-based – raw,4.0,3.0,1.0,4.0,4.0,1.0,3.0,2.0,4.0,1.0,Generally healthy with minor or infrequent problems,1,Yes,0.0,0.0,0.0,0.0,0.0,0.0,Dog,13,"Female, spayed",Large (22.7–40.5 kg or 50–89 lb),1 – 3 hrs,Raw
587958-587949-61898048,Meat-based – raw,5.0,5.0,2.0,4.0,2.0,2.0,4.0,2.0,5.0,2.0,Generally healthy with minor or infrequent problems,3,Yes,0.0,0.0,0.0,0.0,0.0,0.0,Dog,11,"Male, castrated",Medium (11.4–22.3 kg or 25–49 lb),1 – 3 hrs,Raw
587958-587949-61898140,Meat-based – raw,5.0,5.0,5.0,5.0,5.0,2.0,5.0,2.0,3.0,1.0,Healthy,1,Yes,0.0,0.0,0.0,0.0,0.0,0.0,Dog,10,"Male, castrated",Medium (11.4–22.3 kg or 25–49 lb),1 – 3 hrs,Raw
587958-587949-61898393,Meat-based – raw,5.0,5.0,2.0,5.0,5.0,2.0,5.0,2.0,4.0,2.0,Healthy,1,No,0.0,0.0,0.0,0.0,0.0,0.0,Dog,13,"Male, castrated",Large (22.7–40.5 kg or 50–89 lb),30 – 60 mins,Raw
587958-587949-61898404,Meat-based – conventional,4.0,2.0,1.0,4.0,4.0,1.0,4.0,4.0,4.0,2.0,Generally healthy with minor or infrequent problems,3,Yes,0.0,0.0,0.0,0.0,0.0,0.0,Dog,6,"Female, spayed",Large (22.7–40.5 kg or 50–89 lb),1 – 3 hrs,Conventional
587958-587949-61898792,Meat-based – conventional,4.0,4.0,1.0,2.0,2.0,1.0,3.0,3.0,2.0,2.0,Significant or frequent problems,2,Yes,0.0,0.0,0.0,0.0,0.0,0.0,Dog,13,"Female, spayed",Large (22.7–40.5 kg or 50–89 lb),30 – 60 mins,Conventional
587958-587949-61898412,Meat-based – raw,5.0,5.0,2.0,5.0,4.0,2.0,4.0,1.0,2.0,1.0,Generally healthy with minor or infrequent problems,0,No,0.0,0.0,0.0,0.0,0.0,0.0,Dog,3,"Female, sexually intact",Small (4.5–10.9 kg or 10–24 lb),1 – 3 hrs,Raw
587958-587949-61898878,Meat-based – raw,4.0,4.0,2.0,2.0,2.0,2.0,2.0,4.0,4.0,2.0,Healthy,1,No,0.0,0.0,0.0,0.0,0.0,0.0,Dog,6,"Male, castrated",Large (22.7–40.5 kg or 50–89 lb),1 – 3 hrs,Raw
587958-587949-61899174,Meat-based – raw,5.0,5.0,1.0,5.0,1.0,1.0,5.0,1.0,5.0,1.0,Generally healthy with minor or infrequent problems,2,Yes,0.0,0.0,0.0,0.0,0.0,1.0,Dog,3,"Male, castrated",Large (22.7–40.5 kg or 50–89 lb),1 – 3 hrs,Raw
587958-587949-61899226,Meat-based – conventional,5.0,5.0,3.0,5.0,5.0,4.0,5.0,3.0,5.0,3.0,Significant or frequent problems,>3,Yes,0.0,0.0,0.0,0.0,0.0,0.0,Dog,12,"Female, spayed",Large (22.7–40.5 kg or 50–89 lb),1 – 3 hrs,Conventional
587958-587949-61899845,Meat-based – raw,3.0,4.0,3.0,3.0,1.0,4.0,3.0,4.0,3.0,1.0,Healthy,1,No,0.0,0.0,0.0,0.0,0.0,0.0,Dog,8,"Male, sexually intact",Toy (≤ 4.1 kg or ≤ 9 lb),0 – 30 mins,Raw
587958-587949-61899873,Meat-based – conventional,5.0,2.0,2.0,3.0,2.0,2.0,5.0,1.0,4.0,2.0,Generally healthy with minor or infrequent problems,1,Yes,0.0,0.0,0.0,0.0,0.0,0.0,Dog,10,"Male, castrated",Small (4.5–10.9 kg or 10–24 lb),0 – 30 mins,Conventional
587958-587949-61900098,Meat-based – conventional,5.0,5.0,4.0,,2.0,3.0,5.0,1.0,3.0,4.0,Generally healthy with minor or infrequent problems,>3,Yes,0.0,0.0,0.0,0.0,1.0,0.0,Dog,2,"Male, castrated",Small (4.5–10.9 kg or 10–24 lb),30 – 60 mins,Conventional
587958-587949-61900337,Meat-based – raw,2.0,4.0,1.0,4.0,2.0,2.0,2.0,4.0,4.0,1.0,Generally healthy with minor or infrequent problems,1,Yes,0.0,0.0,0.0,0.0,0.0,0.0,Dog,10,"Male, castrated",Large (22.7–40.5 kg or 50–89 lb),0 – 30 mins,Raw
587958-587949-61901542,Meat-based – conventional,1.0,2.0,1.0,4.0,1.0,1.0,1.0,2.0,4.0,2.0,Healthy,2,Yes,0.0,0.0,0.0,0.0,0.0,0.0,Dog,5,"Male, castrated",Large (22.7–40.5 kg or 50–89 lb),1 – 3 hrs,Conventional
587958-587949-61901255,Meat-based – conventional,5.0,4.0,2.0,4.0,3.0,1.0,4.0,2.0,4.0,2.0,Significant or frequent problems,>3,Yes,0.0,1.0,0.0,0.0,1.0,0.0,Dog,6,"Male, castrated",Large (22.7–40.5 kg or 50–89 lb),30 – 60 mins,Conventional
587958-587949-61901171,Meat-based – conventional,5.0,5.0,3.0,4.0,4.0,1.0,5.0,3.0,5.0,3.0,Healthy,2,Yes,0.0,0.0,0.0,0.0,0.0,0.0,Dog,7,"Male, castrated",Large (22.7–40.5 kg or 50–89 lb),30 – 60 mins,Conventional
587958-587949-61902177,Meat-based – conventional,5.0,5.0,5.0,5.0,3.0,5.0,5.0,2.0,5.0,2.0,Generally healthy with minor or infrequent problems,1,Yes,0.0,0.0,1.0,0.0,0.0,0.0,Dog,10,"Female, spayed",Medium (11.4–22.3 kg or 25–49 lb),30 – 60 mins,Conventional
587958-587949-61903087,Meat-based – conventional,4.0,3.0,3.0,2.0,2.0,2.0,2.0,4.0,1.0,1.0,Generally healthy with minor or infrequent problems,1,Yes,0.0,0.0,0.0,0.0,0.0,0.0,Dog,10,"Female, spayed",Small (4.5–10.9 kg or 10–24 lb),1 – 3 hrs,Conventional
587958-587949-61903213,Meat-based – conventional,5.0,5.0,2.0,5.0,5.0,2.0,5.0,2.0,5.0,2.0,Healthy,2,No,0.0,0.0,0.0,0.0,0.0,0.0,Dog,5,"Male, castrated",Large (22.7–40.5 kg or 50–89 lb),30 – 60 mins,Conventional
587958-587949-61904314,Meat-based – raw,5.0,5.0,4.0,2.0,3.0,4.0,4.0,4.0,3.0,1.0,Healthy,1,No,0.0,0.0,0.0,0.0,0.0,0.0,Dog,4,"Female, spayed",Large (22.7–40.5 kg or 50–89 lb),30 – 60 mins,Raw
587958-587949-61903836,Meat-based – conventional,4.0,3.0,3.0,4.0,3.0,2.0,4.0,4.0,3.0,2.0,Generally healthy with minor or infrequent problems,1,No,1.0,0.0,0.0,0.0,1.0,0.0,Dog,6,"Female, spayed",Small (4.5–10.9 kg or 10–24 lb),1 – 3 hrs,Conventional
587958-587949-61904359,Meat-based – raw,5.0,5.0,1.0,3.0,3.0,1.0,5.0,3.0,3.0,1.0,Healthy,1,No,0.0,0.0,0.0,0.0,0.0,0.0,Dog,8,"Female, spayed",Large (22.7–40.5 kg or 50–89 lb),1 – 3 hrs,Raw
587958-587949-61904756,Meat-based – raw,5.0,5.0,5.0,5.0,5.0,3.0,5.0,2.0,5.0,4.0,Healthy,1,No,0.0,0.0,0.0,0.0,0.0,0.0,Dog,3,"Male, castrated",Medium (11.4–22.3 kg or 25–49 lb),1 – 3 hrs,Raw
587958-587949-61906138,Meat-based – raw,5.0,5.0,3.0,5.0,3.0,3.0,5.0,2.0,3.0,3.0,Generally healthy with minor or infrequent problems,>3,Yes,0.0,0.0,0.0,0.0,0.0,1.0,Dog,3,"Female, spayed",Small (4.5–10.9 kg or 10–24 lb),0 – 30 mins,Raw
587958-587949-61906197,Meat-based – conventional,5.0,4.0,5.0,5.0,5.0,2.0,5.0,1.0,2.0,1.0,Healthy,0,No,0.0,0.0,0.0,0.0,0.0,0.0,Dog,2,"Male, castrated",Large (22.7–40.5 kg or 50–89 lb),30 – 60 mins,Conventional
587958-587949-61906399,Meat-based – conventional,4.0,4.0,4.0,4.0,4.0,2.0,4.0,2.0,4.0,2.0,Healthy,0,No,0.0,0.0,0.0,0.0,0.0,0.0,Dog,2,"Male, castrated",Large (22.7–40.5 kg or 50–89 lb),30 – 60 mins,Conventional
587958-587949-61906420,Meat-based – raw,5.0,5.0,5.0,4.0,4.0,3.0,3.0,4.0,2.0,2.0,Healthy,3,No,0.0,0.0,0.0,0.0,0.0,0.0,Dog,5,"Female, sexually intact",Medium (11.4–22.3 kg or 25–49 lb),> 3 hrs,Raw
587958-587949-61906466,Meat-based – raw,5.0,5.0,5.0,5.0,5.0,5.0,5.0,2.0,4.0,2.0,Healthy,1,No,0.0,0.0,0.0,0.0,0.0,0.0,Dog,5,"Male, castrated",Medium (11.4–22.3 kg or 25–49 lb),1 – 3 hrs,Raw
587958-587949-61906822,Meat-based – conventional,5.0,5.0,1.0,5.0,5.0,2.0,4.0,4.0,5.0,5.0,Healthy,1,No,0.0,0.0,0.0,0.0,0.0,0.0,Dog,4,"Female, spayed",Medium (11.4–22.3 kg or 25–49 lb),1 – 3 hrs,Conventional
587958-587949-61906676,Meat-based – conventional,3.0,2.0,1.0,4.0,1.0,1.0,2.0,4.0,2.0,1.0,Healthy,2,No,0.0,0.0,0.0,0.0,0.0,0.0,Dog,6,"Male, sexually intact",Large (22.7–40.5 kg or 50–89 lb),30 – 60 mins,Conventional
587958-587949-61907073,Meat-based – conventional,5.0,2.0,4.0,3.0,3.0,5.0,5.0,1.0,4.0,2.0,Generally healthy with minor or infrequent problems,3,Yes,0.0,0.0,0.0,0.0,0.0,0.0,Dog,5,"Male, sexually intact",Small (4.5–10.9 kg or 10–24 lb),1 – 3 hrs,Conventional
587958-587949-61907023,Meat-based – conventional,4.0,2.0,1.0,,2.0,4.0,2.0,5.0,3.0,1.0,Generally healthy with minor or infrequent problems,3,Yes,0.0,0.0,0.0,0.0,0.0,0.0,Dog,13,"Female, spayed",Medium (11.4–22.3 kg or 25–49 lb),30 – 60 mins,Conventional
587958-587949-61907226,Meat-based – conventional,4.0,4.0,2.0,,,2.0,4.0,2.0,2.0,2.0,Generally healthy with minor or infrequent problems,3,Yes,0.0,0.0,0.0,0.0,0.0,0.0,Dog,1,"Female, sexually intact",Large (22.7–40.5 kg or 50–89 lb),30 – 60 mins,Conventional
587958-587949-61907174,Meat-based – conventional,4.0,4.0,2.0,4.0,2.0,1.0,4.0,5.0,4.0,1.0,Healthy,1,No,0.0,0.0,0.0,0.0,0.0,0.0,Dog,7,"Female, spayed",Medium (11.4–22.3 kg or 25–49 lb),30 – 60 mins,Conventional
587958-587949-61907246,Meat-based – conventional,5.0,3.0,2.0,4.0,4.0,2.0,5.0,1.0,1.0,1.0,Healthy,1,No,0.0,0.0,0.0,0.0,0.0,0.0,Dog,3,"Female, sexually intact",Medium (11.4–22.3 kg or 25–49 lb),1 – 3 hrs,Conventional
587958-587949-61907662,Meat-based – conventional,4.0,4.0,3.0,4.0,2.0,2.0,2.0,2.0,3.0,2.0,Healthy,1,No,0.0,0.0,0.0,0.0,0.0,0.0,Dog,1,"Male, castrated",Large (22.7–40.5 kg or 50–89 lb),30 – 60 mins,Conventional
587958-587949-61907642,Meat-based – conventional,3.0,4.0,1.0,3.0,3.0,1.0,3.0,3.0,4.0,1.0,Healthy,3,No,0.0,0.0,0.0,0.0,0.0,0.0,Dog,1,"Female, spayed",Large (22.7–40.5 kg or 50–89 lb),1 – 3 hrs,Conventional
587958-587949-61907806,Meat-based – raw,5.0,2.0,4.0,2.0,3.0,2.0,4.0,2.0,3.0,3.0,Generally healthy with minor or infrequent problems,>3,Yes,0.0,0.0,0.0,0.0,0.0,0.0,Dog,6,"Male, sexually intact",Large (22.7–40.5 kg or 50–89 lb),1 – 3 hrs,Raw
587958-587949-61907846,Meat-based – conventional,4.0,4.0,3.0,4.0,2.0,4.0,4.0,2.0,3.0,1.0,Healthy,2,No,0.0,0.0,0.0,0.0,0.0,0.0,Dog,6,"Male, sexually intact",Small (4.5–10.9 kg or 10–24 lb),1 – 3 hrs,Conventional
587958-587949-61908019,Meat-based – conventional,4.0,4.0,4.0,4.0,5.0,2.0,5.0,4.0,5.0,4.0,Healthy,0,No,0.0,0.0,0.0,0.0,0.0,0.0,Dog,6,"Male, sexually intact",Medium (11.4–22.3 kg or 25–49 lb),0 – 30 mins,Conventional
587958-587949-61908170,Meat-based – conventional,4.0,5.0,1.0,3.0,1.0,5.0,3.0,4.0,5.0,1.0,Significant or frequent problems,2,Yes,0.0,0.0,1.0,0.0,0.0,0.0,Dog,14,"Female, spayed",Large (22.7–40.5 kg or 50–89 lb),0 – 30 mins,Conventional
587958-587949-61908357,Meat-based – raw,5.0,5.0,5.0,5.0,5.0,5.0,4.0,5.0,5.0,2.0,Healthy,1,Yes,0.0,0.0,0.0,0.0,0.0,0.0,Dog,2,"Male, sexually intact",Giant (> 40.9 kg or > 90 lb),1 – 3 hrs,Raw
587958-587949-61908337,Meat-based – raw,5.0,4.0,4.0,5.0,4.0,3.0,5.0,2.0,5.0,1.0,Healthy,0,No,0.0,0.0,0.0,0.0,0.0,0.0,Dog,2,"Female, sexually intact",Medium (11.4–22.3 kg or 25–49 lb),1 – 3 hrs,Raw
587958-587949-61908536,Meat-based – raw,2.0,2.0,2.0,2.0,2.0,2.0,4.0,4.0,2.0,2.0,Healthy,1,Yes,0.0,0.0,0.0,0.0,0.0,0.0,Dog,4,"Male, castrated",Small (4.5–10.9 kg or 10–24 lb),1 – 3 hrs,Raw
587958-587949-61908560,Meat-based – conventional,5.0,5.0,2.0,5.0,4.0,1.0,5.0,2.0,5.0,1.0,Generally healthy with minor or infrequent problems,2,Yes,0.0,0.0,0.0,0.0,1.0,0.0,Dog,8,"Male, castrated",Giant (> 40.9 kg or > 90 lb),30 – 60 mins,Conventional
587958-587949-61908473,Meat-based – conventional,5.0,5.0,5.0,5.0,5.0,2.0,4.0,1.0,3.0,1.0,Healthy,1,No,0.0,0.0,0.0,0.0,0.0,0.0,Dog,7,"Male, castrated",Large (22.7–40.5 kg or 50–89 lb),30 – 60 mins,Conventional
587958-587949-61908594,Meat-based – conventional,5.0,5.0,5.0,5.0,4.0,1.0,5.0,1.0,2.0,1.0,Healthy,1,No,0.0,0.0,0.0,0.0,0.0,0.0,Dog,7,"Female, sexually intact",Giant (> 40.9 kg or > 90 lb),1 – 3 hrs,Conventional
587958-587949-61908689,Meat-based – raw,5.0,,5.0,5.0,5.0,2.0,5.0,2.0,5.0,2.0,Healthy,1,No,0.0,0.0,0.0,0.0,0.0,0.0,Dog,5,"Female, spayed",Toy (≤ 4.1 kg or ≤ 9 lb),30 – 60 mins,Raw
587958-587949-61908644,Meat-based – raw,5.0,2.0,5.0,3.0,3.0,4.0,5.0,2.0,5.0,4.0,Healthy,0,No,0.0,0.0,0.0,0.0,0.0,0.0,Dog,10,"Male, sexually intact",Large (22.7–40.5 kg or 50–89 lb),30 – 60 mins,Raw
587958-587949-61908661,Meat-based – conventional,5.0,5.0,5.0,5.0,5.0,5.0,5.0,2.0,4.0,1.0,Generally healthy with minor or infrequent problems,0,No,0.0,0.0,0.0,0.0,0.0,0.0,Dog,7,"Female, spayed",Large (22.7–40.5 kg or 50–89 lb),30 – 60 mins,Conventional
587958-587949-61908866,Meat-based – conventional,2.0,2.0,2.0,2.0,2.0,2.0,2.0,4.0,4.0,1.0,Generally healthy with minor or infrequent problems,1,Yes,0.0,1.0,0.0,0.0,0.0,0.0,Dog,9,"Male, castrated",Large (22.7–40.5 kg or 50–89 lb),30 – 60 mins,Conventional
587958-587949-61908907,Meat-based – raw,5.0,5.0,5.0,5.0,5.0,5.0,5.0,3.0,1.0,1.0,Generally healthy with minor or infrequent problems,>3,Yes,0.0,0.0,0.0,0.0,0.0,0.0,Dog,3,"Male, sexually intact",Large (22.7–40.5 kg or 50–89 lb),1 – 3 hrs,Raw
587958-587949-61909023,Meat-based – conventional,4.0,4.0,2.0,4.0,4.0,2.0,4.0,4.0,2.0,1.0,Healthy,2,No,0.0,1.0,0.0,0.0,0.0,0.0,Dog,2,"Female, spayed",Large (22.7–40.5 kg or 50–89 lb),1 – 3 hrs,Conventional
587958-587949-61909156,Meat-based – raw,5.0,5.0,2.0,,5.0,1.0,1.0,5.0,5.0,1.0,Healthy,>3,Yes,0.0,0.0,0.0,0.0,0.0,0.0,Dog,6,"Male, castrated",Large (22.7–40.5 kg or 50–89 lb),1 – 3 hrs,Raw
587958-587949-61909196,Meat-based – conventional,4.0,4.0,4.0,4.0,2.0,4.0,3.0,3.0,2.0,2.0,Generally healthy with minor or infrequent problems,2,Yes,0.0,0.0,0.0,1.0,0.0,0.0,Dog,13,"Male, castrated",Small (4.5–10.9 kg or 10–24 lb),30 – 60 mins,Conventional
587958-587949-61909259,Meat-based – conventional,5.0,5.0,1.0,5.0,4.0,1.0,5.0,1.0,5.0,2.0,Healthy,1,No,0.0,0.0,0.0,0.0,0.0,0.0,Dog,3,"Male, sexually intact",Medium (11.4–22.3 kg or 25–49 lb),> 3 hrs,Conventional
587958-587949-61909349,Meat-based – conventional,5.0,5.0,4.0,4.0,3.0,5.0,4.0,1.0,4.0,2.0,Healthy,0,No,0.0,0.0,0.0,0.0,0.0,0.0,Dog,3,"Female, sexually intact",Medium (11.4–22.3 kg or 25–49 lb),1 – 3 hrs,Conventional
587958-587949-61909554,Meat-based – raw,5.0,5.0,5.0,5.0,5.0,1.0,5.0,1.0,5.0,1.0,Healthy,1,Yes,0.0,0.0,0.0,0.0,0.0,0.0,Dog,5,"Female, sexually intact",Large (22.7–40.5 kg or 50–89 lb),1 – 3 hrs,Raw
587958-587949-61909643,Meat-based – conventional,5.0,5.0,1.0,5.0,5.0,1.0,4.0,1.0,3.0,1.0,Generally healthy with minor or infrequent problems,1,Yes,0.0,0.0,0.0,0.0,0.0,0.0,Dog,7,"Male, castrated",Giant (> 40.9 kg or > 90 lb),1 – 3 hrs,Conventional
587958-587949-61910089,Meat-based – conventional,3.0,5.0,5.0,5.0,5.0,4.0,3.0,4.0,3.0,2.0,Healthy,>3,Yes,0.0,0.0,0.0,0.0,0.0,1.0,Dog,2,"Female, sexually intact",Medium (11.4–22.3 kg or 25–49 lb),30 – 60 mins,Conventional
587958-587949-61910278,Meat-based – conventional,5.0,5.0,4.0,5.0,4.0,4.0,4.0,2.0,4.0,1.0,Generally healthy with minor or infrequent problems,2,Yes,0.0,0.0,0.0,1.0,0.0,0.0,Dog,7,"Female, spayed",Large (22.7–40.5 kg or 50–89 lb),1 – 3 hrs,Conventional
587958-587949-61910489,Meat-based – raw,4.0,5.0,2.0,4.0,2.0,2.0,4.0,4.0,3.0,2.0,Generally healthy with minor or infrequent problems,3,Yes,0.0,0.0,0.0,0.0,0.0,0.0,Dog,10,"Female, spayed",Medium (11.4–22.3 kg or 25–49 lb),1 – 3 hrs,Raw
587958-587949-61910823,Meat-based – raw,2.0,5.0,2.0,5.0,2.0,2.0,2.0,5.0,2.0,1.0,Generally healthy with minor or infrequent problems,0,No,0.0,0.0,0.0,0.0,0.0,0.0,Dog,4,"Female, spayed",Medium (11.4–22.3 kg or 25–49 lb),30 – 60 mins,Raw
587958-587949-61910866,Meat-based – conventional,1.0,2.0,1.0,2.0,1.0,1.0,1.0,4.0,1.0,1.0,Healthy,1,No,0.0,0.0,0.0,0.0,0.0,0.0,Dog,6,"Female, spayed",Large (22.7–40.5 kg or 50–89 lb),30 – 60 mins,Conventional
587958-587949-61911472,Meat-based – conventional,5.0,5.0,1.0,4.0,5.0,5.0,4.0,4.0,4.0,,Generally healthy with minor or infrequent problems,>3,Yes,0.0,0.0,0.0,0.0,1.0,1.0,Dog,11,"Female, spayed",Large (22.7–40.5 kg or 50–89 lb),0 – 30 mins,Conventional
587958-587949-61911799,Vegan (consuming no animal products),5.0,5.0,4.0,5.0,5.0,4.0,2.0,4.0,2.0,1.0,Healthy,2,No,0.0,0.0,0.0,0.0,0.0,0.0,Dog,14,"Female, spayed",Large (22.7–40.5 kg or 50–89 lb),> 3 hrs,Vegan
587958-587949-61912157,Meat-based – conventional,5.0,,2.0,4.0,4.0,2.0,5.0,2.0,2.0,1.0,Healthy,>3,No,0.0,0.0,0.0,0.0,0.0,0.0,Dog,4,"Male, castrated",Medium (11.4–22.3 kg or 25–49 lb),0 – 30 mins,Conventional
587958-587949-61912275,Meat-based – conventional,4.0,3.0,3.0,4.0,4.0,3.0,4.0,4.0,3.0,2.0,Healthy,3,Yes,0.0,0.0,0.0,0.0,0.0,0.0,Dog,1,"Male, sexually intact",Large (22.7–40.5 kg or 50–89 lb),30 – 60 mins,Conventional
587958-587949-61912519,Meat-based – conventional,5.0,5.0,5.0,5.0,3.0,5.0,5.0,1.0,5.0,4.0,Healthy,0,No,0.0,0.0,0.0,0.0,0.0,0.0,Dog,5,"Female, spayed",Small (4.5–10.9 kg or 10–24 lb),1 – 3 hrs,Conventional
587958-587949-61912690,Meat-based – conventional,5.0,5.0,2.0,3.0,3.0,2.0,4.0,3.0,4.0,4.0,Healthy,>3,Yes,0.0,1.0,0.0,0.0,0.0,0.0,Dog,5,"Female, spayed",Medium (11.4–22.3 kg or 25–49 lb),1 – 3 hrs,Conventional
587958-587949-61912695,Meat-based – raw,3.0,4.0,3.0,3.0,5.0,3.0,3.0,5.0,3.0,1.0,Generally healthy with minor or infrequent problems,>3,Yes,0.0,0.0,0.0,0.0,0.0,0.0,Dog,2,"Male, castrated",Giant (> 40.9 kg or > 90 lb),1 – 3 hrs,Raw
587958-587949-61912856,Meat-based – conventional,5.0,5.0,5.0,5.0,5.0,1.0,5.0,1.0,5.0,1.0,Generally healthy with minor or infrequent problems,0,No,0.0,0.0,0.0,0.0,0.0,0.0,Dog,6,"Male, castrated",Large (22.7–40.5 kg or 50–89 lb),1 – 3 hrs,Conventional
587958-587949-61912957,Meat-based – conventional,5.0,5.0,1.0,2.0,2.0,2.0,2.0,2.0,5.0,2.0,Healthy,1,No,0.0,0.0,0.0,0.0,0.0,0.0,Dog,6,"Female, spayed",Medium (11.4–22.3 kg or 25–49 lb),> 3 hrs,Conventional
587958-587949-61913039,Meat-based – conventional,5.0,5.0,5.0,5.0,4.0,4.0,5.0,2.0,3.0,1.0,Healthy,0,No,0.0,0.0,0.0,0.0,0.0,0.0,Dog,7,"Female, spayed",Medium (11.4–22.3 kg or 25–49 lb),1 – 3 hrs,Conventional
587958-587949-61913083,Meat-based – conventional,4.0,4.0,4.0,4.0,3.0,1.0,4.0,1.0,4.0,4.0,Generally healthy with minor or infrequent problems,>3,Yes,0.0,0.0,0.0,0.0,0.0,0.0,Dog,8,"Female, spayed",Small (4.5–10.9 kg or 10–24 lb),1 – 3 hrs,Conventional
587958-587949-61913087,Meat-based – conventional,4.0,3.0,4.0,4.0,4.0,4.0,3.0,4.0,4.0,4.0,Healthy,0,No,0.0,0.0,0.0,0.0,0.0,0.0,Dog,5,"Male, castrated",Small (4.5–10.9 kg or 10–24 lb),1 – 3 hrs,Conventional
587958-587949-61913110,Meat-based – conventional,5.0,5.0,5.0,5.0,5.0,2.0,5.0,,3.0,,Healthy,2,No,0.0,0.0,0.0,0.0,0.0,0.0,Dog,2,"Female, spayed",Large (22.7–40.5 kg or 50–89 lb),1 – 3 hrs,Conventional
587958-587949-61913240,Meat-based – conventional,4.0,4.0,2.0,3.0,1.0,1.0,5.0,4.0,1.0,1.0,Generally healthy with minor or infrequent problems,2,Yes,0.0,0.0,0.0,0.0,0.0,0.0,Dog,2,"Male, castrated",Toy (≤ 4.1 kg or ≤ 9 lb),30 – 60 mins,Conventional
587958-587949-61913361,Meat-based – conventional,4.0,4.0,4.0,4.0,4.0,4.0,4.0,4.0,4.0,4.0,Healthy,1,No,0.0,0.0,0.0,0.0,0.0,0.0,Dog,11,"Male, sexually intact",Large (22.7–40.5 kg or 50–89 lb),30 – 60 mins,Conventional
587958-587949-61913556,Meat-based – raw,2.0,3.0,1.0,3.0,3.0,1.0,2.0,5.0,2.0,5.0,Generally healthy with minor or infrequent problems,2,Yes,0.0,1.0,0.0,0.0,0.0,0.0,Dog,9,"Male, castrated",Large (22.7–40.5 kg or 50–89 lb),> 3 hrs,Raw
587958-587949-61914239,Meat-based – conventional,3.0,4.0,2.0,3.0,2.0,3.0,2.0,4.0,4.0,4.0,Generally healthy with minor or infrequent problems,2,Yes,0.0,0.0,0.0,0.0,0.0,0.0,Dog,8,"Male, castrated",Large (22.7–40.5 kg or 50–89 lb),1 – 3 hrs,Conventional
587958-587949-61914705,Meat-based – raw,4.0,4.0,1.0,2.0,2.0,3.0,2.0,4.0,4.0,2.0,Healthy,1,No,0.0,0.0,0.0,0.0,0.0,0.0,Dog,11,"Male, castrated",Medium (11.4–22.3 kg or 25–49 lb),30 – 60 mins,Raw
587958-587949-61914749,Meat-based – raw,3.0,3.0,1.0,4.0,2.0,1.0,3.0,3.0,3.0,1.0,Generally healthy with minor or infrequent problems,Unsure,Yes,0.0,0.0,0.0,0.0,0.0,0.0,Dog,3,"Female, spayed",Medium (11.4–22.3 kg or 25–49 lb),> 3 hrs,Raw
587958-587949-61914945,Meat-based – conventional,4.0,4.0,2.0,5.0,5.0,2.0,4.0,4.0,5.0,1.0,Significant or frequent problems,>3,Yes,0.0,0.0,0.0,0.0,0.0,0.0,Dog,8,"Female, spayed",Giant (> 40.9 kg or > 90 lb),30 – 60 mins,Conventional
587958-587949-61915245,Meat-based – raw,2.0,5.0,2.0,,4.0,1.0,5.0,3.0,4.0,1.0,Healthy,1,No,0.0,0.0,0.0,0.0,0.0,0.0,Dog,2,"Male, castrated",Medium (11.4–22.3 kg or 25–49 lb),1 – 3 hrs,Raw
587958-587949-61915680,Meat-based – raw,3.0,4.0,3.0,3.0,3.0,3.0,2.0,5.0,5.0,2.0,Generally healthy with minor or infrequent problems,0,No,0.0,0.0,0.0,0.0,0.0,0.0,Dog,4,"Female, spayed",Small (4.5–10.9 kg or 10–24 lb),30 – 60 mins,Raw
587958-587949-61916029,Meat-based – conventional,5.0,5.0,3.0,5.0,2.0,5.0,5.0,4.0,2.0,2.0,Generally healthy with minor or infrequent problems,3,Yes,0.0,0.0,0.0,0.0,1.0,0.0,Dog,5,"Male, castrated",Large (22.7–40.5 kg or 50–89 lb),1 – 3 hrs,Conventional
587958-587949-61916503,Meat-based – raw,5.0,5.0,3.0,3.0,4.0,2.0,5.0,3.0,5.0,1.0,Generally healthy with minor or infrequent problems,2,Yes,0.0,0.0,1.0,0.0,0.0,0.0,Dog,8,"Male, castrated",Medium (11.4–22.3 kg or 25–49 lb),1 – 3 hrs,Raw
587958-587949-61916632,Meat-based – conventional,2.0,3.0,2.0,3.0,2.0,2.0,3.0,4.0,4.0,2.0,Generally healthy with minor or infrequent problems,>3,Yes,0.0,0.0,0.0,0.0,0.0,0.0,Dog,4,"Male, sexually intact",Small (4.5–10.9 kg or 10–24 lb),1 – 3 hrs,Conventional
587958-587949-61918108,Vegan (consuming no animal products),4.0,4.0,2.0,4.0,2.0,2.0,2.0,4.0,2.0,2.0,Generally healthy with minor or infrequent problems,>3,No,0.0,0.0,0.0,0.0,0.0,0.0,Dog,1,"Male, sexually intact",Medium (11.4–22.3 kg or 25–49 lb),1 – 3 hrs,Vegan
587958-587949-61918325,Meat-based – conventional,5.0,5.0,5.0,3.0,1.0,5.0,5.0,1.0,1.0,1.0,Generally healthy with minor or infrequent problems,2,No,0.0,0.0,1.0,0.0,0.0,0.0,Dog,10,"Male, castrated",Giant (> 40.9 kg or > 90 lb),30 – 60 mins,Conventional
587958-587949-61923500,Meat-based – conventional,4.0,4.0,4.0,1.0,3.0,4.0,3.0,1.0,4.0,1.0,Healthy,0,No,0.0,0.0,0.0,0.0,0.0,0.0,Dog,11,"Female, spayed",Large (22.7–40.5 kg or 50–89 lb),1 – 3 hrs,Conventional
587958-587949-61925205,Meat-based – conventional,3.0,4.0,1.0,4.0,4.0,,4.0,5.0,5.0,5.0,Significant or frequent problems,>3,Yes,0.0,0.0,0.0,0.0,0.0,0.0,Dog,9,"Female, spayed",Giant (> 40.9 kg or > 90 lb),0 – 30 mins,Conventional
587958-587949-61928391,Meat-based – raw,5.0,5.0,5.0,5.0,5.0,5.0,5.0,1.0,5.0,1.0,Healthy,0,No,0.0,0.0,0.0,0.0,0.0,0.0,Dog,7,"Male, castrated",Medium (11.4–22.3 kg or 25–49 lb),1 – 3 hrs,Raw
587958-587949-61931237,Meat-based – conventional,5.0,5.0,3.0,5.0,4.0,5.0,5.0,2.0,3.0,4.0,Generally healthy with minor or infrequent problems,2,No,0.0,0.0,0.0,0.0,0.0,0.0,Dog,4,"Male, castrated",Large (22.7–40.5 kg or 50–89 lb),1 – 3 hrs,Conventional
587958-587949-61931703,Meat-based – conventional,5.0,5.0,1.0,3.0,4.0,1.0,5.0,1.0,2.0,1.0,Healthy,2,Yes,0.0,0.0,1.0,0.0,0.0,0.0,Dog,8,"Female, spayed",Medium (11.4–22.3 kg or 25–49 lb),1 – 3 hrs,Conventional
587958-587949-61932026,Meat-based – conventional,5.0,5.0,2.0,5.0,5.0,1.0,2.0,4.0,4.0,,Healthy,0,No,0.0,0.0,0.0,0.0,0.0,0.0,Dog,8,"Female, spayed",Large (22.7–40.5 kg or 50–89 lb),1 – 3 hrs,Conventional
587958-587949-61932983,Meat-based – conventional,2.0,3.0,2.0,4.0,1.0,5.0,4.0,1.0,5.0,5.0,Significant or frequent problems,2,Yes,0.0,0.0,0.0,0.0,0.0,0.0,Dog,14,"Male, castrated",Medium (11.4–22.3 kg or 25–49 lb),30 – 60 mins,Conventional
587958-587949-61933485,Meat-based – raw,3.0,3.0,3.0,4.0,2.0,2.0,3.0,4.0,4.0,2.0,Healthy,2,No,0.0,0.0,1.0,0.0,0.0,0.0,Dog,6,"Female, spayed",Medium (11.4–22.3 kg or 25–49 lb),1 – 3 hrs,Raw
587958-587949-61935121,Meat-based – conventional,4.0,4.0,5.0,4.0,2.0,2.0,5.0,2.0,2.0,1.0,Healthy,2,No,0.0,0.0,0.0,0.0,0.0,0.0,Dog,7,"Female, spayed",Large (22.7–40.5 kg or 50–89 lb),1 – 3 hrs,Conventional
587958-587949-61935572,Meat-based – conventional,1.0,2.0,1.0,2.0,2.0,1.0,2.0,5.0,1.0,1.0,Generally healthy with minor or infrequent problems,2,Yes,0.0,0.0,0.0,0.0,0.0,0.0,Dog,11,"Male, castrated",Large (22.7–40.5 kg or 50–89 lb),1 – 3 hrs,Conventional
587958-587949-61938463,Meat-based – raw,4.0,1.0,1.0,1.0,1.0,1.0,2.0,4.0,4.0,2.0,Generally healthy with minor or infrequent problems,2,Yes,0.0,0.0,1.0,0.0,1.0,0.0,Dog,7,"Female, spayed",Medium (11.4–22.3 kg or 25–49 lb),1 – 3 hrs,Raw
587958-587949-61942570,Meat-based – conventional,3.0,3.0,2.0,3.0,2.0,1.0,1.0,1.0,3.0,1.0,Healthy,2,Yes,0.0,0.0,0.0,0.0,0.0,0.0,Dog,1,"Female, sexually intact",Large (22.7–40.5 kg or 50–89 lb),1 – 3 hrs,Conventional
587958-587949-61946166,Meat-based – raw,5.0,5.0,5.0,,5.0,5.0,5.0,1.0,5.0,5.0,Healthy,0,No,0.0,0.0,0.0,0.0,0.0,0.0,Dog,7,"Female, spayed",Large (22.7–40.5 kg or 50–89 lb),1 – 3 hrs,Raw
587958-587949-61949000,Meat-based – conventional,4.0,4.0,1.0,5.0,2.0,1.0,2.0,1.0,5.0,1.0,Healthy,3,Yes,0.0,0.0,0.0,0.0,0.0,0.0,Dog,1,"Male, sexually intact",Medium (11.4–22.3 kg or 25–49 lb),1 – 3 hrs,Conventional
587958-587949-61949418,Meat-based – conventional,5.0,3.0,4.0,5.0,5.0,4.0,4.0,1.0,3.0,1.0,Healthy,2,No,0.0,0.0,0.0,0.0,0.0,0.0,Dog,2,"Male, sexually intact",Large (22.7–40.5 kg or 50–89 lb),1 – 3 hrs,Conventional
587958-587949-61957948,Meat-based – conventional,5.0,5.0,5.0,,5.0,1.0,5.0,1.0,5.0,1.0,Healthy,2,Yes,0.0,0.0,0.0,0.0,0.0,0.0,Dog,2,"Male, sexually intact",Large (22.7–40.5 kg or 50–89 lb),> 3 hrs,Conventional
587958-587949-61958249,Meat-based – conventional,2.0,2.0,1.0,1.0,1.0,1.0,1.0,4.0,1.0,1.0,Healthy,1,No,0.0,0.0,0.0,0.0,0.0,0.0,Dog,5,"Female, spayed",Medium (11.4–22.3 kg or 25–49 lb),30 – 60 mins,Conventional
587958-587949-61961918,Meat-based – raw,5.0,5.0,5.0,3.0,3.0,5.0,5.0,3.0,5.0,3.0,Healthy,0,No,0.0,0.0,0.0,0.0,0.0,0.0,Dog,4,"Female, sexually intact",Medium (11.4–22.3 kg or 25–49 lb),1 – 3 hrs,Raw
587958-587949-61963436,Meat-based – raw,5.0,5.0,5.0,5.0,5.0,5.0,2.0,2.0,1.0,1.0,Generally healthy with minor or infrequent problems,3,No,0.0,0.0,0.0,0.0,0.0,0.0,Dog,14,"Male, sexually intact",Large (22.7–40.5 kg or 50–89 lb),1 – 3 hrs,Raw
587958-587949-61963378,Meat-based – raw,4.0,3.0,2.0,2.0,2.0,3.0,3.0,2.0,4.0,2.0,Unsure,>3,Yes,0.0,1.0,1.0,1.0,0.0,1.0,Dog,11,"Female, spayed",Medium (11.4–22.3 kg or 25–49 lb),1 – 3 hrs,Raw
587958-587949-61964476,Meat-based – conventional,3.0,3.0,1.0,3.0,3.0,1.0,3.0,1.0,3.0,1.0,Significant or frequent problems,3,Yes,0.0,0.0,0.0,0.0,1.0,0.0,Dog,14,"Male, castrated",Large (22.7–40.5 kg or 50–89 lb),1 – 3 hrs,Conventional
587958-587949-61964520,Meat-based – conventional,5.0,5.0,2.0,3.0,2.0,4.0,4.0,2.0,2.0,1.0,Generally healthy with minor or infrequent problems,0,No,0.0,0.0,0.0,0.0,0.0,0.0,Dog,3,"Male, castrated",Medium (11.4–22.3 kg or 25–49 lb),1 – 3 hrs,Conventional
587958-587949-61964346,Meat-based – conventional,4.0,4.0,4.0,4.0,2.0,2.0,4.0,2.0,3.0,1.0,Generally healthy with minor or infrequent problems,3,Yes,0.0,0.0,0.0,0.0,1.0,0.0,Dog,4,"Female, spayed",Medium (11.4–22.3 kg or 25–49 lb),1 – 3 hrs,Conventional
587958-587949-61965614,Meat-based – conventional,4.0,4.0,1.0,2.0,2.0,2.0,2.0,4.0,4.0,1.0,Healthy,1,Yes,0.0,0.0,0.0,0.0,0.0,0.0,Dog,9,"Male, castrated",Small (4.5–10.9 kg or 10–24 lb),1 – 3 hrs,Conventional
587958-587949-61965440,Meat-based – raw,4.0,4.0,5.0,3.0,2.0,1.0,2.0,1.0,1.0,1.0,Generally healthy with minor or infrequent problems,2,Yes,0.0,0.0,0.0,1.0,0.0,1.0,Dog,6,"Female, spayed",Large (22.7–40.5 kg or 50–89 lb),1 – 3 hrs,Raw
587958-587949-61965705,Meat-based – raw,5.0,4.0,2.0,4.0,4.0,2.0,4.0,2.0,4.0,2.0,Generally healthy with minor or infrequent problems,0,No,0.0,0.0,0.0,0.0,0.0,0.0,Dog,5,"Male, castrated",Large (22.7–40.5 kg or 50–89 lb),1 – 3 hrs,Raw
587958-587949-61967227,Meat-based – conventional,5.0,5.0,2.0,5.0,2.0,1.0,5.0,2.0,3.0,1.0,Healthy,0,No,0.0,0.0,0.0,0.0,0.0,0.0,Dog,9,"Female, spayed",Medium (11.4–22.3 kg or 25–49 lb),1 – 3 hrs,Conventional
587958-587949-61967433,Meat-based – conventional,5.0,5.0,3.0,5.0,5.0,1.0,3.0,3.0,2.0,1.0,Healthy,0,No,0.0,0.0,0.0,0.0,0.0,0.0,Dog,11,"Female, spayed",Medium (11.4–22.3 kg or 25–49 lb),1 – 3 hrs,Conventional
587958-587949-61967911,Meat-based – conventional,5.0,5.0,1.0,3.0,5.0,2.0,4.0,2.0,3.0,1.0,Healthy,1,No,0.0,0.0,0.0,0.0,0.0,0.0,Dog,5,"Male, castrated",Large (22.7–40.5 kg or 50–89 lb),1 – 3 hrs,Conventional
587958-587949-61968319,Meat-based – raw,5.0,5.0,5.0,5.0,3.0,3.0,3.0,4.0,4.0,1.0,Healthy,1,No,0.0,0.0,0.0,0.0,0.0,0.0,Dog,5,"Female, sexually intact",Large (22.7–40.5 kg or 50–89 lb),1 – 3 hrs,Raw
587958-587949-61969082,Meat-based – conventional,4.0,5.0,3.0,5.0,3.0,3.0,4.0,2.0,5.0,1.0,Generally healthy with minor or infrequent problems,2,Yes,0.0,0.0,0.0,0.0,1.0,0.0,Dog,4,"Male, castrated",Large (22.7–40.5 kg or 50–89 lb),30 – 60 mins,Conventional
587958-587949-61970498,Meat-based – raw,4.0,5.0,1.0,5.0,5.0,5.0,3.0,5.0,3.0,3.0,Significant or frequent problems,3,Yes,0.0,0.0,0.0,1.0,1.0,0.0,Dog,11,"Male, castrated",Large (22.7–40.5 kg or 50–89 lb),0 – 30 mins,Raw
587958-587949-61971410,Meat-based – conventional,4.0,5.0,1.0,1.0,1.0,3.0,2.0,2.0,4.0,1.0,Healthy,1,No,0.0,0.0,0.0,0.0,0.0,0.0,Dog,2,"Female, sexually intact",Large (22.7–40.5 kg or 50–89 lb),1 – 3 hrs,Conventional
587958-587949-61971912,Meat-based – conventional,4.0,4.0,2.0,2.0,1.0,4.0,2.0,4.0,4.0,1.0,Healthy,1,No,0.0,0.0,0.0,0.0,0.0,0.0,Dog,4,"Female, spayed",Medium (11.4–22.3 kg or 25–49 lb),> 3 hrs,Conventional
587958-587949-61971785,Meat-based – raw,4.0,3.0,2.0,4.0,2.0,2.0,3.0,4.0,,2.0,Generally healthy with minor or infrequent problems,3,Yes,0.0,0.0,0.0,0.0,0.0,0.0,Dog,3,"Female, sexually intact",Medium (11.4–22.3 kg or 25–49 lb),1 – 3 hrs,Raw
587958-587949-61971821,Meat-based – conventional,5.0,5.0,5.0,5.0,3.0,2.0,4.0,1.0,4.0,1.0,Generally healthy with minor or infrequent problems,>3,Yes,0.0,0.0,0.0,0.0,0.0,0.0,Dog,15,"Female, spayed",Medium (11.4–22.3 kg or 25–49 lb),30 – 60 mins,Conventional
587958-587949-61972713,Meat-based – raw,5.0,5.0,5.0,5.0,4.0,5.0,5.0,5.0,5.0,1.0,Healthy,3,Yes,0.0,0.0,0.0,0.0,0.0,0.0,Dog,3,"Female, spayed",Medium (11.4–22.3 kg or 25–49 lb),1 – 3 hrs,Raw
587958-587949-61964152,Meat-based – raw,4.0,2.0,2.0,2.0,2.0,2.0,4.0,4.0,2.0,2.0,Healthy,1,Yes,0.0,0.0,0.0,0.0,0.0,0.0,Dog,3,"Female, spayed",Small (4.5–10.9 kg or 10–24 lb),> 3 hrs,Raw
587958-587949-61972972,Meat-based – conventional,4.0,2.0,2.0,,2.0,4.0,1.0,4.0,1.0,4.0,Generally healthy with minor or infrequent problems,2,Yes,0.0,0.0,0.0,0.0,0.0,0.0,Dog,10,"Female, spayed",Medium (11.4–22.3 kg or 25–49 lb),0 – 30 mins,Conventional
587958-587949-61973888,Meat-based – conventional,4.0,3.0,1.0,4.0,3.0,1.0,3.0,1.0,3.0,1.0,Healthy,1,No,0.0,0.0,0.0,0.0,0.0,0.0,Dog,4,"Male, castrated",Medium (11.4–22.3 kg or 25–49 lb),30 – 60 mins,Conventional
587958-587949-61974072,Meat-based – conventional,5.0,5.0,2.0,5.0,3.0,2.0,4.0,4.0,4.0,2.0,Generally healthy with minor or infrequent problems,2,Yes,0.0,0.0,1.0,0.0,1.0,0.0,Dog,2,"Female, spayed",Medium (11.4–22.3 kg or 25–49 lb),30 – 60 mins,Conventional
587958-587949-61975053,Meat-based – conventional,5.0,4.0,4.0,3.0,3.0,5.0,5.0,1.0,3.0,1.0,Healthy,0,No,0.0,0.0,0.0,0.0,0.0,0.0,Dog,3,"Male, sexually intact",Medium (11.4–22.3 kg or 25–49 lb),30 – 60 mins,Conventional
587958-587949-61975426,Meat-based – raw,4.0,4.0,3.0,3.0,3.0,3.0,4.0,4.0,4.0,4.0,Healthy,1,No,0.0,0.0,0.0,0.0,0.0,0.0,Dog,3,"Male, sexually intact",Large (22.7–40.5 kg or 50–89 lb),1 – 3 hrs,Raw
587958-587949-61975939,Meat-based – conventional,3.0,2.0,2.0,4.0,4.0,2.0,1.0,3.0,4.0,1.0,Generally healthy with minor or infrequent problems,>3,No,0.0,0.0,0.0,0.0,0.0,1.0,Dog,2,"Male, castrated",Large (22.7–40.5 kg or 50–89 lb),1 – 3 hrs,Conventional
587958-587949-61976565,Meat-based – conventional,3.0,2.0,1.0,1.0,1.0,4.0,3.0,3.0,4.0,3.0,Significant or frequent problems,>3,Yes,0.0,0.0,0.0,1.0,1.0,0.0,Dog,12,"Female, spayed",Large (22.7–40.5 kg or 50–89 lb),0 – 30 mins,Conventional
587958-587949-61978069,Meat-based – conventional,4.0,5.0,5.0,5.0,2.0,2.0,4.0,2.0,4.0,1.0,Generally healthy with minor or infrequent problems,2,No,0.0,0.0,0.0,0.0,0.0,0.0,Dog,1,"Male, castrated",Large (22.7–40.5 kg or 50–89 lb),1 – 3 hrs,Conventional
587958-587949-61979033,Meat-based – raw,4.0,4.0,1.0,4.0,1.0,1.0,4.0,1.0,1.0,1.0,Generally healthy with minor or infrequent problems,2,Yes,0.0,0.0,0.0,0.0,0.0,0.0,Dog,1,"Female, sexually intact",Giant (> 40.9 kg or > 90 lb),30 – 60 mins,Raw
587958-587949-61982294,Meat-based – conventional,5.0,4.0,1.0,5.0,5.0,2.0,5.0,2.0,5.0,1.0,Generally healthy with minor or infrequent problems,1,No,0.0,0.0,0.0,0.0,0.0,0.0,Dog,9,"Male, castrated",Large (22.7–40.5 kg or 50–89 lb),30 – 60 mins,Conventional
587958-587949-61983721,Meat-based – conventional,5.0,4.0,3.0,3.0,3.0,1.0,4.0,1.0,5.0,4.0,Generally healthy with minor or infrequent problems,3,Yes,0.0,0.0,0.0,1.0,0.0,0.0,Dog,6,"Female, spayed",Large (22.7–40.5 kg or 50–89 lb),0 – 30 mins,Conventional
587958-587949-61983975,Meat-based – conventional,5.0,1.0,1.0,5.0,1.0,1.0,4.0,1.0,1.0,2.0,Healthy,1,No,0.0,0.0,0.0,0.0,0.0,0.0,Dog,9,"Female, spayed",Medium (11.4–22.3 kg or 25–49 lb),1 – 3 hrs,Conventional
587958-587949-61984447,Meat-based – conventional,4.0,3.0,1.0,2.0,2.0,1.0,3.0,4.0,2.0,1.0,Generally healthy with minor or infrequent problems,>3,Yes,0.0,0.0,0.0,0.0,0.0,0.0,Dog,8,"Female, spayed",Large (22.7–40.5 kg or 50–89 lb),1 – 3 hrs,Conventional
587958-587949-61983929,Meat-based – conventional,5.0,2.0,1.0,1.0,1.0,1.0,5.0,4.0,4.0,4.0,Healthy,>3,Yes,0.0,0.0,0.0,0.0,0.0,0.0,Dog,9,"Male, castrated",Large (22.7–40.5 kg or 50–89 lb),1 – 3 hrs,Conventional
587958-587949-61984837,Vegan (consuming no animal products),4.0,4.0,4.0,4.0,3.0,4.0,3.0,3.0,4.0,3.0,Healthy,1,No,0.0,0.0,0.0,0.0,0.0,0.0,Dog,7,"Female, sexually intact",Small (4.5–10.9 kg or 10–24 lb),1 – 3 hrs,Vegan
587958-587949-61985109,Meat-based – conventional,2.0,4.0,1.0,4.0,2.0,1.0,1.0,5.0,1.0,1.0,Healthy,1,Yes,0.0,0.0,0.0,0.0,0.0,0.0,Dog,9,"Female, spayed",Large (22.7–40.5 kg or 50–89 lb),30 – 60 mins,Conventional
587958-587949-61988950,Meat-based – conventional,4.0,4.0,3.0,4.0,3.0,2.0,3.0,3.0,4.0,1.0,Unsure,1,Yes,0.0,0.0,0.0,0.0,1.0,0.0,Dog,6,"Male, castrated",Large (22.7–40.5 kg or 50–89 lb),1 – 3 hrs,Conventional
587958-587949-61988146,Meat-based – conventional,2.0,4.0,3.0,4.0,3.0,3.0,1.0,4.0,3.0,1.0,Generally healthy with minor or infrequent problems,>3,Yes,0.0,1.0,0.0,0.0,0.0,0.0,Dog,4,"Male, castrated",Large (22.7–40.5 kg or 50–89 lb),1 – 3 hrs,Conventional
587958-587949-61989066,Meat-based – conventional,1.0,3.0,1.0,4.0,1.0,1.0,4.0,5.0,2.0,1.0,Generally healthy with minor or infrequent problems,1,No,0.0,0.0,0.0,1.0,0.0,0.0,Dog,9,"Male, castrated",Large (22.7–40.5 kg or 50–89 lb),1 – 3 hrs,Conventional
587958-587949-61990567,Meat-based – raw,4.0,4.0,2.0,4.0,2.0,2.0,5.0,2.0,2.0,1.0,Healthy,1,Yes,0.0,0.0,0.0,0.0,0.0,0.0,Dog,7,"Male, castrated",Large (22.7–40.5 kg or 50–89 lb),1 – 3 hrs,Raw
587958-587949-61997477,Meat-based – conventional,5.0,5.0,4.0,2.0,2.0,3.0,5.0,1.0,3.0,4.0,Generally healthy with minor or infrequent problems,3,Yes,0.0,1.0,0.0,0.0,1.0,0.0,Dog,4,"Female, spayed",Small (4.5–10.9 kg or 10–24 lb),1 – 3 hrs,Conventional
587958-587949-61999417,Meat-based – raw,5.0,5.0,3.0,5.0,5.0,2.0,4.0,1.0,1.0,1.0,Significant or frequent problems,>3,Yes,0.0,0.0,1.0,0.0,1.0,1.0,Dog,2,"Female, spayed",Medium (11.4–22.3 kg or 25–49 lb),30 – 60 mins,Raw
587958-587949-61999635,Meat-based – raw,5.0,5.0,1.0,1.0,1.0,1.0,5.0,1.0,5.0,1.0,Healthy,3,Yes,0.0,0.0,0.0,0.0,0.0,0.0,Dog,6,"Female, spayed",Large (22.7–40.5 kg or 50–89 lb),1 – 3 hrs,Raw
587958-587949-61999372,Meat-based – raw,2.0,2.0,1.0,2.0,1.0,1.0,1.0,5.0,3.0,1.0,Healthy,2,Yes,0.0,0.0,0.0,0.0,0.0,0.0,Dog,11,"Male, castrated",Large (22.7–40.5 kg or 50–89 lb),30 – 60 mins,Raw
587958-587949-62002149,Meat-based – conventional,5.0,4.0,1.0,4.0,1.0,1.0,4.0,1.0,1.0,1.0,Healthy,0,No,0.0,0.0,0.0,0.0,0.0,0.0,Dog,11,"Male, castrated",Large (22.7–40.5 kg or 50–89 lb),30 – 60 mins,Conventional
587958-587949-62009170,Meat-based – conventional,5.0,5.0,1.0,3.0,5.0,1.0,5.0,1.0,3.0,1.0,Generally healthy with minor or infrequent problems,1,Yes,0.0,0.0,0.0,0.0,0.0,1.0,Dog,4,"Male, castrated",Large (22.7–40.5 kg or 50–89 lb),1 – 3 hrs,Conventional
587958-587949-62012239,Meat-based – conventional,5.0,5.0,1.0,5.0,3.0,1.0,4.0,3.0,3.0,3.0,Healthy,2,Yes,0.0,0.0,1.0,0.0,0.0,0.0,Dog,3,"Female, spayed",Large (22.7–40.5 kg or 50–89 lb),1 – 3 hrs,Conventional
587958-587949-62014564,Meat-based – raw,4.0,3.0,1.0,4.0,2.0,1.0,2.0,2.0,2.0,1.0,Healthy,1,Yes,0.0,0.0,0.0,0.0,0.0,0.0,Dog,2,"Male, castrated",Medium (11.4–22.3 kg or 25–49 lb),> 3 hrs,Raw
587958-587949-62015086,Meat-based – raw,5.0,5.0,5.0,5.0,5.0,4.0,5.0,3.0,3.0,2.0,Healthy,1,No,0.0,0.0,0.0,0.0,0.0,0.0,Dog,2,"Female, sexually intact",Toy (≤ 4.1 kg or ≤ 9 lb),1 – 3 hrs,Raw
587958-587949-62016353,Meat-based – conventional,4.0,2.0,2.0,4.0,3.0,1.0,4.0,4.0,3.0,1.0,Healthy,1,No,0.0,0.0,0.0,0.0,0.0,0.0,Dog,7,"Female, spayed",Medium (11.4–22.3 kg or 25–49 lb),1 – 3 hrs,Conventional
587958-587949-62017262,Meat-based – conventional,5.0,4.0,2.0,5.0,2.0,1.0,4.0,2.0,4.0,1.0,Healthy,1,No,0.0,0.0,0.0,0.0,0.0,0.0,Dog,7,"Female, spayed",Medium (11.4–22.3 kg or 25–49 lb),1 – 3 hrs,Conventional
587958-587949-62017095,Meat-based – conventional,5.0,4.0,4.0,3.0,3.0,4.0,4.0,2.0,1.0,1.0,Significant or frequent problems,>3,Yes,0.0,1.0,0.0,0.0,0.0,0.0,Dog,8,"Male, castrated",Large (22.7–40.5 kg or 50–89 lb),1 – 3 hrs,Conventional
587958-587949-62018228,Meat-based – conventional,2.0,4.0,2.0,2.0,2.0,2.0,2.0,2.0,4.0,2.0,Healthy,1,No,0.0,0.0,0.0,0.0,0.0,0.0,Dog,2,"Female, sexually intact",Large (22.7–40.5 kg or 50–89 lb),1 – 3 hrs,Conventional
587958-587949-62019478,Meat-based – conventional,2.0,2.0,2.0,2.0,2.0,2.0,2.0,5.0,2.0,1.0,Generally healthy with minor or infrequent problems,>3,Yes,0.0,0.0,0.0,1.0,0.0,0.0,Dog,14,"Male, castrated",Medium (11.4–22.3 kg or 25–49 lb),1 – 3 hrs,Conventional
587958-587949-62019462,Meat-based – raw,5.0,5.0,3.0,5.0,,1.0,5.0,5.0,3.0,2.0,Healthy,1,No,0.0,0.0,0.0,0.0,0.0,0.0,Dog,3,"Female, spayed",Large (22.7–40.5 kg or 50–89 lb),30 – 60 mins,Raw
587958-587949-62019901,Meat-based – conventional,2.0,4.0,1.0,1.0,1.0,1.0,1.0,4.0,1.0,1.0,Generally healthy with minor or infrequent problems,>3,Yes,0.0,0.0,0.0,0.0,0.0,0.0,Dog,6,"Male, castrated",Medium (11.4–22.3 kg or 25–49 lb),1 – 3 hrs,Conventional
587958-587949-62020690,Meat-based – conventional,5.0,5.0,5.0,5.0,4.0,5.0,5.0,2.0,4.0,2.0,Generally healthy with minor or infrequent problems,0,No,0.0,0.0,0.0,0.0,0.0,0.0,Dog,10,"Female, spayed",Medium (11.4–22.3 kg or 25–49 lb),0 – 30 mins,Conventional
587958-587949-62020876,Meat-based – raw,4.0,4.0,2.0,2.0,2.0,2.0,1.0,5.0,4.0,3.0,Healthy,0,No,0.0,0.0,0.0,0.0,0.0,0.0,Dog,9,"Male, sexually intact",Toy (≤ 4.1 kg or ≤ 9 lb),30 – 60 mins,Raw
587958-587949-62021269,Meat-based – raw,5.0,5.0,1.0,2.0,3.0,1.0,5.0,4.0,5.0,1.0,Healthy,1,Yes,0.0,0.0,0.0,0.0,0.0,0.0,Dog,1,"Female, sexually intact",Medium (11.4–22.3 kg or 25–49 lb),1 – 3 hrs,Raw
587958-587949-62021791,Meat-based – raw,5.0,5.0,5.0,5.0,5.0,5.0,5.0,5.0,5.0,2.0,Healthy,1,No,0.0,0.0,0.0,0.0,0.0,0.0,Dog,2,"Female, sexually intact",Small (4.5–10.9 kg or 10–24 lb),1 – 3 hrs,Raw
587958-587949-62021297,Meat-based – conventional,2.0,4.0,2.0,4.0,3.0,1.0,4.0,4.0,4.0,2.0,Generally healthy with minor or infrequent problems,3,Yes,0.0,0.0,0.0,0.0,0.0,0.0,Dog,2,"Female, sexually intact",Medium (11.4–22.3 kg or 25–49 lb),1 – 3 hrs,Conventional
587958-587949-62022002,Meat-based – conventional,5.0,5.0,5.0,3.0,3.0,5.0,5.0,1.0,4.0,3.0,Generally healthy with minor or infrequent problems,2,Yes,0.0,0.0,1.0,1.0,0.0,1.0,Dog,13,"Male, castrated",Medium (11.4–22.3 kg or 25–49 lb),30 – 60 mins,Conventional
587958-587949-62022504,Meat-based – conventional,4.0,4.0,2.0,3.0,3.0,1.0,2.0,1.0,4.0,1.0,Healthy,2,Yes,0.0,0.0,0.0,0.0,0.0,0.0,Dog,3,"Male, castrated",Medium (11.4–22.3 kg or 25–49 lb),30 – 60 mins,Conventional
587958-587949-62022707,Meat-based – raw,3.0,3.0,3.0,3.0,3.0,3.0,2.0,4.0,3.0,3.0,Healthy,0,No,0.0,0.0,0.0,0.0,0.0,0.0,Dog,7,"Male, sexually intact",Medium (11.4–22.3 kg or 25–49 lb),1 – 3 hrs,Raw
587958-587949-62022139,Meat-based – raw,4.0,2.0,2.0,4.0,2.0,2.0,4.0,2.0,4.0,4.0,Healthy,1,No,0.0,0.0,0.0,0.0,0.0,0.0,Dog,5,"Female, spayed",Medium (11.4–22.3 kg or 25–49 lb),1 – 3 hrs,Raw
587958-587949-62022811,Meat-based – conventional,1.0,2.0,1.0,4.0,2.0,1.0,4.0,5.0,5.0,2.0,Healthy,1,No,0.0,0.0,0.0,0.0,0.0,0.0,Dog,3,"Female, spayed",Medium (11.4–22.3 kg or 25–49 lb),1 – 3 hrs,Conventional
587958-587949-62023902,Meat-based – raw,2.0,2.0,2.0,4.0,2.0,2.0,3.0,1.0,2.0,1.0,Generally healthy with minor or infrequent problems,1,No,0.0,0.0,0.0,0.0,0.0,0.0,Dog,3,"Female, spayed",Large (22.7–40.5 kg or 50–89 lb),1 – 3 hrs,Raw
587958-587949-62024182,Meat-based – conventional,4.0,4.0,2.0,4.0,2.0,2.0,2.0,2.0,3.0,1.0,Significant or frequent problems,>3,Yes,0.0,0.0,0.0,0.0,1.0,0.0,Dog,10,"Female, spayed",Small (4.5–10.9 kg or 10–24 lb),30 – 60 mins,Conventional
587958-587949-62024839,Meat-based – conventional,5.0,5.0,5.0,5.0,5.0,5.0,4.0,1.0,3.0,2.0,Generally healthy with minor or infrequent problems,3,Yes,0.0,0.0,0.0,0.0,0.0,1.0,Dog,5,"Male, castrated",Small (4.5–10.9 kg or 10–24 lb),1 – 3 hrs,Conventional
587958-587949-62001120,Meat-based – raw,5.0,5.0,2.0,4.0,4.0,2.0,5.0,2.0,4.0,2.0,Healthy,1,No,0.0,0.0,0.0,0.0,0.0,0.0,Dog,8,"Male, castrated",Large (22.7–40.5 kg or 50–89 lb),30 – 60 mins,Raw
587958-587949-62025145,Meat-based – conventional,3.0,4.0,3.0,4.0,2.0,2.0,2.0,5.0,4.0,1.0,Healthy,1,No,0.0,0.0,0.0,0.0,0.0,0.0,Dog,5,"Male, castrated",Small (4.5–10.9 kg or 10–24 lb),1 – 3 hrs,Conventional
587958-587949-62025731,Meat-based – raw,5.0,5.0,2.0,4.0,1.0,1.0,4.0,2.0,3.0,1.0,Healthy,0,No,0.0,0.0,0.0,0.0,0.0,0.0,Dog,7,"Female, spayed",Medium (11.4–22.3 kg or 25–49 lb),1 – 3 hrs,Raw
587958-587949-62026000,Meat-based – conventional,5.0,5.0,5.0,3.0,3.0,1.0,3.0,1.0,1.0,1.0,Generally healthy with minor or infrequent problems,3,Yes,0.0,1.0,0.0,0.0,0.0,0.0,Dog,10,"Male, castrated",Large (22.7–40.5 kg or 50–89 lb),30 – 60 mins,Conventional
587958-587949-62026264,Meat-based – conventional,5.0,5.0,5.0,5.0,5.0,2.0,4.0,4.0,4.0,1.0,Healthy,0,No,0.0,0.0,0.0,0.0,0.0,0.0,Dog,7,"Female, sexually intact",Large (22.7–40.5 kg or 50–89 lb),> 3 hrs,Conventional
587958-587949-62024842,Meat-based – raw,5.0,5.0,3.0,5.0,4.0,5.0,3.0,3.0,2.0,1.0,Healthy,0,No,0.0,0.0,0.0,0.0,0.0,0.0,Dog,2,"Female, sexually intact",Medium (11.4–22.3 kg or 25–49 lb),1 – 3 hrs,Raw
587958-587949-62026900,Meat-based – raw,5.0,5.0,1.0,5.0,5.0,5.0,5.0,1.0,5.0,5.0,Healthy,0,No,0.0,0.0,0.0,0.0,0.0,0.0,Dog,6,"Male, castrated",Medium (11.4–22.3 kg or 25–49 lb),30 – 60 mins,Raw
587958-587949-62027211,Meat-based – raw,4.0,4.0,2.0,4.0,3.0,4.0,5.0,4.0,3.0,1.0,Generally healthy with minor or infrequent problems,1,No,0.0,0.0,0.0,0.0,0.0,0.0,Dog,6,"Female, sexually intact",Medium (11.4–22.3 kg or 25–49 lb),30 – 60 mins,Raw
587958-587949-62027631,Meat-based – conventional,4.0,4.0,3.0,3.0,4.0,2.0,5.0,2.0,3.0,2.0,Healthy,3,Yes,0.0,0.0,0.0,0.0,0.0,0.0,Dog,5,"Female, spayed",Medium (11.4–22.3 kg or 25–49 lb),1 – 3 hrs,Conventional
587958-587949-62027874,Meat-based – raw,5.0,5.0,1.0,1.0,1.0,1.0,3.0,2.0,4.0,1.0,Generally healthy with minor or infrequent problems,1,Yes,0.0,0.0,0.0,0.0,0.0,0.0,Dog,10,"Female, spayed",Small (4.5–10.9 kg or 10–24 lb),0 – 30 mins,Raw
587958-587949-62028218,Meat-based – raw,4.0,5.0,4.0,4.0,5.0,5.0,4.0,1.0,3.0,2.0,Healthy,1,No,0.0,0.0,0.0,0.0,0.0,0.0,Dog,7,"Male, castrated",Large (22.7–40.5 kg or 50–89 lb),1 – 3 hrs,Raw
587958-587949-62028374,Meat-based – conventional,5.0,5.0,5.0,5.0,5.0,2.0,5.0,2.0,2.0,2.0,Healthy,1,No,0.0,0.0,0.0,0.0,0.0,0.0,Dog,8,"Male, castrated",Large (22.7–40.5 kg or 50–89 lb),30 – 60 mins,Conventional
587958-587949-62028577,Meat-based – conventional,2.0,3.0,2.0,4.0,3.0,2.0,2.0,5.0,2.0,1.0,Healthy,2,No,0.0,0.0,0.0,0.0,0.0,0.0,Dog,5,"Female, spayed",Toy (≤ 4.1 kg or ≤ 9 lb),1 – 3 hrs,Conventional
587958-587949-62029682,Meat-based – conventional,5.0,5.0,1.0,5.0,5.0,1.0,4.0,1.0,5.0,1.0,Generally healthy with minor or infrequent problems,2,Yes,1.0,0.0,0.0,0.0,0.0,0.0,Dog,2,"Female, sexually intact",Medium (11.4–22.3 kg or 25–49 lb),> 3 hrs,Conventional
587958-587949-62030777,Meat-based – conventional,3.0,4.0,1.0,4.0,1.0,1.0,2.0,4.0,2.0,1.0,Generally healthy with minor or infrequent problems,2,Yes,0.0,0.0,1.0,0.0,0.0,0.0,Dog,12,"Female, spayed",Medium (11.4–22.3 kg or 25–49 lb),0 – 30 mins,Conventional
587958-587949-62031096,Meat-based – raw,5.0,5.0,2.0,5.0,5.0,2.0,5.0,1.0,4.0,4.0,Generally healthy with minor or infrequent problems,0,No,0.0,0.0,0.0,0.0,0.0,0.0,Dog,4,"Male, castrated",Large (22.7–40.5 kg or 50–89 lb),1 – 3 hrs,Raw
587958-587949-62031168,Meat-based – raw,3.0,3.0,3.0,4.0,4.0,2.0,2.0,2.0,4.0,5.0,Generally healthy with minor or infrequent problems,0,No,0.0,0.0,0.0,0.0,0.0,0.0,Dog,10,"Female, spayed",Large (22.7–40.5 kg or 50–89 lb),0 – 30 mins,Raw
587958-587949-62031717,Meat-based – conventional,2.0,2.0,2.0,2.0,2.0,2.0,2.0,4.0,2.0,2.0,Healthy,2,Yes,0.0,0.0,0.0,0.0,0.0,0.0,Dog,4,"Male, castrated",Small (4.5–10.9 kg or 10–24 lb),30 – 60 mins,Conventional
587958-587949-62031476,Meat-based – raw,5.0,5.0,1.0,1.0,1.0,4.0,5.0,2.0,3.0,1.0,Generally healthy with minor or infrequent problems,3,No,0.0,0.0,0.0,0.0,0.0,0.0,Dog,10,"Female, sexually intact",Large (22.7–40.5 kg or 50–89 lb),30 – 60 mins,Raw
587958-587949-62031741,Meat-based – conventional,5.0,5.0,2.0,3.0,3.0,1.0,4.0,2.0,3.0,1.0,Healthy,1,No,0.0,0.0,0.0,0.0,0.0,0.0,Dog,10,"Female, spayed",Medium (11.4–22.3 kg or 25–49 lb),1 – 3 hrs,Conventional
587958-587949-62032354,Meat-based – conventional,5.0,5.0,2.0,5.0,5.0,5.0,5.0,4.0,5.0,5.0,Healthy,3,No,0.0,0.0,0.0,0.0,0.0,0.0,Dog,15,"Male, castrated",Large (22.7–40.5 kg or 50–89 lb),30 – 60 mins,Conventional
587958-587949-62032254,Meat-based – conventional,5.0,5.0,4.0,4.0,4.0,5.0,5.0,4.0,4.0,4.0,Healthy,2,Yes,0.0,1.0,0.0,0.0,0.0,1.0,Dog,7,"Male, castrated",Large (22.7–40.5 kg or 50–89 lb),1 – 3 hrs,Conventional
587958-587949-62032341,Meat-based – conventional,4.0,2.0,2.0,3.0,3.0,1.0,3.0,2.0,3.0,1.0,Healthy,2,No,0.0,0.0,0.0,0.0,0.0,0.0,Dog,1,"Male, castrated",Large (22.7–40.5 kg or 50–89 lb),1 – 3 hrs,Conventional
587958-587949-62032844,Meat-based – conventional,3.0,2.0,2.0,2.0,5.0,2.0,5.0,2.0,5.0,3.0,Healthy,1,No,0.0,0.0,0.0,0.0,0.0,0.0,Dog,1,"Male, castrated",Giant (> 40.9 kg or > 90 lb),1 – 3 hrs,Conventional
587958-587949-62028524,Meat-based – conventional,5.0,5.0,5.0,5.0,5.0,4.0,5.0,1.0,5.0,1.0,Generally healthy with minor or infrequent problems,>3,Yes,0.0,0.0,0.0,0.0,0.0,0.0,Dog,3,"Male, castrated",Large (22.7–40.5 kg or 50–89 lb),1 – 3 hrs,Conventional
587958-587949-62032875,Meat-based – raw,5.0,5.0,5.0,5.0,2.0,5.0,5.0,1.0,1.0,1.0,Healthy,0,No,0.0,0.0,0.0,0.0,0.0,0.0,Dog,6,"Female, sexually intact",Large (22.7–40.5 kg or 50–89 lb),1 – 3 hrs,Raw
587958-587949-62033401,Meat-based – conventional,5.0,3.0,2.0,5.0,2.0,5.0,5.0,3.0,2.0,3.0,Healthy,0,No,0.0,0.0,0.0,0.0,0.0,0.0,Dog,2,"Male, sexually intact",Medium (11.4–22.3 kg or 25–49 lb),> 3 hrs,Conventional
587958-587949-62034108,Meat-based – raw,5.0,5.0,5.0,2.0,2.0,5.0,3.0,1.0,3.0,1.0,Generally healthy with minor or infrequent problems,1,Yes,0.0,0.0,0.0,0.0,0.0,0.0,Dog,8,"Male, castrated",Large (22.7–40.5 kg or 50–89 lb),30 – 60 mins,Raw
587958-587949-62035160,Meat-based – conventional,4.0,4.0,4.0,4.0,3.0,2.0,4.0,3.0,4.0,2.0,Generally healthy with minor or infrequent problems,2,Yes,0.0,0.0,1.0,0.0,0.0,0.0,Dog,12,"Female, spayed",Medium (11.4–22.3 kg or 25–49 lb),30 – 60 mins,Conventional
587958-587949-62035720,Meat-based – conventional,1.0,1.0,1.0,1.0,1.0,1.0,1.0,1.0,1.0,1.0,Healthy,1,No,0.0,0.0,0.0,0.0,0.0,0.0,Dog,5,"Female, spayed",Large (22.7–40.5 kg or 50–89 lb),30 – 60 mins,Conventional
587958-587949-62035502,Meat-based – conventional,5.0,5.0,5.0,5.0,1.0,1.0,4.0,1.0,5.0,3.0,Healthy,1,No,0.0,0.0,0.0,0.0,0.0,0.0,Dog,3,"Female, spayed",Small (4.5–10.9 kg or 10–24 lb),> 3 hrs,Conventional
587958-587949-62036168,Meat-based – conventional,2.0,2.0,2.0,2.0,2.0,2.0,2.0,4.0,2.0,2.0,Generally healthy with minor or infrequent problems,1,Yes,0.0,0.0,0.0,0.0,0.0,0.0,Dog,4,"Female, spayed",Medium (11.4–22.3 kg or 25–49 lb),1 – 3 hrs,Conventional
587958-587949-62036158,Meat-based – raw,5.0,3.0,4.0,5.0,1.0,3.0,5.0,3.0,2.0,4.0,Healthy,2,No,0.0,0.0,0.0,0.0,0.0,0.0,Dog,3,"Female, sexually intact",Large (22.7–40.5 kg or 50–89 lb),0 – 30 mins,Raw
587958-587949-62037061,Meat-based – raw,5.0,5.0,5.0,1.0,5.0,5.0,4.0,,3.0,,Significant or frequent problems,>3,Yes,0.0,0.0,0.0,0.0,0.0,0.0,Dog,7,"Female, spayed",Large (22.7–40.5 kg or 50–89 lb),1 – 3 hrs,Raw
587958-587949-62038230,Meat-based – conventional,4.0,5.0,5.0,5.0,4.0,3.0,3.0,5.0,3.0,2.0,Healthy,1,No,0.0,0.0,0.0,0.0,0.0,0.0,Dog,4,"Female, spayed",Small (4.5–10.9 kg or 10–24 lb),30 – 60 mins,Conventional
587958-587949-62039990,Meat-based – raw,5.0,5.0,5.0,5.0,5.0,2.0,5.0,,2.0,1.0,Generally healthy with minor or infrequent problems,>3,Yes,0.0,0.0,0.0,0.0,0.0,0.0,Dog,9,"Female, spayed",Large (22.7–40.5 kg or 50–89 lb),30 – 60 mins,Raw
587958-587949-62041739,Meat-based – raw,4.0,2.0,2.0,4.0,2.0,1.0,3.0,4.0,1.0,1.0,Healthy,0,No,0.0,0.0,0.0,0.0,0.0,0.0,Dog,4,"Male, sexually intact",Medium (11.4–22.3 kg or 25–49 lb),1 – 3 hrs,Raw
587958-587949-62042446,Meat-based – conventional,1.0,1.0,1.0,1.0,1.0,1.0,1.0,5.0,1.0,5.0,Healthy,3,Yes,0.0,0.0,0.0,0.0,0.0,0.0,Dog,6,"Female, spayed",Medium (11.4–22.3 kg or 25–49 lb),1 – 3 hrs,Conventional
587958-587949-62042913,Meat-based – conventional,4.0,4.0,1.0,2.0,2.0,1.0,4.0,1.0,4.0,4.0,Generally healthy with minor or infrequent problems,3,Yes,0.0,0.0,0.0,0.0,0.0,0.0,Dog,2,"Male, castrated",Small (4.5–10.9 kg or 10–24 lb),30 – 60 mins,Conventional
587958-587949-62042994,Meat-based – conventional,4.0,4.0,1.0,1.0,1.0,1.0,4.0,1.0,4.0,1.0,Healthy,2,Yes,0.0,0.0,0.0,0.0,0.0,1.0,Dog,2,"Female, spayed",Medium (11.4–22.3 kg or 25–49 lb),1 – 3 hrs,Conventional
587958-587949-62043475,Meat-based – conventional,2.0,4.0,3.0,4.0,5.0,4.0,2.0,1.0,4.0,2.0,Healthy,1,No,0.0,0.0,0.0,0.0,0.0,0.0,Dog,8,"Male, castrated",Large (22.7–40.5 kg or 50–89 lb),1 – 3 hrs,Conventional
587958-587949-62045957,Meat-based – conventional,5.0,5.0,5.0,5.0,5.0,3.0,5.0,2.0,3.0,1.0,Generally healthy with minor or infrequent problems,2,Yes,0.0,0.0,0.0,0.0,0.0,0.0,Dog,6,"Male, castrated",Medium (11.4–22.3 kg or 25–49 lb),1 – 3 hrs,Conventional
587958-587949-62046254,Meat-based – conventional,5.0,5.0,2.0,3.0,3.0,2.0,4.0,3.0,4.0,1.0,Healthy,1,No,0.0,0.0,0.0,0.0,0.0,0.0,Dog,12,"Male, castrated",Medium (11.4–22.3 kg or 25–49 lb),1 – 3 hrs,Conventional
587958-587949-62046652,Meat-based – conventional,3.0,4.0,1.0,2.0,2.0,2.0,2.0,4.0,3.0,2.0,Healthy,1,No,0.0,0.0,0.0,0.0,0.0,0.0,Dog,9,"Female, spayed",Large (22.7–40.5 kg or 50–89 lb),30 – 60 mins,Conventional
587958-587949-62049168,Meat-based – conventional,3.0,5.0,3.0,5.0,4.0,2.0,4.0,5.0,2.0,1.0,Healthy,>3,Yes,0.0,0.0,0.0,0.0,0.0,0.0,Dog,3,"Male, castrated",Large (22.7–40.5 kg or 50–89 lb),> 3 hrs,Conventional
587958-587949-62050058,Meat-based – raw,5.0,5.0,1.0,5.0,5.0,1.0,4.0,1.0,3.0,1.0,Generally healthy with minor or infrequent problems,1,Yes,0.0,0.0,0.0,0.0,0.0,0.0,Dog,8,"Female, spayed",Medium (11.4–22.3 kg or 25–49 lb),1 – 3 hrs,Raw
587958-587949-62054122,Meat-based – raw,5.0,5.0,5.0,5.0,5.0,2.0,4.0,1.0,3.0,2.0,Healthy,>3,No,0.0,0.0,0.0,0.0,0.0,0.0,Dog,6,"Female, spayed",Medium (11.4–22.3 kg or 25–49 lb),1 – 3 hrs,Raw
587958-587949-62055526,Meat-based – raw,5.0,5.0,5.0,5.0,5.0,1.0,5.0,1.0,1.0,1.0,Healthy,0,No,0.0,0.0,0.0,0.0,0.0,0.0,Dog,4,"Female, spayed",Medium (11.4–22.3 kg or 25–49 lb),1 – 3 hrs,Raw
587958-587949-62056629,Meat-based – conventional,5.0,5.0,3.0,5.0,5.0,4.0,5.0,1.0,5.0,1.0,Healthy,3,No,0.0,0.0,0.0,0.0,0.0,0.0,Dog,9,"Male, castrated",Large (22.7–40.5 kg or 50–89 lb),1 – 3 hrs,Conventional
587958-587949-62058065,Meat-based – raw,5.0,5.0,5.0,5.0,5.0,2.0,5.0,2.0,3.0,1.0,Healthy,0,No,0.0,0.0,0.0,0.0,0.0,0.0,Dog,7,"Female, spayed",Medium (11.4–22.3 kg or 25–49 lb),1 – 3 hrs,Raw
587958-587949-62060114,Meat-based – conventional,4.0,4.0,2.0,2.0,2.0,2.0,2.0,5.0,2.0,2.0,Generally healthy with minor or infrequent problems,1,No,0.0,0.0,0.0,0.0,0.0,0.0,Dog,13,"Male, castrated",Medium (11.4–22.3 kg or 25–49 lb),30 – 60 mins,Conventional
587958-587949-62061588,Meat-based – conventional,5.0,4.0,2.0,3.0,4.0,2.0,4.0,4.0,4.0,3.0,Healthy,1,Yes,0.0,0.0,0.0,0.0,0.0,0.0,Dog,10,"Female, spayed",Large (22.7–40.5 kg or 50–89 lb),30 – 60 mins,Conventional
587958-587949-62064080,Meat-based – raw,5.0,4.0,2.0,2.0,2.0,2.0,4.0,1.0,4.0,1.0,Healthy,1,No,0.0,0.0,0.0,0.0,0.0,0.0,Dog,3,"Female, spayed",Medium (11.4–22.3 kg or 25–49 lb),1 – 3 hrs,Raw
587958-587949-62066972,Meat-based – conventional,5.0,5.0,2.0,5.0,5.0,4.0,5.0,2.0,3.0,2.0,Generally healthy with minor or infrequent problems,>3,Yes,0.0,0.0,0.0,0.0,1.0,0.0,Dog,1,"Female, sexually intact",Large (22.7–40.5 kg or 50–89 lb),Unsure,Conventional
587958-587949-62071493,Meat-based – raw,5.0,5.0,1.0,,2.0,1.0,4.0,4.0,4.0,1.0,Significant or frequent problems,2,Yes,0.0,0.0,0.0,0.0,0.0,0.0,Dog,13,"Female, spayed",Medium (11.4–22.3 kg or 25–49 lb),1 – 3 hrs,Raw
587958-587949-62079666,Meat-based – conventional,1.0,5.0,1.0,1.0,1.0,1.0,5.0,5.0,4.0,2.0,Healthy,0,No,0.0,0.0,0.0,0.0,0.0,0.0,Dog,1,"Male, sexually intact",Medium (11.4–22.3 kg or 25–49 lb),> 3 hrs,Conventional
587958-587949-62082226,Meat-based – raw,5.0,5.0,2.0,5.0,5.0,2.0,4.0,1.0,4.0,1.0,Healthy,0,No,0.0,0.0,0.0,0.0,0.0,0.0,Dog,9,"Male, castrated",Large (22.7–40.5 kg or 50–89 lb),30 – 60 mins,Raw
587958-587949-62095532,Vegan (consuming no animal products),5.0,5.0,4.0,4.0,2.0,3.0,4.0,4.0,4.0,3.0,Generally healthy with minor or infrequent problems,1,No,0.0,0.0,0.0,0.0,0.0,0.0,Dog,9,"Male, sexually intact",Small (4.5–10.9 kg or 10–24 lb),30 – 60 mins,Vegan
587958-587949-62099051,Meat-based – conventional,2.0,1.0,1.0,1.0,1.0,1.0,3.0,4.0,3.0,1.0,Generally healthy with minor or infrequent problems,>3,Yes,0.0,0.0,0.0,0.0,1.0,0.0,Dog,3,"Female, spayed",Medium (11.4–22.3 kg or 25–49 lb),1 – 3 hrs,Conventional
587958-587949-62099813,Meat-based – conventional,2.0,4.0,2.0,4.0,2.0,2.0,1.0,3.0,3.0,2.0,Healthy,2,No,0.0,0.0,0.0,0.0,0.0,0.0,Dog,3,"Female, sexually intact",Medium (11.4–22.3 kg or 25–49 lb),1 – 3 hrs,Conventional
587958-587949-62100117,Vegan (consuming no animal products),5.0,5.0,1.0,5.0,1.0,1.0,3.0,5.0,4.0,1.0,Healthy,1,No,0.0,0.0,0.0,0.0,0.0,0.0,Dog,10,"Female, spayed",Medium (11.4–22.3 kg or 25–49 lb),30 – 60 mins,Vegan
587958-587949-62101377,Vegan (consuming no animal products),3.0,3.0,3.0,3.0,3.0,4.0,2.0,5.0,2.0,2.0,Healthy,0,No,0.0,0.0,0.0,0.0,0.0,0.0,Dog,10,"Female, spayed",Large (22.7–40.5 kg or 50–89 lb),1 – 3 hrs,Vegan
587958-587949-62102439,Meat-based – conventional,5.0,5.0,4.0,,5.0,4.0,5.0,2.0,4.0,1.0,Healthy,>3,No,0.0,0.0,0.0,0.0,0.0,0.0,Dog,2,"Male, castrated",Large (22.7–40.5 kg or 50–89 lb),30 – 60 mins,Conventional
587958-587949-62103073,Meat-based – raw,5.0,5.0,5.0,5.0,3.0,5.0,5.0,1.0,3.0,2.0,Healthy,0,No,0.0,0.0,0.0,0.0,0.0,0.0,Dog,5,"Female, sexually intact",Toy (≤ 4.1 kg or ≤ 9 lb),1 – 3 hrs,Raw
587958-587949-62104704,Meat-based – raw,4.0,4.0,2.0,,5.0,2.0,2.0,2.0,4.0,3.0,Healthy,0,No,0.0,0.0,0.0,0.0,0.0,0.0,Dog,7,"Male, castrated",Medium (11.4–22.3 kg or 25–49 lb),1 – 3 hrs,Raw
587958-587949-62114093,Meat-based – raw,5.0,5.0,4.0,1.0,4.0,1.0,3.0,3.0,3.0,2.0,Healthy,0,No,0.0,0.0,0.0,0.0,0.0,0.0,Dog,2,"Male, sexually intact",Large (22.7–40.5 kg or 50–89 lb),30 – 60 mins,Raw
587958-587949-62115308,Meat-based – conventional,2.0,3.0,3.0,3.0,2.0,2.0,2.0,5.0,2.0,1.0,Healthy,1,No,0.0,0.0,0.0,0.0,0.0,0.0,Dog,3,"Male, sexually intact",Small (4.5–10.9 kg or 10–24 lb),1 – 3 hrs,Conventional
587958-587949-62116077,Meat-based – conventional,2.0,3.0,1.0,4.0,1.0,3.0,2.0,4.0,4.0,2.0,Generally healthy with minor or infrequent problems,3,Yes,0.0,0.0,0.0,0.0,0.0,0.0,Dog,1,"Male, sexually intact",Small (4.5–10.9 kg or 10–24 lb),1 – 3 hrs,Conventional
587958-587949-62118282,Meat-based – conventional,4.0,4.0,3.0,,2.0,1.0,5.0,2.0,4.0,2.0,Generally healthy with minor or infrequent problems,>3,Yes,0.0,0.0,0.0,0.0,0.0,1.0,Dog,10,"Male, castrated",Large (22.7–40.5 kg or 50–89 lb),30 – 60 mins,Conventional
587958-587949-62120299,Meat-based – conventional,3.0,4.0,2.0,2.0,2.0,2.0,2.0,4.0,4.0,2.0,Healthy,1,No,0.0,0.0,0.0,0.0,0.0,0.0,Dog,9,"Female, spayed",Small (4.5–10.9 kg or 10–24 lb),1 – 3 hrs,Conventional
587958-587949-62121563,Meat-based – conventional,5.0,5.0,2.0,4.0,3.0,4.0,4.0,2.0,3.0,4.0,Healthy,1,No,0.0,1.0,0.0,0.0,0.0,0.0,Dog,5,"Female, spayed",Small (4.5–10.9 kg or 10–24 lb),1 – 3 hrs,Conventional
587958-587949-62126276,Meat-based – conventional,5.0,5.0,1.0,5.0,4.0,1.0,4.0,2.0,5.0,2.0,Healthy,2,No,0.0,0.0,0.0,0.0,0.0,0.0,Dog,6,"Female, spayed",Large (22.7–40.5 kg or 50–89 lb),1 – 3 hrs,Conventional
587958-587949-62127059,Meat-based – raw,5.0,2.0,4.0,2.0,5.0,2.0,4.0,2.0,4.0,1.0,Generally healthy with minor or infrequent problems,>3,Yes,0.0,0.0,0.0,0.0,0.0,0.0,Dog,4,"Female, sexually intact",Giant (> 40.9 kg or > 90 lb),1 – 3 hrs,Raw
587958-587949-62129051,Vegan (consuming no animal products),4.0,3.0,3.0,4.0,3.0,2.0,3.0,4.0,4.0,2.0,Healthy,1,No,0.0,0.0,0.0,0.0,0.0,0.0,Dog,3,"Male, sexually intact",Giant (> 40.9 kg or > 90 lb),1 – 3 hrs,Vegan
587958-587949-62129944,Meat-based – conventional,5.0,5.0,1.0,5.0,3.0,3.0,4.0,3.0,3.0,3.0,Healthy,0,No,0.0,0.0,0.0,0.0,0.0,0.0,Dog,11,"Female, spayed",Medium (11.4–22.3 kg or 25–49 lb),1 – 3 hrs,Conventional
587958-587949-62130128,Meat-based – conventional,4.0,4.0,2.0,2.0,2.0,2.0,3.0,2.0,4.0,2.0,Healthy,0,No,0.0,0.0,0.0,0.0,0.0,0.0,Dog,8,"Female, spayed",Medium (11.4–22.3 kg or 25–49 lb),1 – 3 hrs,Conventional
587958-587949-62135489,Meat-based – conventional,5.0,3.0,,3.0,3.0,,4.0,1.0,3.0,,Generally healthy with minor or infrequent problems,3,Yes,0.0,0.0,0.0,0.0,0.0,0.0,Dog,10,"Male, castrated",Large (22.7–40.5 kg or 50–89 lb),30 – 60 mins,Conventional
587958-587949-62141061,Meat-based – conventional,3.0,2.0,2.0,2.0,2.0,2.0,4.0,4.0,4.0,2.0,Healthy,1,Yes,0.0,0.0,0.0,0.0,0.0,0.0,Dog,4,"Male, castrated",Small (4.5–10.9 kg or 10–24 lb),30 – 60 mins,Conventional
587958-587949-62148831,Vegan (consuming no animal products),5.0,5.0,2.0,5.0,5.0,4.0,4.0,4.0,4.0,4.0,Healthy,2,No,0.0,0.0,0.0,0.0,0.0,0.0,Dog,8,"Female, spayed",Toy (≤ 4.1 kg or ≤ 9 lb),30 – 60 mins,Vegan
587958-587949-62149669,Meat-based – raw,5.0,5.0,5.0,5.0,5.0,5.0,5.0,4.0,4.0,3.0,Healthy,1,No,0.0,0.0,0.0,0.0,0.0,0.0,Dog,6,"Female, spayed",Large (22.7–40.5 kg or 50–89 lb),1 – 3 hrs,Raw
587958-587949-62170269,Meat-based – conventional,5.0,5.0,3.0,4.0,4.0,2.0,5.0,3.0,3.0,1.0,Significant or frequent problems,>3,Yes,0.0,0.0,0.0,0.0,1.0,0.0,Dog,3,"Female, spayed",Medium (11.4–22.3 kg or 25–49 lb),1 – 3 hrs,Conventional
587958-587949-62180527,Meat-based – conventional,5.0,5.0,5.0,5.0,1.0,4.0,5.0,4.0,5.0,,Healthy,0,No,0.0,0.0,0.0,0.0,0.0,0.0,Dog,8,"Female, spayed",Small (4.5–10.9 kg or 10–24 lb),30 – 60 mins,Conventional
587958-587949-62226913,Meat-based – conventional,2.0,2.0,1.0,2.0,1.0,1.0,2.0,5.0,2.0,2.0,Healthy,0,No,0.0,0.0,0.0,0.0,0.0,0.0,Dog,4,"Male, castrated",Medium (11.4–22.3 kg or 25–49 lb),1 – 3 hrs,Conventional
587958-587949-62279922,Meat-based – raw,5.0,5.0,3.0,3.0,3.0,3.0,2.0,2.0,2.0,1.0,Generally healthy with minor or infrequent problems,1,No,0.0,0.0,0.0,0.0,0.0,0.0,Dog,1,"Male, sexually intact",Large (22.7–40.5 kg or 50–89 lb),1 – 3 hrs,Raw
587958-587949-62300231,Meat-based – raw,5.0,5.0,3.0,5.0,4.0,3.0,5.0,,5.0,3.0,Healthy,1,No,0.0,0.0,0.0,0.0,0.0,0.0,Dog,2,"Female, sexually intact",Medium (11.4–22.3 kg or 25–49 lb),1 – 3 hrs,Raw
587958-587949-62300022,Vegan (consuming no animal products),5.0,5.0,5.0,,,4.0,4.0,4.0,4.0,4.0,Healthy,0,Yes,0.0,0.0,0.0,0.0,0.0,0.0,Dog,10,"Female, spayed",Large (22.7–40.5 kg or 50–89 lb),1 – 3 hrs,Vegan
587958-587949-62309989,Meat-based – raw,5.0,5.0,2.0,3.0,4.0,1.0,5.0,3.0,5.0,2.0,Healthy,0,No,0.0,0.0,0.0,0.0,0.0,0.0,Dog,3,"Male, sexually intact",Giant (> 40.9 kg or > 90 lb),Unsure,Raw
587958-587949-62326404,Vegan (consuming no animal products),5.0,5.0,2.0,5.0,3.0,1.0,4.0,2.0,4.0,3.0,Generally healthy with minor or infrequent problems,2,No,0.0,0.0,0.0,0.0,0.0,1.0,Dog,8,"Male, castrated",Medium (11.4–22.3 kg or 25–49 lb),1 – 3 hrs,Vegan
587958-587949-62335369,Meat-based – conventional,4.0,3.0,4.0,5.0,3.0,2.0,5.0,2.0,2.0,2.0,Healthy,1,Yes,0.0,0.0,0.0,0.0,0.0,0.0,Dog,4,"Male, castrated",Small (4.5–10.9 kg or 10–24 lb),1 – 3 hrs,Conventional
587958-587949-62337976,Meat-based – conventional,5.0,5.0,4.0,5.0,5.0,2.0,4.0,1.0,4.0,1.0,Healthy,0,No,0.0,0.0,0.0,0.0,0.0,0.0,Dog,9,"Female, spayed",Medium (11.4–22.3 kg or 25–49 lb),30 – 60 mins,Conventional
587958-587949-62342370,Meat-based – conventional,5.0,5.0,5.0,5.0,2.0,2.0,5.0,2.0,4.0,4.0,Generally healthy with minor or infrequent problems,2,Yes,0.0,0.0,0.0,0.0,1.0,0.0,Dog,6,"Female, spayed",Small (4.5–10.9 kg or 10–24 lb),1 – 3 hrs,Conventional
587958-587949-62344142,Meat-based – conventional,5.0,5.0,5.0,4.0,3.0,4.0,5.0,2.0,4.0,2.0,Generally healthy with minor or infrequent problems,3,Yes,0.0,0.0,0.0,1.0,0.0,0.0,Dog,10,"Female, spayed",Small (4.5–10.9 kg or 10–24 lb),30 – 60 mins,Conventional
587958-587949-62344697,Meat-based – conventional,4.0,5.0,5.0,5.0,5.0,4.0,5.0,4.0,4.0,3.0,Healthy,1,No,0.0,0.0,0.0,0.0,0.0,0.0,Dog,10,"Female, spayed",Small (4.5–10.9 kg or 10–24 lb),1 – 3 hrs,Conventional
587958-587949-62345986,Meat-based – conventional,5.0,5.0,2.0,5.0,2.0,2.0,4.0,1.0,4.0,2.0,Healthy,0,No,0.0,0.0,0.0,0.0,0.0,0.0,Dog,7,"Male, castrated",Small (4.5–10.9 kg or 10–24 lb),> 3 hrs,Conventional
587958-587949-62349488,Meat-based – raw,4.0,3.0,2.0,2.0,1.0,1.0,1.0,5.0,4.0,3.0,Generally healthy with minor or infrequent problems,1,Yes,0.0,0.0,0.0,0.0,0.0,1.0,Dog,4,"Male, castrated",Medium (11.4–22.3 kg or 25–49 lb),1 – 3 hrs,Raw
587958-587949-62349768,Meat-based – raw,3.0,5.0,1.0,4.0,3.0,1.0,3.0,2.0,4.0,1.0,Healthy,1,No,0.0,0.0,0.0,0.0,0.0,0.0,Dog,11,"Male, castrated",Large (22.7–40.5 kg or 50–89 lb),1 – 3 hrs,Raw
587958-587949-62351048,Meat-based – conventional,2.0,2.0,2.0,2.0,2.0,1.0,1.0,4.0,2.0,1.0,Generally healthy with minor or infrequent problems,1,No,0.0,0.0,0.0,0.0,0.0,0.0,Dog,5,"Male, castrated",Small (4.5–10.9 kg or 10–24 lb),1 – 3 hrs,Conventional
587958-587949-62352059,Meat-based – conventional,5.0,5.0,5.0,5.0,5.0,2.0,5.0,3.0,4.0,2.0,Healthy,3,Yes,0.0,0.0,0.0,0.0,0.0,0.0,Dog,1,"Male, castrated",Large (22.7–40.5 kg or 50–89 lb),1 – 3 hrs,Conventional
587958-587949-62352333,Vegan (consuming no animal products),5.0,5.0,1.0,5.0,2.0,1.0,5.0,2.0,5.0,1.0,Healthy,0,No,0.0,0.0,0.0,0.0,0.0,0.0,Dog,5,"Female, spayed",Medium (11.4–22.3 kg or 25–49 lb),30 – 60 mins,Vegan
587958-587949-62362399,Meat-based – conventional,5.0,5.0,5.0,5.0,5.0,1.0,5.0,5.0,1.0,1.0,Significant or frequent problems,>3,Yes,0.0,0.0,0.0,0.0,0.0,0.0,Dog,7,"Male, castrated",Giant (> 40.9 kg or > 90 lb),0 – 30 mins,Conventional
587958-587949-62363230,Meat-based – conventional,2.0,2.0,1.0,3.0,2.0,1.0,3.0,5.0,4.0,1.0,Seriously ill,>3,Yes,0.0,0.0,1.0,0.0,1.0,0.0,Dog,14,"Female, spayed",Medium (11.4–22.3 kg or 25–49 lb),1 – 3 hrs,Conventional
587958-587949-62365978,Meat-based – conventional,5.0,5.0,5.0,5.0,3.0,2.0,5.0,2.0,5.0,1.0,Healthy,1,No,0.0,0.0,0.0,0.0,0.0,0.0,Dog,2,"Male, castrated",Small (4.5–10.9 kg or 10–24 lb),30 – 60 mins,Conventional
587958-587949-62375003,Meat-based – conventional,4.0,4.0,4.0,,,4.0,4.0,4.0,4.0,1.0,Healthy,1,No,0.0,0.0,0.0,0.0,0.0,0.0,Dog,2,"Female, sexually intact",Small (4.5–10.9 kg or 10–24 lb),30 – 60 mins,Conventional
587958-587949-62370573,Meat-based – conventional,5.0,2.0,1.0,2.0,2.0,1.0,4.0,3.0,4.0,1.0,Healthy,0,No,0.0,0.0,0.0,0.0,0.0,0.0,Dog,3,"Male, castrated",Medium (11.4–22.3 kg or 25–49 lb),1 – 3 hrs,Conventional
587958-587949-62432363,Meat-based – conventional,5.0,5.0,3.0,5.0,5.0,3.0,5.0,3.0,3.0,1.0,Healthy,>3,Yes,0.0,0.0,0.0,0.0,0.0,1.0,Dog,10,"Male, castrated",Medium (11.4–22.3 kg or 25–49 lb),30 – 60 mins,Conventional
587958-587949-62461509,Meat-based – conventional,4.0,3.0,2.0,4.0,3.0,2.0,4.0,3.0,2.0,1.0,Generally healthy with minor or infrequent problems,>3,Yes,0.0,0.0,0.0,0.0,0.0,0.0,Dog,12,"Female, spayed",Large (22.7–40.5 kg or 50–89 lb),30 – 60 mins,Conventional
587958-587949-62481511,Meat-based – conventional,5.0,5.0,5.0,5.0,5.0,3.0,5.0,5.0,5.0,2.0,Significant or frequent problems,>3,Yes,0.0,1.0,0.0,0.0,0.0,0.0,Dog,1,"Male, castrated",Large (22.7–40.5 kg or 50–89 lb),30 – 60 mins,Conventional
587958-587949-62495144,Meat-based – conventional,1.0,1.0,1.0,1.0,1.0,1.0,1.0,5.0,1.0,1.0,Healthy,3,Yes,0.0,0.0,0.0,0.0,0.0,0.0,Dog,4,"Male, castrated",Large (22.7–40.5 kg or 50–89 lb),1 – 3 hrs,Conventional
587958-587949-62497904,Vegan (consuming no animal products),5.0,5.0,2.0,5.0,5.0,1.0,5.0,1.0,5.0,3.0,Healthy,0,No,0.0,0.0,0.0,0.0,0.0,0.0,Dog,9,"Male, castrated",Large (22.7–40.5 kg or 50–89 lb),1 – 3 hrs,Vegan
587958-587949-62505685,Meat-based – raw,2.0,3.0,2.0,2.0,2.0,2.0,2.0,4.0,4.0,1.0,Healthy,1,No,0.0,0.0,0.0,0.0,0.0,0.0,Dog,9,"Female, sexually intact",Medium (11.4–22.3 kg or 25–49 lb),1 – 3 hrs,Raw
587958-587949-62573866,Meat-based – raw,5.0,5.0,2.0,2.0,5.0,2.0,5.0,3.0,4.0,2.0,Significant or frequent problems,>3,Yes,0.0,0.0,0.0,0.0,0.0,0.0,Dog,5,"Female, sexually intact",Giant (> 40.9 kg or > 90 lb),1 – 3 hrs,Raw
587958-587949-62582528,Vegan (consuming no animal products),5.0,4.0,4.0,5.0,,4.0,5.0,3.0,3.0,1.0,Healthy,0,No,0.0,0.0,0.0,0.0,0.0,0.0,Dog,2,"Male, castrated",Medium (11.4–22.3 kg or 25–49 lb),> 3 hrs,Vegan
587958-587949-62586816,Vegan (consuming no animal products),2.0,4.0,2.0,2.0,1.0,1.0,1.0,4.0,2.0,2.0,Healthy,0,No,0.0,0.0,0.0,0.0,0.0,0.0,Dog,13,"Male, castrated",Medium (11.4–22.3 kg or 25–49 lb),1 – 3 hrs,Vegan
587958-587949-62625027,Meat-based – conventional,5.0,5.0,5.0,4.0,4.0,1.0,5.0,3.0,5.0,5.0,Significant or frequent problems,>3,Yes,0.0,0.0,0.0,0.0,0.0,1.0,Dog,9,"Male, castrated",Small (4.5–10.9 kg or 10–24 lb),1 – 3 hrs,Conventional
587958-587949-62629974,Meat-based – conventional,4.0,2.0,2.0,4.0,2.0,2.0,4.0,2.0,4.0,1.0,Generally healthy with minor or infrequent problems,3,Yes,0.0,0.0,0.0,0.0,0.0,1.0,Dog,2,"Male, castrated",Medium (11.4–22.3 kg or 25–49 lb),1 – 3 hrs,Conventional
587958-587949-62646511,Meat-based – conventional,4.0,2.0,1.0,2.0,,1.0,1.0,4.0,1.0,,Healthy,2,Yes,0.0,0.0,0.0,0.0,0.0,0.0,Dog,2,"Female, spayed",Large (22.7–40.5 kg or 50–89 lb),1 – 3 hrs,Conventional
587958-587949-62647167,Meat-based – conventional,4.0,2.0,2.0,5.0,2.0,2.0,5.0,3.0,4.0,2.0,Generally healthy with minor or infrequent problems,3,Yes,0.0,0.0,0.0,0.0,0.0,0.0,Dog,4,"Male, castrated",Medium (11.4–22.3 kg or 25–49 lb),1 – 3 hrs,Conventional
587958-587949-62647816,Meat-based – raw,5.0,5.0,5.0,5.0,4.0,5.0,5.0,4.0,5.0,5.0,Healthy,1,No,0.0,0.0,0.0,0.0,0.0,0.0,Dog,4,"Male, castrated",Medium (11.4–22.3 kg or 25–49 lb),1 – 3 hrs,Raw
587958-587949-62647489,Meat-based – conventional,5.0,5.0,5.0,5.0,5.0,5.0,5.0,1.0,2.0,2.0,Healthy,>3,No,0.0,0.0,0.0,0.0,0.0,0.0,Dog,2,"Male, castrated",Medium (11.4–22.3 kg or 25–49 lb),1 – 3 hrs,Conventional
587958-587949-62647825,Meat-based – conventional,5.0,5.0,2.0,5.0,5.0,1.0,5.0,1.0,4.0,2.0,Generally healthy with minor or infrequent problems,>3,Yes,0.0,0.0,0.0,0.0,1.0,0.0,Dog,4,"Male, castrated",Large (22.7–40.5 kg or 50–89 lb),30 – 60 mins,Conventional
587958-587949-62648156,Meat-based – conventional,4.0,4.0,5.0,5.0,5.0,2.0,5.0,4.0,2.0,1.0,Generally healthy with minor or infrequent problems,3,Yes,0.0,0.0,0.0,0.0,0.0,1.0,Dog,7,"Male, castrated",Small (4.5–10.9 kg or 10–24 lb),30 – 60 mins,Conventional
587958-587949-62651307,Meat-based – raw,5.0,5.0,5.0,3.0,5.0,2.0,5.0,1.0,5.0,1.0,Healthy,0,No,0.0,0.0,0.0,0.0,0.0,0.0,Dog,3,"Female, spayed",Giant (> 40.9 kg or > 90 lb),1 – 3 hrs,Raw
587958-587949-62650449,Meat-based – conventional,2.0,4.0,1.0,3.0,2.0,1.0,1.0,3.0,3.0,1.0,Generally healthy with minor or infrequent problems,>3,No,0.0,0.0,0.0,0.0,0.0,0.0,Dog,1,"Male, castrated",Large (22.7–40.5 kg or 50–89 lb),1 – 3 hrs,Conventional
587958-587949-62651282,Meat-based – raw,4.0,4.0,3.0,3.0,2.0,3.0,2.0,3.0,2.0,2.0,Healthy,1,No,0.0,0.0,0.0,0.0,0.0,0.0,Dog,4,"Female, spayed",Small (4.5–10.9 kg or 10–24 lb),30 – 60 mins,Raw
587958-587949-62649777,Meat-based – conventional,5.0,5.0,5.0,5.0,5.0,5.0,5.0,2.0,5.0,2.0,Healthy,1,No,0.0,0.0,0.0,0.0,0.0,0.0,Dog,1,"Female, sexually intact",Large (22.7–40.5 kg or 50–89 lb),1 – 3 hrs,Conventional
587958-587949-62650831,Meat-based – raw,5.0,5.0,4.0,4.0,5.0,3.0,4.0,4.0,2.0,4.0,Healthy,1,No,0.0,0.0,0.0,0.0,0.0,0.0,Dog,7,"Male, sexually intact",Giant (> 40.9 kg or > 90 lb),30 – 60 mins,Raw
587958-587949-62651767,Meat-based – raw,5.0,4.0,3.0,5.0,3.0,4.0,4.0,5.0,3.0,2.0,Healthy,1,No,0.0,0.0,0.0,0.0,0.0,0.0,Dog,2,"Male, sexually intact",Medium (11.4–22.3 kg or 25–49 lb),1 – 3 hrs,Raw
587958-587949-62652202,Meat-based – raw,5.0,5.0,5.0,5.0,5.0,5.0,5.0,,4.0,2.0,Healthy,0,No,0.0,0.0,0.0,0.0,0.0,0.0,Dog,2,"Female, spayed",Large (22.7–40.5 kg or 50–89 lb),1 – 3 hrs,Raw
587958-587949-62652069,Meat-based – conventional,5.0,5.0,4.0,4.0,4.0,5.0,4.0,2.0,3.0,1.0,Healthy,1,No,0.0,0.0,0.0,0.0,0.0,0.0,Dog,5,"Male, castrated",Medium (11.4–22.3 kg or 25–49 lb),1 – 3 hrs,Conventional
587958-587949-62652107,Meat-based – conventional,5.0,5.0,2.0,4.0,5.0,4.0,4.0,2.0,4.0,1.0,Significant or frequent problems,>3,Yes,0.0,0.0,0.0,0.0,0.0,0.0,Dog,11,"Male, castrated",Large (22.7–40.5 kg or 50–89 lb),1 – 3 hrs,Conventional
587958-587949-62651194,Meat-based – conventional,5.0,5.0,2.0,,,1.0,5.0,,4.0,2.0,Healthy,3,No,0.0,0.0,0.0,0.0,0.0,0.0,Dog,1,"Male, sexually intact",Large (22.7–40.5 kg or 50–89 lb),1 – 3 hrs,Conventional
587958-587949-62652325,Meat-based – conventional,3.0,4.0,1.0,3.0,2.0,2.0,2.0,4.0,2.0,2.0,Healthy,1,No,0.0,0.0,0.0,0.0,0.0,0.0,Dog,1,"Female, sexually intact",Giant (> 40.9 kg or > 90 lb),1 – 3 hrs,Conventional
587958-587949-62651330,Meat-based – conventional,4.0,5.0,3.0,2.0,2.0,1.0,4.0,5.0,5.0,4.0,Healthy,>3,No,0.0,0.0,0.0,0.0,0.0,0.0,Dog,2,"Female, sexually intact",Medium (11.4–22.3 kg or 25–49 lb),30 – 60 mins,Conventional
587958-587949-62649997,Meat-based – raw,5.0,4.0,4.0,4.0,2.0,2.0,5.0,4.0,4.0,2.0,Healthy,0,No,0.0,0.0,0.0,0.0,0.0,0.0,Dog,3,"Female, spayed",Small (4.5–10.9 kg or 10–24 lb),30 – 60 mins,Raw
587958-587949-62651580,Meat-based – raw,5.0,5.0,5.0,3.0,4.0,3.0,4.0,4.0,3.0,4.0,Healthy,2,No,0.0,0.0,0.0,1.0,0.0,0.0,Dog,3,"Male, sexually intact",Large (22.7–40.5 kg or 50–89 lb),30 – 60 mins,Raw
587958-587949-62652467,Meat-based – raw,5.0,5.0,2.0,5.0,2.0,2.0,5.0,2.0,2.0,2.0,Healthy,1,No,0.0,0.0,0.0,0.0,0.0,0.0,Dog,10,"Male, castrated",Medium (11.4–22.3 kg or 25–49 lb),1 – 3 hrs,Raw
587958-587949-62652168,Meat-based – raw,5.0,5.0,2.0,5.0,5.0,2.0,5.0,3.0,5.0,4.0,Healthy,1,No,0.0,0.0,0.0,0.0,0.0,0.0,Dog,3,"Male, sexually intact",Large (22.7–40.5 kg or 50–89 lb),1 – 3 hrs,Raw
587958-587949-62652851,Meat-based – conventional,5.0,5.0,1.0,5.0,3.0,2.0,5.0,2.0,4.0,,Healthy,2,No,0.0,0.0,0.0,0.0,0.0,0.0,Dog,2,"Male, castrated",Medium (11.4–22.3 kg or 25–49 lb),1 – 3 hrs,Conventional
587958-587949-62652866,Meat-based – conventional,2.0,2.0,2.0,2.0,2.0,2.0,2.0,2.0,2.0,2.0,Healthy,>3,Yes,0.0,0.0,0.0,0.0,0.0,0.0,Dog,2,"Male, sexually intact",Giant (> 40.9 kg or > 90 lb),1 – 3 hrs,Conventional
587958-587949-62653194,Meat-based – conventional,3.0,4.0,2.0,3.0,2.0,2.0,2.0,3.0,4.0,2.0,Healthy,1,Yes,0.0,0.0,0.0,0.0,1.0,0.0,Dog,1,"Female, sexually intact",Toy (≤ 4.1 kg or ≤ 9 lb),30 – 60 mins,Conventional
587958-587949-62653106,Meat-based – conventional,1.0,1.0,1.0,1.0,1.0,1.0,1.0,4.0,2.0,1.0,Healthy,>3,Yes,0.0,0.0,0.0,0.0,0.0,0.0,Dog,1,"Male, castrated",Medium (11.4–22.3 kg or 25–49 lb),1 – 3 hrs,Conventional
587958-587949-62653225,Meat-based – conventional,4.0,5.0,1.0,3.0,4.0,1.0,5.0,1.0,1.0,1.0,Generally healthy with minor or infrequent problems,3,Yes,0.0,0.0,0.0,0.0,0.0,1.0,Dog,2,"Male, sexually intact",Large (22.7–40.5 kg or 50–89 lb),1 – 3 hrs,Conventional
587958-587949-62649805,Meat-based – conventional,5.0,5.0,5.0,5.0,5.0,5.0,5.0,1.0,5.0,1.0,Healthy,1,No,0.0,0.0,0.0,0.0,0.0,0.0,Dog,5,"Male, castrated",Large (22.7–40.5 kg or 50–89 lb),30 – 60 mins,Conventional
587958-587949-62653581,Meat-based – conventional,2.0,4.0,1.0,1.0,1.0,1.0,1.0,4.0,4.0,3.0,Generally healthy with minor or infrequent problems,>3,Yes,0.0,0.0,0.0,0.0,1.0,0.0,Dog,3,"Female, spayed",Medium (11.4–22.3 kg or 25–49 lb),1 – 3 hrs,Conventional
587958-587949-62654009,Meat-based – conventional,5.0,5.0,2.0,2.0,2.0,1.0,5.0,2.0,4.0,2.0,Healthy,1,No,0.0,0.0,0.0,0.0,0.0,0.0,Dog,2,"Male, castrated",Small (4.5–10.9 kg or 10–24 lb),> 3 hrs,Conventional
587958-587949-62653993,Meat-based – raw,4.0,4.0,3.0,5.0,2.0,2.0,2.0,4.0,1.0,1.0,Healthy,2,Yes,0.0,0.0,0.0,0.0,0.0,0.0,Dog,2,"Male, sexually intact",Small (4.5–10.9 kg or 10–24 lb),1 – 3 hrs,Raw
587958-587949-62654225,Meat-based – conventional,5.0,5.0,5.0,5.0,5.0,5.0,5.0,2.0,5.0,2.0,Generally healthy with minor or infrequent problems,2,Yes,0.0,0.0,1.0,0.0,0.0,0.0,Dog,11,"Female, spayed",Large (22.7–40.5 kg or 50–89 lb),0 – 30 mins,Conventional
587958-587949-62654053,Meat-based – conventional,1.0,2.0,1.0,2.0,2.0,1.0,2.0,4.0,1.0,1.0,Healthy,1,No,0.0,0.0,0.0,0.0,0.0,0.0,Dog,1,"Female, spayed",Large (22.7–40.5 kg or 50–89 lb),1 – 3 hrs,Conventional
587958-587949-62653772,Meat-based – raw,5.0,5.0,2.0,3.0,2.0,1.0,4.0,2.0,4.0,2.0,Generally healthy with minor or infrequent problems,1,Yes,0.0,0.0,0.0,0.0,0.0,0.0,Dog,2,"Female, sexually intact",Medium (11.4–22.3 kg or 25–49 lb),1 – 3 hrs,Raw
587958-587949-62653873,Meat-based – conventional,3.0,3.0,1.0,4.0,3.0,1.0,3.0,4.0,2.0,1.0,Generally healthy with minor or infrequent problems,>3,Yes,0.0,0.0,0.0,0.0,0.0,0.0,Dog,5,"Female, spayed",Large (22.7–40.5 kg or 50–89 lb),> 3 hrs,Conventional
587958-587949-62654403,Meat-based – conventional,5.0,5.0,4.0,4.0,4.0,4.0,5.0,1.0,4.0,2.0,Healthy,1,No,0.0,0.0,0.0,0.0,0.0,0.0,Dog,5,"Male, castrated",Medium (11.4–22.3 kg or 25–49 lb),1 – 3 hrs,Conventional
587958-587949-62654654,Meat-based – conventional,2.0,4.0,4.0,4.0,2.0,2.0,2.0,4.0,1.0,1.0,Generally healthy with minor or infrequent problems,>3,Yes,0.0,0.0,0.0,0.0,0.0,0.0,Dog,4,"Male, castrated",Medium (11.4–22.3 kg or 25–49 lb),1 – 3 hrs,Conventional
587958-587949-62654423,Meat-based – raw,4.0,4.0,2.0,2.0,5.0,2.0,3.0,1.0,2.0,3.0,Healthy,1,No,0.0,0.0,0.0,0.0,0.0,0.0,Dog,3,"Female, spayed",Large (22.7–40.5 kg or 50–89 lb),1 – 3 hrs,Raw
587958-587949-62654897,Meat-based – conventional,4.0,4.0,2.0,4.0,4.0,4.0,3.0,4.0,2.0,2.0,Healthy,1,No,0.0,0.0,0.0,0.0,0.0,0.0,Dog,5,"Female, spayed",Medium (11.4–22.3 kg or 25–49 lb),1 – 3 hrs,Conventional
587958-587949-62652693,Meat-based – raw,4.0,2.0,1.0,2.0,2.0,2.0,4.0,4.0,3.0,,Healthy,1,No,0.0,0.0,0.0,0.0,0.0,0.0,Dog,4,"Male, castrated",Large (22.7–40.5 kg or 50–89 lb),1 – 3 hrs,Raw
587958-587949-62655286,Meat-based – conventional,5.0,5.0,4.0,5.0,4.0,4.0,4.0,2.0,5.0,1.0,Healthy,1,No,0.0,0.0,0.0,0.0,0.0,0.0,Dog,6,"Female, spayed",Medium (11.4–22.3 kg or 25–49 lb),1 – 3 hrs,Conventional
587958-587949-62654700,Meat-based – conventional,4.0,4.0,2.0,2.0,2.0,2.0,4.0,4.0,4.0,2.0,Healthy,1,No,0.0,1.0,0.0,0.0,0.0,0.0,Dog,7,"Male, sexually intact",Medium (11.4–22.3 kg or 25–49 lb),> 3 hrs,Conventional
587958-587949-62655195,Meat-based – raw,5.0,4.0,2.0,4.0,2.0,4.0,5.0,3.0,2.0,3.0,Healthy,0,No,0.0,0.0,0.0,0.0,0.0,0.0,Dog,4,"Male, castrated",Large (22.7–40.5 kg or 50–89 lb),> 3 hrs,Raw
587958-587949-62655074,Meat-based – raw,5.0,4.0,1.0,5.0,5.0,1.0,4.0,2.0,5.0,2.0,Healthy,1,No,0.0,0.0,0.0,0.0,0.0,0.0,Dog,4,"Male, castrated",Large (22.7–40.5 kg or 50–89 lb),1 – 3 hrs,Raw
587958-587949-62655937,Meat-based – raw,2.0,3.0,1.0,4.0,2.0,1.0,3.0,4.0,3.0,1.0,Healthy,1,Yes,0.0,0.0,0.0,0.0,0.0,0.0,Dog,3,"Male, sexually intact",Large (22.7–40.5 kg or 50–89 lb),30 – 60 mins,Raw
587958-587949-62656314,Meat-based – raw,5.0,5.0,4.0,4.0,3.0,1.0,4.0,3.0,4.0,1.0,Healthy,3,Yes,0.0,0.0,0.0,0.0,0.0,0.0,Dog,1,"Female, sexually intact",Large (22.7–40.5 kg or 50–89 lb),1 – 3 hrs,Raw
587958-587949-62656042,Meat-based – raw,3.0,2.0,1.0,1.0,1.0,1.0,3.0,4.0,3.0,3.0,Healthy,0,No,0.0,0.0,0.0,0.0,0.0,0.0,Dog,7,"Female, sexually intact",Medium (11.4–22.3 kg or 25–49 lb),> 3 hrs,Raw
587958-587949-62656987,Meat-based – raw,5.0,5.0,5.0,5.0,5.0,5.0,4.0,3.0,4.0,2.0,Generally healthy with minor or infrequent problems,1,No,0.0,0.0,0.0,1.0,0.0,0.0,Dog,14,"Male, castrated",Medium (11.4–22.3 kg or 25–49 lb),30 – 60 mins,Raw
587958-587949-62655814,Meat-based – conventional,3.0,3.0,4.0,3.0,2.0,2.0,4.0,4.0,3.0,2.0,Generally healthy with minor or infrequent problems,1,No,0.0,0.0,0.0,0.0,0.0,0.0,Dog,3,"Male, castrated",Medium (11.4–22.3 kg or 25–49 lb),30 – 60 mins,Conventional
587958-587949-62657512,Meat-based – conventional,4.0,2.0,1.0,4.0,2.0,2.0,2.0,5.0,5.0,1.0,Healthy,1,Yes,0.0,0.0,0.0,0.0,0.0,0.0,Dog,6,"Male, castrated",Large (22.7–40.5 kg or 50–89 lb),1 – 3 hrs,Conventional
587958-587949-62657083,Meat-based – raw,3.0,4.0,4.0,3.0,2.0,3.0,3.0,4.0,4.0,4.0,Generally healthy with minor or infrequent problems,2,No,0.0,0.0,0.0,1.0,0.0,0.0,Dog,5,"Male, sexually intact",Small (4.5–10.9 kg or 10–24 lb),1 – 3 hrs,Raw
587958-587949-62657629,Meat-based – conventional,3.0,3.0,1.0,3.0,3.0,1.0,4.0,1.0,1.0,1.0,Healthy,0,No,0.0,0.0,0.0,0.0,0.0,0.0,Dog,6,"Male, castrated",Medium (11.4–22.3 kg or 25–49 lb),1 – 3 hrs,Conventional
587958-587949-62657145,Meat-based – conventional,4.0,4.0,1.0,4.0,2.0,2.0,4.0,4.0,3.0,1.0,Generally healthy with minor or infrequent problems,1,Yes,0.0,0.0,0.0,0.0,0.0,0.0,Dog,12,"Male, castrated",Small (4.5–10.9 kg or 10–24 lb),1 – 3 hrs,Conventional
587958-587949-62657878,Meat-based – conventional,5.0,3.0,1.0,2.0,5.0,2.0,5.0,1.0,5.0,1.0,Healthy,2,Yes,0.0,0.0,0.0,0.0,0.0,0.0,Dog,5,"Male, sexually intact",Medium (11.4–22.3 kg or 25–49 lb),1 – 3 hrs,Conventional
587958-587949-62658179,Meat-based – conventional,4.0,5.0,5.0,5.0,2.0,2.0,5.0,1.0,4.0,1.0,Healthy,1,No,0.0,0.0,0.0,0.0,0.0,0.0,Dog,3,"Female, spayed",Large (22.7–40.5 kg or 50–89 lb),1 – 3 hrs,Conventional
587958-587949-62658079,Meat-based – raw,5.0,5.0,5.0,5.0,4.0,2.0,5.0,3.0,5.0,3.0,Healthy,1,No,0.0,0.0,0.0,0.0,0.0,0.0,Dog,5,"Male, sexually intact",Giant (> 40.9 kg or > 90 lb),1 – 3 hrs,Raw
587958-587949-62658121,Meat-based – conventional,4.0,4.0,2.0,2.0,2.0,2.0,4.0,4.0,4.0,2.0,Generally healthy with minor or infrequent problems,>3,Yes,0.0,0.0,1.0,0.0,0.0,0.0,Dog,15,"Female, spayed",Small (4.5–10.9 kg or 10–24 lb),1 – 3 hrs,Conventional
587958-587949-62659009,Meat-based – conventional,5.0,5.0,5.0,5.0,5.0,2.0,5.0,2.0,5.0,2.0,Generally healthy with minor or infrequent problems,2,Yes,0.0,1.0,0.0,0.0,0.0,0.0,Dog,9,"Male, castrated",Large (22.7–40.5 kg or 50–89 lb),30 – 60 mins,Conventional
587958-587949-62658762,Meat-based – raw,5.0,5.0,5.0,5.0,5.0,5.0,5.0,5.0,5.0,5.0,Healthy,0,No,0.0,0.0,0.0,0.0,0.0,0.0,Dog,9,"Male, sexually intact",Medium (11.4–22.3 kg or 25–49 lb),1 – 3 hrs,Raw
587958-587949-62658225,Meat-based – raw,5.0,5.0,5.0,5.0,5.0,5.0,5.0,1.0,3.0,1.0,Healthy,1,No,0.0,0.0,0.0,0.0,0.0,0.0,Dog,5,"Male, castrated",Large (22.7–40.5 kg or 50–89 lb),1 – 3 hrs,Raw
587958-587949-62658483,Meat-based – raw,5.0,3.0,3.0,5.0,3.0,3.0,4.0,5.0,5.0,3.0,Healthy,1,No,0.0,0.0,0.0,0.0,0.0,0.0,Dog,3,"Male, castrated",Small (4.5–10.9 kg or 10–24 lb),> 3 hrs,Raw
587958-587949-62659094,Meat-based – raw,5.0,5.0,5.0,3.0,1.0,5.0,4.0,2.0,2.0,2.0,Healthy,1,No,0.0,0.0,0.0,0.0,0.0,0.0,Dog,6,"Male, castrated",Small (4.5–10.9 kg or 10–24 lb),30 – 60 mins,Raw
587958-587949-62659099,Meat-based – conventional,5.0,5.0,4.0,2.0,2.0,4.0,5.0,1.0,5.0,4.0,Generally healthy with minor or infrequent problems,2,Yes,0.0,0.0,0.0,0.0,0.0,0.0,Dog,4,"Female, spayed",Small (4.5–10.9 kg or 10–24 lb),30 – 60 mins,Conventional
587958-587949-62659216,Meat-based – raw,4.0,4.0,4.0,4.0,1.0,1.0,4.0,1.0,4.0,4.0,Healthy,1,No,0.0,0.0,0.0,0.0,0.0,0.0,Dog,1,"Male, castrated",Medium (11.4–22.3 kg or 25–49 lb),1 – 3 hrs,Raw
587958-587949-62659252,Meat-based – conventional,4.0,3.0,2.0,3.0,1.0,2.0,3.0,3.0,4.0,4.0,Generally healthy with minor or infrequent problems,2,Yes,0.0,0.0,0.0,1.0,1.0,0.0,Dog,4,"Male, castrated",Small (4.5–10.9 kg or 10–24 lb),1 – 3 hrs,Conventional
587958-587949-62658639,Meat-based – raw,2.0,4.0,2.0,4.0,2.0,2.0,2.0,4.0,4.0,2.0,Healthy,1,No,0.0,0.0,0.0,0.0,0.0,0.0,Dog,6,"Female, spayed",Medium (11.4–22.3 kg or 25–49 lb),1 – 3 hrs,Raw
587958-587949-62659399,Meat-based – raw,5.0,5.0,5.0,5.0,4.0,1.0,5.0,,5.0,4.0,Healthy,0,No,0.0,0.0,0.0,0.0,0.0,0.0,Dog,1,"Male, sexually intact",Medium (11.4–22.3 kg or 25–49 lb),1 – 3 hrs,Raw
587958-587949-62659510,Meat-based – conventional,5.0,5.0,5.0,5.0,4.0,1.0,4.0,1.0,4.0,1.0,Healthy,0,No,0.0,0.0,0.0,0.0,0.0,0.0,Dog,2,"Male, castrated",Medium (11.4–22.3 kg or 25–49 lb),1 – 3 hrs,Conventional
587958-587949-62659410,Meat-based – conventional,5.0,5.0,3.0,3.0,3.0,5.0,5.0,4.0,4.0,1.0,Generally healthy with minor or infrequent problems,2,Yes,0.0,0.0,0.0,0.0,0.0,0.0,Dog,13,"Female, spayed",Medium (11.4–22.3 kg or 25–49 lb),1 – 3 hrs,Conventional
587958-587949-62659401,Meat-based – conventional,4.0,4.0,4.0,3.0,3.0,4.0,4.0,2.0,4.0,3.0,Healthy,1,Yes,0.0,0.0,0.0,0.0,0.0,0.0,Dog,6,"Male, sexually intact",Large (22.7–40.5 kg or 50–89 lb),30 – 60 mins,Conventional
587958-587949-62658382,Meat-based – raw,5.0,5.0,2.0,3.0,4.0,2.0,5.0,2.0,2.0,1.0,Healthy,1,Yes,0.0,0.0,0.0,0.0,0.0,0.0,Dog,3,"Female, sexually intact",Medium (11.4–22.3 kg or 25–49 lb),1 – 3 hrs,Raw
587958-587949-62659648,Meat-based – conventional,4.0,5.0,1.0,5.0,5.0,1.0,5.0,1.0,4.0,1.0,Healthy,3,Yes,0.0,0.0,0.0,0.0,0.0,1.0,Dog,2,"Male, castrated",Large (22.7–40.5 kg or 50–89 lb),1 – 3 hrs,Conventional
587958-587949-62659555,Meat-based – conventional,5.0,2.0,4.0,4.0,4.0,1.0,5.0,1.0,5.0,4.0,Significant or frequent problems,>3,Yes,0.0,0.0,0.0,0.0,1.0,0.0,Dog,10,"Female, spayed",Large (22.7–40.5 kg or 50–89 lb),1 – 3 hrs,Conventional
587958-587949-62658204,Meat-based – conventional,2.0,4.0,2.0,4.0,2.0,1.0,1.0,5.0,4.0,1.0,Generally healthy with minor or infrequent problems,3,Yes,0.0,0.0,0.0,0.0,0.0,1.0,Dog,11,"Female, spayed",Medium (11.4–22.3 kg or 25–49 lb),1 – 3 hrs,Conventional
587958-587949-62659572,Meat-based – conventional,2.0,3.0,1.0,1.0,1.0,1.0,1.0,4.0,4.0,4.0,Generally healthy with minor or infrequent problems,2,Yes,0.0,0.0,0.0,1.0,0.0,0.0,Dog,12,"Male, castrated",Small (4.5–10.9 kg or 10–24 lb),1 – 3 hrs,Conventional
587958-587949-62660761,Meat-based – conventional,5.0,5.0,2.0,4.0,3.0,2.0,4.0,5.0,5.0,2.0,Significant or frequent problems,>3,Yes,0.0,0.0,1.0,0.0,0.0,0.0,Dog,12,"Male, castrated",Medium (11.4–22.3 kg or 25–49 lb),30 – 60 mins,Conventional
587958-587949-62659208,Meat-based – conventional,5.0,5.0,1.0,5.0,5.0,2.0,5.0,1.0,2.0,1.0,Generally healthy with minor or infrequent problems,3,Yes,0.0,0.0,0.0,0.0,0.0,0.0,Dog,8,"Male, castrated",Large (22.7–40.5 kg or 50–89 lb),1 – 3 hrs,Conventional
587958-587949-62660596,Meat-based – raw,4.0,4.0,3.0,4.0,2.0,3.0,3.0,3.0,3.0,4.0,Healthy,1,Yes,0.0,0.0,0.0,0.0,0.0,0.0,Dog,6,"Female, spayed",Large (22.7–40.5 kg or 50–89 lb),1 – 3 hrs,Raw
587958-587949-62660523,Meat-based – conventional,5.0,5.0,5.0,5.0,5.0,3.0,5.0,1.0,3.0,1.0,Healthy,1,Yes,0.0,0.0,0.0,0.0,0.0,0.0,Dog,9,"Female, spayed",Medium (11.4–22.3 kg or 25–49 lb),1 – 3 hrs,Conventional
587958-587949-62660609,Meat-based – raw,3.0,2.0,2.0,2.0,2.0,2.0,4.0,4.0,3.0,1.0,Generally healthy with minor or infrequent problems,>3,Yes,0.0,0.0,0.0,0.0,1.0,0.0,Dog,1,"Female, sexually intact",Medium (11.4–22.3 kg or 25–49 lb),> 3 hrs,Raw
587958-587949-62660764,Meat-based – conventional,5.0,5.0,5.0,5.0,5.0,5.0,5.0,,5.0,2.0,Healthy,2,No,0.0,0.0,0.0,0.0,1.0,0.0,Dog,5,"Female, sexually intact",Large (22.7–40.5 kg or 50–89 lb),> 3 hrs,Conventional
587958-587949-62662282,Meat-based – conventional,2.0,3.0,2.0,3.0,2.0,2.0,2.0,4.0,3.0,2.0,Generally healthy with minor or infrequent problems,1,No,0.0,0.0,0.0,0.0,0.0,0.0,Dog,2,"Female, spayed",Medium (11.4–22.3 kg or 25–49 lb),1 – 3 hrs,Conventional
587958-587949-62661803,Meat-based – conventional,1.0,1.0,1.0,1.0,1.0,1.0,1.0,4.0,2.0,1.0,Healthy,1,No,0.0,0.0,0.0,0.0,0.0,0.0,Dog,4,"Female, spayed",Small (4.5–10.9 kg or 10–24 lb),1 – 3 hrs,Conventional
587958-587949-62662370,Meat-based – raw,4.0,5.0,2.0,5.0,5.0,1.0,3.0,4.0,4.0,1.0,Generally healthy with minor or infrequent problems,1,No,0.0,0.0,0.0,0.0,0.0,0.0,Dog,3,"Male, castrated",Large (22.7–40.5 kg or 50–89 lb),30 – 60 mins,Raw
587958-587949-62662872,Meat-based – conventional,4.0,4.0,1.0,4.0,4.0,1.0,3.0,5.0,1.0,1.0,Generally healthy with minor or infrequent problems,0,No,0.0,0.0,0.0,0.0,0.0,0.0,Dog,5,"Female, spayed",Large (22.7–40.5 kg or 50–89 lb),1 – 3 hrs,Conventional
587958-587949-62659219,Meat-based – conventional,5.0,5.0,5.0,5.0,5.0,4.0,4.0,2.0,5.0,1.0,Healthy,1,Yes,0.0,0.0,0.0,0.0,0.0,0.0,Dog,5,"Female, spayed",Small (4.5–10.9 kg or 10–24 lb),1 – 3 hrs,Conventional
587958-587949-62662669,Meat-based – conventional,5.0,5.0,4.0,4.0,4.0,2.0,5.0,1.0,3.0,1.0,Generally healthy with minor or infrequent problems,>3,Yes,0.0,0.0,0.0,1.0,0.0,0.0,Dog,5,"Female, spayed",Small (4.5–10.9 kg or 10–24 lb),0 – 30 mins,Conventional
587958-587949-62663196,Meat-based – conventional,1.0,3.0,1.0,4.0,3.0,3.0,2.0,4.0,3.0,2.0,Generally healthy with minor or infrequent problems,>3,Yes,0.0,0.0,0.0,0.0,0.0,0.0,Dog,8,"Female, spayed",Large (22.7–40.5 kg or 50–89 lb),30 – 60 mins,Conventional
587958-587949-62663681,Meat-based – conventional,4.0,5.0,2.0,2.0,2.0,2.0,4.0,2.0,2.0,2.0,Healthy,1,No,0.0,0.0,0.0,0.0,0.0,0.0,Dog,9,"Male, castrated",Large (22.7–40.5 kg or 50–89 lb),1 – 3 hrs,Conventional
587958-587949-62663872,Meat-based – conventional,4.0,2.0,1.0,2.0,2.0,1.0,3.0,4.0,2.0,2.0,Healthy,2,No,0.0,0.0,0.0,0.0,0.0,0.0,Dog,5,"Female, spayed",Medium (11.4–22.3 kg or 25–49 lb),30 – 60 mins,Conventional
587958-587949-62663987,Meat-based – conventional,5.0,4.0,1.0,5.0,5.0,1.0,4.0,2.0,4.0,2.0,Generally healthy with minor or infrequent problems,3,Yes,0.0,0.0,0.0,0.0,0.0,0.0,Dog,8,"Female, spayed",Large (22.7–40.5 kg or 50–89 lb),30 – 60 mins,Conventional
587958-587949-62663926,Meat-based – raw,2.0,4.0,3.0,5.0,4.0,2.0,2.0,5.0,3.0,1.0,Generally healthy with minor or infrequent problems,2,Yes,0.0,0.0,0.0,0.0,0.0,0.0,Dog,4,"Male, castrated",Large (22.7–40.5 kg or 50–89 lb),1 – 3 hrs,Raw
587958-587949-62664149,Meat-based – conventional,2.0,4.0,1.0,2.0,2.0,2.0,4.0,2.0,2.0,2.0,Generally healthy with minor or infrequent problems,2,Yes,0.0,0.0,1.0,0.0,0.0,0.0,Dog,12,"Female, spayed",Medium (11.4–22.3 kg or 25–49 lb),30 – 60 mins,Conventional
587958-587949-62664022,Meat-based – raw,4.0,4.0,2.0,4.0,4.0,4.0,4.0,4.0,4.0,2.0,Generally healthy with minor or infrequent problems,2,Yes,0.0,0.0,0.0,0.0,0.0,1.0,Dog,5,"Female, spayed",Medium (11.4–22.3 kg or 25–49 lb),30 – 60 mins,Raw
587958-587949-62664191,Meat-based – conventional,3.0,4.0,2.0,4.0,3.0,2.0,3.0,3.0,4.0,2.0,Healthy,1,No,0.0,0.0,0.0,0.0,0.0,0.0,Dog,3,"Male, castrated",Medium (11.4–22.3 kg or 25–49 lb),30 – 60 mins,Conventional
587958-587949-62664081,Meat-based – raw,1.0,2.0,1.0,4.0,4.0,1.0,1.0,5.0,4.0,3.0,Healthy,0,No,0.0,0.0,0.0,0.0,0.0,0.0,Dog,4,"Female, sexually intact",Medium (11.4–22.3 kg or 25–49 lb),1 – 3 hrs,Raw
587958-587949-62664128,Meat-based – raw,5.0,5.0,3.0,3.0,3.0,3.0,5.0,1.0,2.0,1.0,Healthy,0,No,0.0,0.0,0.0,0.0,0.0,0.0,Dog,3,"Male, sexually intact",Medium (11.4–22.3 kg or 25–49 lb),1 – 3 hrs,Raw
587958-587949-62664455,Meat-based – raw,5.0,5.0,5.0,5.0,2.0,4.0,5.0,2.0,5.0,3.0,Healthy,0,No,0.0,0.0,0.0,0.0,0.0,0.0,Dog,4,"Female, sexually intact",Toy (≤ 4.1 kg or ≤ 9 lb),30 – 60 mins,Raw
587958-587949-62664193,Meat-based – conventional,5.0,2.0,2.0,4.0,,2.0,4.0,2.0,4.0,2.0,Healthy,1,No,0.0,0.0,0.0,0.0,0.0,0.0,Dog,8,"Female, spayed",Medium (11.4–22.3 kg or 25–49 lb),1 – 3 hrs,Conventional
587958-587949-62661646,Meat-based – raw,4.0,5.0,1.0,5.0,2.0,1.0,5.0,1.0,2.0,1.0,Significant or frequent problems,0,Yes,0.0,0.0,0.0,0.0,0.0,0.0,Dog,3,"Male, sexually intact",Large (22.7–40.5 kg or 50–89 lb),1 – 3 hrs,Raw
587958-587949-62665314,Meat-based – raw,4.0,4.0,1.0,4.0,2.0,1.0,3.0,1.0,4.0,1.0,Healthy,1,Yes,0.0,0.0,0.0,0.0,0.0,0.0,Dog,4,"Male, sexually intact",Medium (11.4–22.3 kg or 25–49 lb),1 – 3 hrs,Raw
587958-587949-62665405,Meat-based – conventional,4.0,4.0,4.0,3.0,3.0,2.0,2.0,2.0,4.0,1.0,Healthy,1,No,0.0,0.0,0.0,0.0,0.0,0.0,Dog,3,"Male, sexually intact",Large (22.7–40.5 kg or 50–89 lb),1 – 3 hrs,Conventional
587958-587949-62665164,Meat-based – conventional,5.0,5.0,4.0,3.0,2.0,2.0,4.0,2.0,5.0,,Healthy,1,No,0.0,0.0,0.0,0.0,0.0,0.0,Dog,2,"Male, castrated",Medium (11.4–22.3 kg or 25–49 lb),30 – 60 mins,Conventional
587958-587949-62665872,Meat-based – raw,4.0,4.0,1.0,4.0,4.0,1.0,3.0,1.0,4.0,1.0,Significant or frequent problems,>3,Yes,0.0,0.0,1.0,0.0,1.0,0.0,Dog,8,"Male, castrated",Large (22.7–40.5 kg or 50–89 lb),30 – 60 mins,Raw
587958-587949-62665442,Meat-based – conventional,4.0,5.0,2.0,4.0,1.0,4.0,2.0,2.0,1.0,2.0,Generally healthy with minor or infrequent problems,2,No,0.0,0.0,0.0,0.0,0.0,1.0,Dog,2,"Female, spayed",Small (4.5–10.9 kg or 10–24 lb),30 – 60 mins,Conventional
587958-587949-62665268,Meat-based – conventional,4.0,4.0,2.0,2.0,4.0,1.0,4.0,3.0,4.0,3.0,Generally healthy with minor or infrequent problems,3,Yes,1.0,0.0,0.0,0.0,0.0,1.0,Dog,5,"Male, castrated",Large (22.7–40.5 kg or 50–89 lb),1 – 3 hrs,Conventional
587958-587949-62665807,Meat-based – raw,5.0,4.0,2.0,4.0,4.0,3.0,4.0,2.0,4.0,3.0,Healthy,1,No,0.0,0.0,0.0,0.0,0.0,0.0,Dog,7,"Male, castrated",Medium (11.4–22.3 kg or 25–49 lb),1 – 3 hrs,Raw
587958-587949-62665463,Meat-based – conventional,5.0,5.0,5.0,5.0,3.0,3.0,5.0,3.0,3.0,3.0,Healthy,0,No,0.0,0.0,0.0,0.0,0.0,0.0,Dog,7,"Male, castrated",Small (4.5–10.9 kg or 10–24 lb),30 – 60 mins,Conventional
587958-587949-62665088,Meat-based – conventional,5.0,2.0,5.0,1.0,1.0,5.0,5.0,1.0,1.0,1.0,Generally healthy with minor or infrequent problems,3,Yes,0.0,0.0,0.0,0.0,0.0,0.0,Dog,9,"Male, castrated",Medium (11.4–22.3 kg or 25–49 lb),> 3 hrs,Conventional
587958-587949-62665758,Meat-based – raw,2.0,2.0,2.0,3.0,2.0,2.0,2.0,4.0,2.0,2.0,Healthy,1,Yes,0.0,0.0,0.0,0.0,0.0,0.0,Dog,5,"Female, spayed",Medium (11.4–22.3 kg or 25–49 lb),1 – 3 hrs,Raw
587958-587949-62665829,Meat-based – conventional,2.0,2.0,2.0,2.0,2.0,2.0,4.0,4.0,2.0,2.0,Healthy,2,Yes,0.0,0.0,0.0,0.0,0.0,0.0,Dog,3,"Male, castrated",Medium (11.4–22.3 kg or 25–49 lb),> 3 hrs,Conventional
587958-587949-62665631,Meat-based – raw,4.0,,1.0,5.0,5.0,1.0,3.0,2.0,2.0,1.0,Healthy,1,No,0.0,0.0,0.0,0.0,0.0,0.0,Dog,3,"Male, castrated",Giant (> 40.9 kg or > 90 lb),1 – 3 hrs,Raw
587958-587949-62666223,Meat-based – raw,2.0,5.0,5.0,5.0,5.0,1.0,5.0,5.0,5.0,1.0,Generally healthy with minor or infrequent problems,1,Yes,0.0,0.0,0.0,0.0,0.0,0.0,Dog,2,"Male, castrated",Small (4.5–10.9 kg or 10–24 lb),30 – 60 mins,Raw
587958-587949-62666304,Meat-based – raw,5.0,5.0,3.0,3.0,4.0,4.0,3.0,3.0,3.0,1.0,Healthy,1,No,0.0,0.0,0.0,1.0,0.0,0.0,Dog,10,"Male, castrated",Medium (11.4–22.3 kg or 25–49 lb),30 – 60 mins,Raw
587958-587949-62666918,Meat-based – raw,2.0,2.0,2.0,2.0,2.0,2.0,2.0,4.0,2.0,2.0,Healthy,0,No,0.0,0.0,0.0,0.0,0.0,0.0,Dog,3,"Male, castrated",Medium (11.4–22.3 kg or 25–49 lb),1 – 3 hrs,Raw
587958-587949-62666772,Meat-based – conventional,5.0,5.0,5.0,4.0,4.0,5.0,5.0,2.0,5.0,4.0,Significant or frequent problems,2,Yes,0.0,0.0,0.0,0.0,0.0,0.0,Dog,11,"Female, spayed",Small (4.5–10.9 kg or 10–24 lb),1 – 3 hrs,Conventional
587958-587949-62666761,Meat-based – conventional,1.0,1.0,1.0,1.0,1.0,1.0,1.0,1.0,1.0,1.0,Healthy,1,No,0.0,0.0,0.0,0.0,0.0,0.0,Dog,5,"Female, spayed",Large (22.7–40.5 kg or 50–89 lb),1 – 3 hrs,Conventional
587958-587949-62666971,Meat-based – conventional,4.0,4.0,2.0,3.0,1.0,1.0,4.0,4.0,4.0,1.0,Healthy,1,No,0.0,0.0,0.0,0.0,0.0,0.0,Dog,5,"Male, castrated",Medium (11.4–22.3 kg or 25–49 lb),30 – 60 mins,Conventional
587958-587949-62667387,Meat-based – conventional,4.0,5.0,5.0,5.0,3.0,3.0,5.0,4.0,4.0,2.0,Healthy,2,No,0.0,0.0,0.0,0.0,0.0,0.0,Dog,1,"Female, sexually intact",Large (22.7–40.5 kg or 50–89 lb),1 – 3 hrs,Conventional
587958-587949-62667700,Meat-based – conventional,4.0,5.0,4.0,3.0,4.0,2.0,4.0,1.0,4.0,2.0,Healthy,1,No,0.0,0.0,0.0,0.0,0.0,0.0,Dog,6,"Male, castrated",Large (22.7–40.5 kg or 50–89 lb),1 – 3 hrs,Conventional
587958-587949-62667785,Meat-based – raw,5.0,3.0,5.0,5.0,4.0,4.0,4.0,4.0,4.0,5.0,Healthy,0,No,0.0,0.0,0.0,0.0,0.0,0.0,Dog,3,"Female, sexually intact",Small (4.5–10.9 kg or 10–24 lb),1 – 3 hrs,Raw
587958-587949-62666913,Meat-based – raw,5.0,4.0,5.0,4.0,2.0,5.0,5.0,,5.0,1.0,Healthy,2,No,0.0,0.0,0.0,0.0,0.0,0.0,Dog,4,"Male, castrated",Small (4.5–10.9 kg or 10–24 lb),1 – 3 hrs,Raw
587958-587949-62667815,Meat-based – conventional,5.0,5.0,5.0,3.0,2.0,5.0,5.0,1.0,5.0,1.0,Healthy,1,No,0.0,0.0,0.0,0.0,0.0,0.0,Dog,2,"Male, castrated",Small (4.5–10.9 kg or 10–24 lb),30 – 60 mins,Conventional
587958-587949-62667884,Meat-based – raw,5.0,5.0,5.0,3.0,3.0,5.0,5.0,1.0,5.0,2.0,Healthy,1,No,0.0,0.0,0.0,0.0,0.0,0.0,Dog,7,"Male, castrated",Medium (11.4–22.3 kg or 25–49 lb),1 – 3 hrs,Raw
587958-587949-62667830,Meat-based – raw,4.0,3.0,2.0,5.0,4.0,1.0,3.0,4.0,4.0,1.0,Healthy,0,No,0.0,0.0,0.0,0.0,0.0,0.0,Dog,4,"Female, spayed",Medium (11.4–22.3 kg or 25–49 lb),30 – 60 mins,Raw
587958-587949-62667982,Meat-based – raw,4.0,4.0,2.0,4.0,2.0,2.0,4.0,4.0,2.0,1.0,Healthy,1,No,0.0,0.0,0.0,0.0,0.0,0.0,Dog,1,"Male, sexually intact",Small (4.5–10.9 kg or 10–24 lb),30 – 60 mins,Raw
587958-587949-62668118,Meat-based – raw,5.0,5.0,5.0,2.0,4.0,5.0,5.0,2.0,5.0,1.0,Healthy,1,No,0.0,0.0,0.0,0.0,0.0,0.0,Dog,1,"Male, sexually intact",Large (22.7–40.5 kg or 50–89 lb),1 – 3 hrs,Raw
587958-587949-62667799,Meat-based – raw,5.0,3.0,5.0,5.0,5.0,1.0,5.0,2.0,5.0,1.0,Generally healthy with minor or infrequent problems,3,Yes,0.0,0.0,0.0,0.0,0.0,1.0,Dog,2,"Female, spayed",Medium (11.4–22.3 kg or 25–49 lb),30 – 60 mins,Raw
587958-587949-62668191,Meat-based – raw,5.0,3.0,4.0,4.0,5.0,2.0,5.0,2.0,5.0,2.0,Healthy,0,No,0.0,0.0,0.0,0.0,0.0,0.0,Dog,2,"Female, spayed",Medium (11.4–22.3 kg or 25–49 lb),30 – 60 mins,Raw
587958-587949-62667851,Meat-based – conventional,5.0,5.0,5.0,5.0,5.0,4.0,5.0,1.0,5.0,1.0,Healthy,>3,No,0.0,0.0,0.0,0.0,0.0,0.0,Dog,3,"Male, sexually intact",Medium (11.4–22.3 kg or 25–49 lb),1 – 3 hrs,Conventional
587958-587949-62668192,Meat-based – conventional,3.0,4.0,2.0,4.0,5.0,1.0,2.0,3.0,2.0,1.0,Generally healthy with minor or infrequent problems,>3,Yes,0.0,0.0,0.0,1.0,1.0,0.0,Dog,6,"Male, castrated",Giant (> 40.9 kg or > 90 lb),30 – 60 mins,Conventional
587958-587949-62666881,Meat-based – conventional,5.0,5.0,5.0,5.0,3.0,1.0,5.0,1.0,1.0,1.0,Generally healthy with minor or infrequent problems,1,No,0.0,0.0,0.0,0.0,0.0,0.0,Dog,10,"Male, castrated",Small (4.5–10.9 kg or 10–24 lb),30 – 60 mins,Conventional
587958-587949-62668583,Meat-based – conventional,2.0,3.0,2.0,2.0,2.0,2.0,2.0,4.0,4.0,2.0,Generally healthy with minor or infrequent problems,2,Yes,0.0,0.0,0.0,0.0,0.0,0.0,Dog,3,"Male, sexually intact",Medium (11.4–22.3 kg or 25–49 lb),1 – 3 hrs,Conventional
587958-587949-62668894,Meat-based – raw,3.0,4.0,3.0,4.0,3.0,3.0,2.0,5.0,4.0,2.0,Healthy,0,No,0.0,0.0,0.0,0.0,0.0,0.0,Dog,7,"Female, spayed",Large (22.7–40.5 kg or 50–89 lb),30 – 60 mins,Raw
587958-587949-62668701,Meat-based – conventional,5.0,5.0,4.0,4.0,4.0,4.0,4.0,3.0,3.0,3.0,Healthy,1,No,0.0,0.0,0.0,0.0,0.0,0.0,Dog,6,"Male, castrated",Large (22.7–40.5 kg or 50–89 lb),1 – 3 hrs,Conventional
587958-587949-62668677,Meat-based – conventional,5.0,3.0,1.0,1.0,4.0,1.0,5.0,2.0,3.0,1.0,Healthy,3,Yes,0.0,0.0,0.0,0.0,0.0,0.0,Dog,8,"Male, castrated",Large (22.7–40.5 kg or 50–89 lb),1 – 3 hrs,Conventional
587958-587949-62668977,Meat-based – raw,3.0,4.0,2.0,5.0,4.0,2.0,4.0,5.0,2.0,1.0,Generally healthy with minor or infrequent problems,>3,Yes,0.0,0.0,0.0,0.0,0.0,0.0,Dog,1,"Female, sexually intact",Giant (> 40.9 kg or > 90 lb),> 3 hrs,Raw
587958-587949-62669281,Meat-based – conventional,2.0,4.0,2.0,2.0,2.0,2.0,2.0,4.0,4.0,4.0,Generally healthy with minor or infrequent problems,>3,Yes,0.0,0.0,0.0,1.0,1.0,0.0,Dog,4,"Female, spayed",Large (22.7–40.5 kg or 50–89 lb),30 – 60 mins,Conventional
587958-587949-62668736,Meat-based – conventional,1.0,1.0,1.0,1.0,1.0,1.0,1.0,3.0,1.0,1.0,Healthy,1,No,0.0,0.0,0.0,0.0,0.0,0.0,Dog,2,"Female, spayed",Medium (11.4–22.3 kg or 25–49 lb),1 – 3 hrs,Conventional
587958-587949-62669327,Meat-based – raw,1.0,4.0,1.0,4.0,3.0,1.0,2.0,5.0,4.0,2.0,Healthy,1,Yes,0.0,0.0,0.0,0.0,0.0,0.0,Dog,7,"Female, spayed",Large (22.7–40.5 kg or 50–89 lb),1 – 3 hrs,Raw
587958-587949-62669523,Meat-based – raw,4.0,4.0,1.0,5.0,5.0,1.0,4.0,2.0,1.0,1.0,Generally healthy with minor or infrequent problems,2,Yes,0.0,0.0,1.0,0.0,0.0,0.0,Dog,6,"Female, spayed",Giant (> 40.9 kg or > 90 lb),30 – 60 mins,Raw
587958-587949-62669340,Meat-based – conventional,5.0,5.0,4.0,3.0,3.0,5.0,5.0,1.0,4.0,2.0,Healthy,>3,Yes,0.0,1.0,0.0,0.0,0.0,0.0,Dog,2,"Female, spayed",Medium (11.4–22.3 kg or 25–49 lb),1 – 3 hrs,Conventional
587958-587949-62668780,Meat-based – raw,5.0,5.0,2.0,5.0,5.0,2.0,4.0,2.0,4.0,2.0,Healthy,0,No,0.0,0.0,0.0,0.0,0.0,0.0,Dog,5,"Male, castrated",Giant (> 40.9 kg or > 90 lb),1 – 3 hrs,Raw
587958-587949-62669790,Meat-based – raw,5.0,4.0,2.0,4.0,4.0,2.0,3.0,2.0,4.0,2.0,Seriously ill,>3,Yes,0.0,0.0,0.0,0.0,0.0,0.0,Dog,9,"Male, sexually intact",Large (22.7–40.5 kg or 50–89 lb),30 – 60 mins,Raw
587958-587949-62670086,Meat-based – conventional,5.0,2.0,2.0,5.0,2.0,2.0,5.0,2.0,5.0,1.0,Significant or frequent problems,>3,Yes,0.0,0.0,0.0,0.0,0.0,0.0,Dog,9,"Female, spayed",Large (22.7–40.5 kg or 50–89 lb),1 – 3 hrs,Conventional
587958-587949-62670110,Meat-based – raw,4.0,4.0,3.0,4.0,3.0,4.0,3.0,4.0,5.0,3.0,Healthy,1,No,0.0,0.0,0.0,0.0,0.0,0.0,Dog,3,"Male, castrated",Giant (> 40.9 kg or > 90 lb),1 – 3 hrs,Raw
587958-587949-62670701,Meat-based – raw,5.0,5.0,5.0,4.0,3.0,1.0,4.0,4.0,3.0,2.0,Healthy,3,Yes,0.0,0.0,0.0,0.0,0.0,0.0,Dog,3,"Male, castrated",Small (4.5–10.9 kg or 10–24 lb),1 – 3 hrs,Raw
587958-587949-62670632,Meat-based – conventional,1.0,4.0,1.0,4.0,3.0,1.0,3.0,5.0,1.0,1.0,Healthy,1,Yes,0.0,0.0,0.0,0.0,0.0,0.0,Dog,4,"Male, castrated",Large (22.7–40.5 kg or 50–89 lb),1 – 3 hrs,Conventional
587958-587949-62670983,Meat-based – conventional,5.0,5.0,5.0,5.0,5.0,4.0,4.0,2.0,3.0,1.0,Generally healthy with minor or infrequent problems,1,No,0.0,0.0,0.0,0.0,0.0,0.0,Dog,7,"Male, castrated",Medium (11.4–22.3 kg or 25–49 lb),1 – 3 hrs,Conventional
587958-587949-62670930,Meat-based – raw,5.0,5.0,3.0,3.0,3.0,2.0,5.0,,3.0,3.0,Healthy,1,No,0.0,0.0,0.0,0.0,0.0,0.0,Dog,9,"Male, castrated",Medium (11.4–22.3 kg or 25–49 lb),1 – 3 hrs,Raw
587958-587949-62668503,Meat-based – raw,2.0,3.0,1.0,5.0,3.0,2.0,2.0,5.0,5.0,1.0,Generally healthy with minor or infrequent problems,3,Yes,0.0,0.0,0.0,0.0,0.0,0.0,Dog,9,"Female, spayed",Large (22.7–40.5 kg or 50–89 lb),30 – 60 mins,Raw
587958-587949-62671155,Meat-based – raw,5.0,5.0,5.0,5.0,5.0,5.0,5.0,2.0,4.0,3.0,Generally healthy with minor or infrequent problems,2,Yes,0.0,0.0,0.0,0.0,0.0,1.0,Dog,6,"Female, spayed",Small (4.5–10.9 kg or 10–24 lb),1 – 3 hrs,Raw
587958-587949-62670913,Meat-based – raw,5.0,4.0,4.0,4.0,3.0,3.0,4.0,2.0,2.0,2.0,Healthy,1,Yes,0.0,0.0,0.0,0.0,0.0,0.0,Dog,2,"Male, castrated",Large (22.7–40.5 kg or 50–89 lb),1 – 3 hrs,Raw
587958-587949-62671766,Meat-based – conventional,4.0,4.0,2.0,4.0,2.0,2.0,1.0,4.0,4.0,1.0,Generally healthy with minor or infrequent problems,>3,Yes,0.0,0.0,1.0,1.0,1.0,1.0,Dog,1,"Female, spayed",Small (4.5–10.9 kg or 10–24 lb),0 – 30 mins,Conventional
587958-587949-62672346,Meat-based – conventional,5.0,5.0,4.0,2.0,2.0,4.0,5.0,2.0,5.0,2.0,Generally healthy with minor or infrequent problems,>3,Yes,0.0,0.0,0.0,1.0,0.0,0.0,Dog,11,"Male, castrated",Large (22.7–40.5 kg or 50–89 lb),1 – 3 hrs,Conventional
587958-587949-62672710,Meat-based – raw,2.0,5.0,2.0,5.0,5.0,5.0,2.0,5.0,5.0,2.0,Healthy,0,No,0.0,0.0,0.0,0.0,0.0,0.0,Dog,3,"Male, sexually intact",Large (22.7–40.5 kg or 50–89 lb),1 – 3 hrs,Raw
587958-587949-62672269,Meat-based – raw,5.0,5.0,2.0,4.0,4.0,2.0,5.0,2.0,5.0,5.0,Healthy,2,No,0.0,0.0,0.0,0.0,0.0,0.0,Dog,5,"Male, castrated",Large (22.7–40.5 kg or 50–89 lb),1 – 3 hrs,Raw
587958-587949-62672511,Meat-based – raw,4.0,4.0,3.0,3.0,3.0,2.0,3.0,4.0,4.0,1.0,Healthy,1,No,0.0,0.0,0.0,0.0,0.0,0.0,Dog,7,"Male, castrated",Small (4.5–10.9 kg or 10–24 lb),1 – 3 hrs,Raw
587958-587949-62672860,Meat-based – conventional,2.0,1.0,1.0,4.0,1.0,1.0,1.0,5.0,4.0,1.0,Significant or frequent problems,3,Yes,0.0,0.0,0.0,0.0,0.0,0.0,Dog,13,"Male, castrated",Large (22.7–40.5 kg or 50–89 lb),0 – 30 mins,Conventional
587958-587949-62673155,Meat-based – raw,3.0,4.0,3.0,4.0,3.0,4.0,3.0,4.0,2.0,2.0,Generally healthy with minor or infrequent problems,1,No,0.0,0.0,0.0,0.0,0.0,0.0,Dog,5,"Male, sexually intact",Medium (11.4–22.3 kg or 25–49 lb),30 – 60 mins,Raw
587958-587949-62647159,Meat-based – conventional,4.0,1.0,1.0,5.0,3.0,3.0,4.0,1.0,3.0,1.0,Generally healthy with minor or infrequent problems,3,No,0.0,0.0,0.0,0.0,0.0,0.0,Dog,5,"Female, spayed",Giant (> 40.9 kg or > 90 lb),30 – 60 mins,Conventional
587958-587949-62673145,Meat-based – raw,5.0,5.0,5.0,5.0,5.0,3.0,5.0,2.0,4.0,2.0,Healthy,1,No,0.0,0.0,0.0,0.0,0.0,0.0,Dog,6,"Female, spayed",Small (4.5–10.9 kg or 10–24 lb),0 – 30 mins,Raw
587958-587949-62673546,Meat-based – raw,3.0,4.0,2.0,3.0,2.0,1.0,2.0,4.0,1.0,1.0,Healthy,1,No,0.0,0.0,0.0,0.0,0.0,0.0,Dog,2,"Male, sexually intact",Giant (> 40.9 kg or > 90 lb),> 3 hrs,Raw
587958-587949-62673853,Meat-based – conventional,4.0,5.0,3.0,3.0,3.0,3.0,3.0,4.0,4.0,3.0,Healthy,0,No,0.0,0.0,0.0,0.0,0.0,0.0,Dog,5,"Male, castrated",Medium (11.4–22.3 kg or 25–49 lb),1 – 3 hrs,Conventional
587958-587949-62673316,Meat-based – raw,5.0,5.0,2.0,4.0,5.0,2.0,5.0,3.0,4.0,1.0,Healthy,1,No,0.0,0.0,0.0,0.0,0.0,0.0,Dog,5,"Male, castrated",Large (22.7–40.5 kg or 50–89 lb),1 – 3 hrs,Raw
587958-587949-62673819,Meat-based – raw,5.0,5.0,5.0,2.0,3.0,1.0,5.0,1.0,5.0,3.0,Generally healthy with minor or infrequent problems,>3,Yes,0.0,0.0,0.0,0.0,1.0,0.0,Dog,1,"Male, sexually intact",Medium (11.4–22.3 kg or 25–49 lb),30 – 60 mins,Raw
587958-587949-62674661,Meat-based – conventional,3.0,4.0,2.0,2.0,2.0,4.0,2.0,4.0,3.0,1.0,Healthy,1,Yes,0.0,0.0,0.0,0.0,0.0,0.0,Dog,3,"Male, sexually intact",Large (22.7–40.5 kg or 50–89 lb),> 3 hrs,Conventional
587958-587949-62674495,Meat-based – conventional,1.0,2.0,2.0,2.0,1.0,2.0,2.0,4.0,4.0,1.0,Generally healthy with minor or infrequent problems,>3,Yes,0.0,0.0,0.0,0.0,0.0,0.0,Dog,2,"Male, castrated",Medium (11.4–22.3 kg or 25–49 lb),1 – 3 hrs,Conventional
587958-587949-62675418,Meat-based – conventional,5.0,5.0,5.0,5.0,5.0,5.0,5.0,5.0,5.0,1.0,Healthy,3,Yes,0.0,0.0,0.0,0.0,0.0,0.0,Dog,2,"Male, sexually intact",Medium (11.4–22.3 kg or 25–49 lb),> 3 hrs,Conventional
587958-587949-62675490,Meat-based – raw,3.0,2.0,2.0,2.0,2.0,2.0,3.0,4.0,4.0,2.0,Generally healthy with minor or infrequent problems,2,No,0.0,0.0,0.0,0.0,0.0,0.0,Dog,6,"Female, spayed",Giant (> 40.9 kg or > 90 lb),30 – 60 mins,Raw
587958-587949-62675760,Meat-based – raw,5.0,5.0,5.0,5.0,5.0,5.0,5.0,1.0,5.0,1.0,Healthy,0,No,0.0,0.0,0.0,0.0,0.0,0.0,Dog,4,"Female, spayed",Small (4.5–10.9 kg or 10–24 lb),1 – 3 hrs,Raw
587958-587949-62675875,Meat-based – conventional,2.0,5.0,5.0,5.0,1.0,5.0,2.0,4.0,1.0,1.0,Generally healthy with minor or infrequent problems,3,No,0.0,0.0,0.0,0.0,0.0,0.0,Dog,1,"Male, sexually intact",Medium (11.4–22.3 kg or 25–49 lb),1 – 3 hrs,Conventional
587958-587949-62675948,Meat-based – conventional,2.0,2.0,2.0,2.0,2.0,2.0,4.0,4.0,3.0,2.0,Healthy,2,Yes,0.0,0.0,0.0,0.0,0.0,0.0,Dog,4,"Female, spayed",Medium (11.4–22.3 kg or 25–49 lb),0 – 30 mins,Conventional
587958-587949-62676471,Meat-based – conventional,1.0,4.0,1.0,1.0,1.0,1.0,1.0,5.0,3.0,1.0,Generally healthy with minor or infrequent problems,>3,No,0.0,0.0,0.0,0.0,0.0,0.0,Dog,13,"Male, castrated",Medium (11.4–22.3 kg or 25–49 lb),30 – 60 mins,Conventional
587958-587949-62676057,Meat-based – raw,4.0,5.0,2.0,5.0,1.0,1.0,4.0,5.0,3.0,5.0,Generally healthy with minor or infrequent problems,3,Yes,0.0,0.0,0.0,0.0,0.0,0.0,Dog,11,"Male, castrated",Medium (11.4–22.3 kg or 25–49 lb),0 – 30 mins,Raw
587958-587949-62676135,Meat-based – conventional,5.0,5.0,2.0,5.0,2.0,4.0,4.0,3.0,4.0,2.0,Significant or frequent problems,>3,Yes,0.0,0.0,0.0,0.0,0.0,0.0,Dog,9,"Male, castrated",Small (4.5–10.9 kg or 10–24 lb),> 3 hrs,Conventional
587958-587949-62676736,Meat-based – conventional,5.0,5.0,5.0,2.0,2.0,5.0,5.0,5.0,1.0,1.0,Healthy,1,No,0.0,0.0,0.0,0.0,0.0,0.0,Dog,1,"Female, spayed",Medium (11.4–22.3 kg or 25–49 lb),> 3 hrs,Conventional
587958-587949-62676882,Meat-based – raw,5.0,5.0,5.0,5.0,4.0,5.0,5.0,3.0,5.0,2.0,Healthy,>3,No,0.0,0.0,0.0,0.0,0.0,0.0,Dog,6,"Female, spayed",Small (4.5–10.9 kg or 10–24 lb),30 – 60 mins,Raw
587958-587949-62675672,Meat-based – raw,1.0,4.0,1.0,4.0,1.0,1.0,1.0,4.0,2.0,3.0,Generally healthy with minor or infrequent problems,2,No,0.0,0.0,0.0,0.0,0.0,0.0,Dog,4,"Male, castrated",Medium (11.4–22.3 kg or 25–49 lb),1 – 3 hrs,Raw
587958-587949-62677345,Meat-based – raw,5.0,5.0,3.0,3.0,5.0,1.0,5.0,2.0,5.0,2.0,Healthy,1,No,0.0,0.0,0.0,0.0,0.0,0.0,Dog,7,"Female, spayed",Large (22.7–40.5 kg or 50–89 lb),30 – 60 mins,Raw
587958-587949-62677526,Meat-based – conventional,5.0,4.0,2.0,4.0,4.0,2.0,4.0,2.0,2.0,2.0,Healthy,2,Yes,0.0,0.0,0.0,0.0,0.0,0.0,Dog,6,"Female, spayed",Small (4.5–10.9 kg or 10–24 lb),> 3 hrs,Conventional
587958-587949-62677730,Meat-based – raw,4.0,4.0,2.0,2.0,2.0,2.0,4.0,3.0,4.0,2.0,Healthy,0,No,0.0,0.0,0.0,0.0,0.0,0.0,Dog,2,"Male, sexually intact",Medium (11.4–22.3 kg or 25–49 lb),> 3 hrs,Raw
587958-587949-62677929,Meat-based – raw,3.0,4.0,2.0,3.0,2.0,1.0,4.0,4.0,5.0,5.0,Healthy,0,No,0.0,0.0,0.0,0.0,0.0,0.0,Dog,5,"Male, sexually intact",Small (4.5–10.9 kg or 10–24 lb),30 – 60 mins,Raw
587958-587949-62678484,Meat-based – raw,5.0,3.0,2.0,5.0,5.0,2.0,4.0,4.0,4.0,2.0,Generally healthy with minor or infrequent problems,2,Yes,0.0,0.0,0.0,0.0,1.0,1.0,Dog,3,"Male, castrated",Large (22.7–40.5 kg or 50–89 lb),30 – 60 mins,Raw
587958-587949-62678681,Meat-based – conventional,5.0,5.0,5.0,5.0,5.0,2.0,5.0,2.0,4.0,2.0,Healthy,1,Yes,0.0,0.0,0.0,0.0,1.0,0.0,Dog,3,"Male, castrated",Large (22.7–40.5 kg or 50–89 lb),30 – 60 mins,Conventional
587958-587949-62678714,Meat-based – conventional,4.0,4.0,4.0,3.0,3.0,3.0,4.0,1.0,4.0,3.0,Generally healthy with minor or infrequent problems,1,Yes,0.0,0.0,0.0,0.0,0.0,1.0,Dog,11,"Male, castrated",Medium (11.4–22.3 kg or 25–49 lb),1 – 3 hrs,Conventional
587958-587949-62679328,Meat-based – conventional,5.0,5.0,3.0,4.0,5.0,4.0,5.0,4.0,2.0,1.0,Healthy,1,Yes,0.0,0.0,0.0,0.0,0.0,0.0,Dog,2,"Male, castrated",Large (22.7–40.5 kg or 50–89 lb),30 – 60 mins,Conventional
587958-587949-62678709,Meat-based – conventional,5.0,5.0,1.0,1.0,1.0,1.0,4.0,2.0,3.0,3.0,Healthy,2,No,0.0,0.0,0.0,0.0,0.0,0.0,Dog,9,"Female, spayed",Medium (11.4–22.3 kg or 25–49 lb),1 – 3 hrs,Conventional
587958-587949-62679562,Meat-based – raw,4.0,3.0,5.0,5.0,4.0,3.0,4.0,2.0,5.0,2.0,Generally healthy with minor or infrequent problems,1,No,0.0,0.0,0.0,0.0,0.0,0.0,Dog,3,"Male, castrated",Medium (11.4–22.3 kg or 25–49 lb),0 – 30 mins,Raw
587958-587949-62679375,Meat-based – raw,4.0,4.0,2.0,4.0,2.0,2.0,2.0,4.0,4.0,1.0,Healthy,0,No,0.0,0.0,0.0,0.0,0.0,0.0,Dog,3,"Male, sexually intact",Large (22.7–40.5 kg or 50–89 lb),1 – 3 hrs,Raw
587958-587949-62679684,Meat-based – conventional,1.0,4.0,1.0,4.0,1.0,1.0,1.0,4.0,2.0,1.0,Generally healthy with minor or infrequent problems,2,Yes,0.0,0.0,0.0,0.0,0.0,0.0,Dog,8,"Female, spayed",Small (4.5–10.9 kg or 10–24 lb),1 – 3 hrs,Conventional
587958-587949-62679877,Meat-based – conventional,5.0,5.0,4.0,5.0,5.0,5.0,5.0,5.0,2.0,2.0,Generally healthy with minor or infrequent problems,0,No,0.0,0.0,0.0,0.0,0.0,0.0,Dog,10,"Female, spayed",Large (22.7–40.5 kg or 50–89 lb),30 – 60 mins,Conventional
587958-587949-62679909,Meat-based – conventional,1.0,2.0,1.0,1.0,1.0,1.0,1.0,4.0,4.0,1.0,Healthy,0,No,0.0,0.0,0.0,0.0,0.0,0.0,Dog,4,"Female, spayed",Small (4.5–10.9 kg or 10–24 lb),1 – 3 hrs,Conventional
587958-587949-62681574,Meat-based – conventional,2.0,5.0,1.0,3.0,3.0,1.0,4.0,5.0,3.0,1.0,Healthy,2,No,0.0,0.0,0.0,0.0,0.0,0.0,Dog,2,"Male, sexually intact",Large (22.7–40.5 kg or 50–89 lb),1 – 3 hrs,Conventional
587958-587949-62679379,Meat-based – raw,1.0,1.0,1.0,1.0,1.0,1.0,1.0,5.0,1.0,1.0,Generally healthy with minor or infrequent problems,1,No,0.0,0.0,0.0,0.0,0.0,0.0,Dog,5,"Male, castrated",Large (22.7–40.5 kg or 50–89 lb),1 – 3 hrs,Raw
587958-587949-62683043,Meat-based – raw,1.0,1.0,1.0,2.0,1.0,1.0,1.0,5.0,3.0,,Healthy,1,No,0.0,0.0,0.0,0.0,0.0,0.0,Dog,1,"Male, sexually intact",Giant (> 40.9 kg or > 90 lb),30 – 60 mins,Raw
587958-587949-62683759,Meat-based – conventional,5.0,5.0,2.0,4.0,4.0,3.0,3.0,4.0,3.0,1.0,Healthy,1,No,0.0,0.0,0.0,0.0,0.0,0.0,Dog,4,"Male, castrated",Large (22.7–40.5 kg or 50–89 lb),30 – 60 mins,Conventional
587958-587949-62683844,Meat-based – raw,5.0,5.0,5.0,5.0,5.0,5.0,5.0,3.0,4.0,1.0,Generally healthy with minor or infrequent problems,3,Yes,0.0,0.0,0.0,0.0,0.0,0.0,Dog,1,"Male, sexually intact",Medium (11.4–22.3 kg or 25–49 lb),1 – 3 hrs,Raw
587958-587949-62684905,Meat-based – conventional,5.0,5.0,1.0,5.0,5.0,1.0,5.0,1.0,5.0,1.0,Generally healthy with minor or infrequent problems,3,Yes,0.0,0.0,0.0,0.0,0.0,0.0,Dog,8,"Female, spayed",Large (22.7–40.5 kg or 50–89 lb),1 – 3 hrs,Conventional
587958-587949-62684852,Meat-based – conventional,4.0,4.0,3.0,4.0,3.0,4.0,5.0,2.0,3.0,3.0,Generally healthy with minor or infrequent problems,>3,Yes,0.0,0.0,0.0,0.0,0.0,0.0,Dog,12,"Female, spayed",Medium (11.4–22.3 kg or 25–49 lb),1 – 3 hrs,Conventional
587958-587949-62685263,Meat-based – conventional,5.0,5.0,4.0,3.0,5.0,4.0,5.0,2.0,4.0,4.0,Healthy,1,Yes,0.0,0.0,0.0,0.0,0.0,0.0,Dog,1,"Male, sexually intact",Large (22.7–40.5 kg or 50–89 lb),1 – 3 hrs,Conventional
587958-587949-62684359,Meat-based – conventional,4.0,4.0,2.0,2.0,1.0,2.0,5.0,2.0,1.0,1.0,Healthy,0,No,0.0,0.0,0.0,0.0,0.0,0.0,Dog,3,"Male, castrated",Large (22.7–40.5 kg or 50–89 lb),0 – 30 mins,Conventional
587958-587949-62682617,Meat-based – conventional,4.0,4.0,2.0,2.0,2.0,2.0,4.0,3.0,5.0,4.0,Healthy,1,No,0.0,0.0,0.0,0.0,0.0,0.0,Dog,7,"Male, castrated",Toy (≤ 4.1 kg or ≤ 9 lb),1 – 3 hrs,Conventional
587958-587949-62685576,Meat-based – conventional,3.0,4.0,4.0,4.0,2.0,2.0,3.0,5.0,4.0,4.0,Healthy,0,No,0.0,0.0,0.0,0.0,0.0,0.0,Dog,5,"Male, castrated",Small (4.5–10.9 kg or 10–24 lb),30 – 60 mins,Conventional
587958-587949-62685355,Meat-based – conventional,4.0,4.0,1.0,1.0,1.0,1.0,1.0,5.0,2.0,1.0,Generally healthy with minor or infrequent problems,2,Yes,0.0,0.0,0.0,0.0,0.0,0.0,Dog,3,"Female, spayed",Medium (11.4–22.3 kg or 25–49 lb),1 – 3 hrs,Conventional
587958-587949-62685848,Meat-based – conventional,5.0,5.0,5.0,5.0,3.0,5.0,5.0,4.0,4.0,1.0,Healthy,1,No,0.0,0.0,0.0,0.0,0.0,0.0,Dog,4,"Female, spayed",Small (4.5–10.9 kg or 10–24 lb),> 3 hrs,Conventional
587958-587949-62684960,Meat-based – raw,5.0,4.0,2.0,4.0,2.0,2.0,2.0,4.0,3.0,1.0,Healthy,1,No,0.0,0.0,0.0,0.0,0.0,0.0,Dog,2,"Male, sexually intact",Large (22.7–40.5 kg or 50–89 lb),1 – 3 hrs,Raw
587958-587949-62682671,Meat-based – conventional,5.0,3.0,5.0,3.0,4.0,4.0,5.0,1.0,4.0,,Generally healthy with minor or infrequent problems,2,Yes,0.0,1.0,0.0,0.0,0.0,0.0,Dog,2,"Female, spayed",Medium (11.4–22.3 kg or 25–49 lb),1 – 3 hrs,Conventional
587958-587949-62685896,Meat-based – raw,5.0,5.0,1.0,4.0,4.0,1.0,5.0,4.0,4.0,1.0,Healthy,1,No,0.0,0.0,0.0,0.0,0.0,0.0,Dog,2,"Male, sexually intact",Large (22.7–40.5 kg or 50–89 lb),> 3 hrs,Raw
587958-587949-62685648,Meat-based – conventional,3.0,4.0,3.0,3.0,2.0,2.0,4.0,2.0,4.0,2.0,Generally healthy with minor or infrequent problems,1,No,0.0,0.0,0.0,0.0,0.0,0.0,Dog,7,"Male, castrated",Large (22.7–40.5 kg or 50–89 lb),30 – 60 mins,Conventional
587958-587949-62686172,Meat-based – raw,3.0,2.0,2.0,4.0,4.0,2.0,4.0,4.0,2.0,1.0,Healthy,1,No,0.0,0.0,0.0,0.0,0.0,0.0,Dog,5,"Male, sexually intact",Giant (> 40.9 kg or > 90 lb),1 – 3 hrs,Raw
587958-587949-62686544,Meat-based – conventional,5.0,5.0,5.0,3.0,3.0,4.0,5.0,1.0,2.0,1.0,Healthy,3,No,0.0,0.0,0.0,0.0,0.0,0.0,Dog,2,"Female, spayed",Medium (11.4–22.3 kg or 25–49 lb),1 – 3 hrs,Conventional
587958-587949-62686707,Meat-based – conventional,5.0,5.0,1.0,3.0,3.0,1.0,4.0,1.0,5.0,4.0,Generally healthy with minor or infrequent problems,3,No,0.0,0.0,1.0,0.0,1.0,0.0,Dog,7,"Female, spayed",Medium (11.4–22.3 kg or 25–49 lb),1 – 3 hrs,Conventional
587958-587949-62687155,Meat-based – raw,5.0,5.0,5.0,5.0,5.0,1.0,5.0,1.0,5.0,1.0,Generally healthy with minor or infrequent problems,2,Yes,0.0,0.0,0.0,0.0,0.0,0.0,Dog,2,"Female, spayed",Medium (11.4–22.3 kg or 25–49 lb),> 3 hrs,Raw
587958-587949-62687244,Meat-based – conventional,5.0,5.0,5.0,5.0,5.0,2.0,5.0,2.0,5.0,2.0,Generally healthy with minor or infrequent problems,>3,Yes,0.0,0.0,0.0,0.0,1.0,0.0,Dog,1,"Male, sexually intact",Large (22.7–40.5 kg or 50–89 lb),1 – 3 hrs,Conventional
587958-587949-62687445,Meat-based – raw,5.0,5.0,5.0,3.0,3.0,2.0,4.0,2.0,5.0,4.0,Generally healthy with minor or infrequent problems,1,No,0.0,0.0,0.0,0.0,0.0,0.0,Dog,4,"Female, spayed",Large (22.7–40.5 kg or 50–89 lb),1 – 3 hrs,Raw
587958-587949-62687107,Meat-based – raw,4.0,4.0,2.0,4.0,3.0,1.0,4.0,3.0,4.0,1.0,Generally healthy with minor or infrequent problems,2,No,0.0,0.0,0.0,0.0,0.0,0.0,Dog,13,"Female, spayed",Small (4.5–10.9 kg or 10–24 lb),0 – 30 mins,Raw
587958-587949-62687751,Meat-based – raw,5.0,5.0,5.0,5.0,5.0,5.0,5.0,3.0,5.0,4.0,Healthy,1,No,0.0,0.0,0.0,0.0,0.0,0.0,Dog,9,"Male, castrated",Medium (11.4–22.3 kg or 25–49 lb),1 – 3 hrs,Raw
587958-587949-62688039,Meat-based – raw,5.0,5.0,2.0,4.0,5.0,5.0,5.0,5.0,2.0,4.0,Healthy,2,No,0.0,0.0,0.0,0.0,0.0,0.0,Dog,7,"Male, castrated",Large (22.7–40.5 kg or 50–89 lb),> 3 hrs,Raw
587958-587949-62687951,Meat-based – conventional,5.0,5.0,5.0,5.0,3.0,5.0,5.0,4.0,4.0,2.0,Healthy,2,Yes,0.0,0.0,0.0,0.0,0.0,0.0,Dog,7,"Male, castrated",Small (4.5–10.9 kg or 10–24 lb),1 – 3 hrs,Conventional
587958-587949-62687777,Meat-based – conventional,1.0,4.0,1.0,4.0,1.0,1.0,1.0,5.0,4.0,1.0,Generally healthy with minor or infrequent problems,3,Yes,0.0,0.0,0.0,0.0,1.0,0.0,Dog,4,"Female, spayed",Toy (≤ 4.1 kg or ≤ 9 lb),30 – 60 mins,Conventional
587958-587949-62688240,Meat-based – conventional,3.0,5.0,5.0,5.0,5.0,4.0,3.0,2.0,1.0,,Healthy,>3,No,0.0,0.0,0.0,0.0,0.0,0.0,Dog,7,"Female, spayed",Medium (11.4–22.3 kg or 25–49 lb),1 – 3 hrs,Conventional
587958-587949-62688309,Meat-based – raw,4.0,4.0,2.0,4.0,2.0,4.0,2.0,5.0,5.0,3.0,Healthy,1,No,0.0,0.0,0.0,0.0,0.0,0.0,Dog,3,"Male, castrated",Large (22.7–40.5 kg or 50–89 lb),1 – 3 hrs,Raw
587958-587949-62687949,Meat-based – raw,5.0,3.0,2.0,2.0,2.0,2.0,5.0,4.0,2.0,2.0,Healthy,1,No,0.0,0.0,0.0,0.0,0.0,0.0,Dog,10,"Female, spayed",Large (22.7–40.5 kg or 50–89 lb),1 – 3 hrs,Raw
587958-587949-62687985,Meat-based – raw,5.0,5.0,4.0,5.0,4.0,3.0,4.0,2.0,4.0,2.0,Healthy,1,No,0.0,0.0,0.0,0.0,0.0,0.0,Dog,2,"Male, sexually intact",Medium (11.4–22.3 kg or 25–49 lb),30 – 60 mins,Raw
587958-587949-62665657,Meat-based – conventional,1.0,1.0,1.0,1.0,1.0,1.0,1.0,4.0,1.0,1.0,Significant or frequent problems,1,Yes,0.0,0.0,0.0,0.0,0.0,0.0,Dog,13,"Male, castrated",Medium (11.4–22.3 kg or 25–49 lb),1 – 3 hrs,Conventional
587958-587949-62688501,Meat-based – conventional,4.0,4.0,2.0,4.0,2.0,4.0,4.0,4.0,2.0,2.0,Generally healthy with minor or infrequent problems,3,Yes,0.0,0.0,0.0,0.0,0.0,0.0,Dog,11,"Male, castrated",Medium (11.4–22.3 kg or 25–49 lb),30 – 60 mins,Conventional
587958-587949-62688616,Meat-based – raw,4.0,5.0,4.0,5.0,4.0,2.0,4.0,1.0,1.0,1.0,Healthy,2,Yes,0.0,0.0,0.0,0.0,0.0,0.0,Dog,3,"Male, castrated",Large (22.7–40.5 kg or 50–89 lb),1 – 3 hrs,Raw
587958-587949-62688595,Meat-based – conventional,5.0,5.0,4.0,5.0,4.0,2.0,2.0,2.0,4.0,2.0,Healthy,2,Yes,0.0,0.0,0.0,0.0,0.0,0.0,Dog,5,"Female, spayed",Medium (11.4–22.3 kg or 25–49 lb),1 – 3 hrs,Conventional
587958-587949-62688575,Meat-based – raw,5.0,5.0,2.0,4.0,2.0,4.0,4.0,2.0,5.0,1.0,Healthy,1,No,0.0,0.0,0.0,0.0,0.0,0.0,Dog,5,"Female, spayed",Medium (11.4–22.3 kg or 25–49 lb),1 – 3 hrs,Raw
587958-587949-62688718,Meat-based – raw,4.0,5.0,4.0,4.0,3.0,4.0,4.0,2.0,4.0,1.0,Healthy,1,No,0.0,0.0,0.0,0.0,0.0,0.0,Dog,3,"Male, castrated",Large (22.7–40.5 kg or 50–89 lb),1 – 3 hrs,Raw
587958-587949-62688749,Meat-based – raw,4.0,4.0,2.0,4.0,4.0,4.0,2.0,2.0,4.0,1.0,Healthy,1,No,0.0,0.0,0.0,0.0,0.0,0.0,Dog,8,"Male, castrated",Large (22.7–40.5 kg or 50–89 lb),1 – 3 hrs,Raw
587958-587949-62688858,Meat-based – conventional,4.0,3.0,2.0,2.0,4.0,1.0,4.0,4.0,4.0,1.0,Healthy,3,Yes,0.0,0.0,0.0,0.0,0.0,0.0,Dog,3,"Male, castrated",Medium (11.4–22.3 kg or 25–49 lb),30 – 60 mins,Conventional
587958-587949-62688867,Meat-based – conventional,1.0,1.0,1.0,4.0,1.0,1.0,1.0,5.0,2.0,1.0,Generally healthy with minor or infrequent problems,1,No,0.0,0.0,0.0,0.0,1.0,0.0,Dog,3,"Male, castrated",Small (4.5–10.9 kg or 10–24 lb),1 – 3 hrs,Conventional
587958-587949-62688692,Meat-based – raw,2.0,2.0,2.0,3.0,3.0,4.0,2.0,4.0,4.0,1.0,Healthy,1,No,0.0,0.0,0.0,0.0,0.0,0.0,Dog,14,"Male, castrated",Large (22.7–40.5 kg or 50–89 lb),1 – 3 hrs,Raw
587958-587949-62689244,Meat-based – raw,5.0,5.0,5.0,5.0,5.0,2.0,5.0,2.0,1.0,1.0,Healthy,1,Yes,0.0,0.0,0.0,1.0,0.0,0.0,Dog,11,"Female, spayed",Medium (11.4–22.3 kg or 25–49 lb),1 – 3 hrs,Raw
587958-587949-62689302,Meat-based – raw,5.0,5.0,4.0,4.0,5.0,5.0,4.0,2.0,4.0,,Healthy,2,No,0.0,0.0,0.0,0.0,0.0,0.0,Dog,2,"Male, castrated",Large (22.7–40.5 kg or 50–89 lb),1 – 3 hrs,Raw
587958-587949-62689199,Meat-based – conventional,5.0,3.0,2.0,5.0,5.0,2.0,5.0,2.0,3.0,2.0,Generally healthy with minor or infrequent problems,>3,Yes,0.0,0.0,0.0,0.0,0.0,1.0,Dog,3,"Female, spayed",Large (22.7–40.5 kg or 50–89 lb),1 – 3 hrs,Conventional
587958-587949-62689218,Meat-based – conventional,5.0,2.0,1.0,3.0,3.0,1.0,4.0,4.0,2.0,1.0,Generally healthy with minor or infrequent problems,0,No,0.0,0.0,0.0,0.0,0.0,0.0,Dog,11,"Male, castrated",Medium (11.4–22.3 kg or 25–49 lb),0 – 30 mins,Conventional
587958-587949-62689390,Meat-based – conventional,1.0,1.0,3.0,4.0,1.0,4.0,2.0,5.0,4.0,1.0,Generally healthy with minor or infrequent problems,3,Yes,0.0,0.0,1.0,0.0,0.0,0.0,Dog,14,"Female, spayed",Small (4.5–10.9 kg or 10–24 lb),30 – 60 mins,Conventional
587958-587949-62689457,Meat-based – raw,5.0,5.0,5.0,5.0,4.0,1.0,5.0,1.0,5.0,,Healthy,0,Yes,0.0,0.0,0.0,0.0,0.0,0.0,Dog,2,"Male, castrated",Medium (11.4–22.3 kg or 25–49 lb),1 – 3 hrs,Raw
587958-587949-62689043,Meat-based – conventional,4.0,4.0,1.0,4.0,2.0,2.0,3.0,1.0,4.0,1.0,Healthy,>3,Yes,0.0,0.0,0.0,0.0,0.0,0.0,Dog,12,"Male, castrated",Large (22.7–40.5 kg or 50–89 lb),1 – 3 hrs,Conventional
587958-587949-62689201,Meat-based – raw,5.0,5.0,1.0,3.0,2.0,1.0,5.0,1.0,5.0,1.0,Generally healthy with minor or infrequent problems,3,Yes,0.0,0.0,0.0,0.0,0.0,0.0,Dog,12,"Male, castrated",Large (22.7–40.5 kg or 50–89 lb),1 – 3 hrs,Raw
587958-587949-62689486,Meat-based – raw,4.0,4.0,2.0,3.0,3.0,4.0,4.0,2.0,2.0,1.0,Generally healthy with minor or infrequent problems,1,Yes,0.0,0.0,0.0,0.0,0.0,0.0,Dog,4,"Male, castrated",Medium (11.4–22.3 kg or 25–49 lb),1 – 3 hrs,Raw
587958-587949-62689841,Meat-based – conventional,5.0,5.0,4.0,2.0,2.0,4.0,4.0,2.0,5.0,2.0,Healthy,2,No,0.0,0.0,0.0,0.0,0.0,0.0,Dog,5,"Female, spayed",Small (4.5–10.9 kg or 10–24 lb),1 – 3 hrs,Conventional
587958-587949-62689775,Meat-based – conventional,3.0,5.0,5.0,5.0,3.0,1.0,2.0,3.0,5.0,1.0,Healthy,>3,Yes,0.0,0.0,0.0,0.0,0.0,0.0,Dog,3,"Male, castrated",Large (22.7–40.5 kg or 50–89 lb),30 – 60 mins,Conventional
587958-587949-62689669,Meat-based – raw,5.0,4.0,3.0,3.0,4.0,2.0,5.0,2.0,5.0,2.0,Healthy,0,No,0.0,0.0,0.0,0.0,0.0,0.0,Dog,5,"Female, spayed",Medium (11.4–22.3 kg or 25–49 lb),1 – 3 hrs,Raw
587958-587949-62689942,Meat-based – conventional,5.0,5.0,4.0,4.0,3.0,1.0,3.0,1.0,4.0,3.0,Healthy,1,Yes,0.0,0.0,0.0,0.0,0.0,0.0,Dog,4,"Male, castrated",Medium (11.4–22.3 kg or 25–49 lb),1 – 3 hrs,Conventional
587958-587949-62689879,Meat-based – raw,5.0,3.0,1.0,5.0,2.0,1.0,5.0,3.0,5.0,3.0,Significant or frequent problems,1,Yes,0.0,0.0,0.0,0.0,0.0,0.0,Dog,7,"Male, castrated",Giant (> 40.9 kg or > 90 lb),1 – 3 hrs,Raw
587958-587949-62690156,Meat-based – conventional,5.0,4.0,4.0,4.0,4.0,4.0,5.0,1.0,4.0,2.0,Healthy,1,No,0.0,0.0,0.0,0.0,0.0,0.0,Dog,1,"Male, castrated",Medium (11.4–22.3 kg or 25–49 lb),1 – 3 hrs,Conventional
587958-587949-62690012,Meat-based – raw,5.0,5.0,5.0,5.0,5.0,5.0,5.0,1.0,5.0,1.0,Healthy,1,No,0.0,0.0,0.0,0.0,0.0,0.0,Dog,6,"Female, sexually intact",Medium (11.4–22.3 kg or 25–49 lb),30 – 60 mins,Raw
587958-587949-62685918,Meat-based – raw,5.0,2.0,1.0,4.0,5.0,1.0,5.0,3.0,2.0,1.0,Generally healthy with minor or infrequent problems,2,Yes,0.0,0.0,0.0,0.0,0.0,1.0,Dog,8,"Female, spayed",Large (22.7–40.5 kg or 50–89 lb),1 – 3 hrs,Raw
587958-587949-62690289,Meat-based – conventional,5.0,5.0,5.0,3.0,3.0,5.0,4.0,3.0,3.0,1.0,Generally healthy with minor or infrequent problems,>3,Yes,0.0,0.0,0.0,0.0,0.0,1.0,Dog,1,"Female, spayed",Large (22.7–40.5 kg or 50–89 lb),30 – 60 mins,Conventional
587958-587949-62690384,Meat-based – raw,4.0,4.0,1.0,3.0,2.0,1.0,4.0,1.0,4.0,1.0,Healthy,0,No,0.0,0.0,0.0,0.0,0.0,0.0,Dog,6,"Female, sexually intact",Medium (11.4–22.3 kg or 25–49 lb),> 3 hrs,Raw
587958-587949-62690536,Meat-based – conventional,4.0,2.0,2.0,4.0,2.0,2.0,4.0,4.0,2.0,2.0,Healthy,2,Yes,0.0,0.0,0.0,0.0,1.0,0.0,Dog,6,"Male, castrated",Small (4.5–10.9 kg or 10–24 lb),1 – 3 hrs,Conventional
587958-587949-62690682,Meat-based – raw,2.0,4.0,1.0,2.0,2.0,1.0,1.0,4.0,2.0,1.0,Healthy,1,No,0.0,0.0,0.0,0.0,0.0,0.0,Dog,15,"Male, castrated",Small (4.5–10.9 kg or 10–24 lb),1 – 3 hrs,Raw
587958-587949-62691232,Meat-based – raw,5.0,5.0,2.0,4.0,2.0,1.0,4.0,4.0,4.0,2.0,Generally healthy with minor or infrequent problems,0,Yes,0.0,0.0,0.0,0.0,0.0,0.0,Dog,2,"Female, spayed",Medium (11.4–22.3 kg or 25–49 lb),30 – 60 mins,Raw
587958-587949-62690990,Meat-based – conventional,4.0,3.0,1.0,5.0,5.0,1.0,4.0,3.0,4.0,2.0,Significant or frequent problems,3,Yes,0.0,0.0,0.0,0.0,0.0,0.0,Dog,5,"Male, sexually intact",Large (22.7–40.5 kg or 50–89 lb),1 – 3 hrs,Conventional
587958-587949-62690819,Meat-based – raw,4.0,4.0,2.0,2.0,3.0,2.0,2.0,4.0,4.0,2.0,Generally healthy with minor or infrequent problems,1,No,0.0,0.0,0.0,0.0,0.0,0.0,Dog,10,"Male, sexually intact",Medium (11.4–22.3 kg or 25–49 lb),1 – 3 hrs,Raw
587958-587949-62691453,Meat-based – conventional,4.0,4.0,2.0,4.0,4.0,2.0,2.0,4.0,4.0,2.0,Healthy,1,No,0.0,0.0,0.0,0.0,0.0,0.0,Dog,3,"Male, castrated",Medium (11.4–22.3 kg or 25–49 lb),30 – 60 mins,Conventional
587958-587949-62691362,Meat-based – raw,5.0,5.0,5.0,5.0,5.0,1.0,4.0,2.0,5.0,1.0,Healthy,1,No,0.0,0.0,0.0,0.0,0.0,0.0,Dog,3,"Male, sexually intact",Medium (11.4–22.3 kg or 25–49 lb),1 – 3 hrs,Raw
587958-587949-62688478,Meat-based – conventional,5.0,4.0,3.0,3.0,3.0,2.0,4.0,2.0,4.0,2.0,Healthy,1,No,0.0,0.0,0.0,0.0,0.0,0.0,Dog,5,"Female, spayed",Large (22.7–40.5 kg or 50–89 lb),1 – 3 hrs,Conventional
587958-587949-62690947,Meat-based – raw,5.0,4.0,2.0,4.0,3.0,1.0,5.0,4.0,4.0,3.0,Generally healthy with minor or infrequent problems,2,No,0.0,0.0,0.0,0.0,0.0,0.0,Dog,12,"Female, spayed",Small (4.5–10.9 kg or 10–24 lb),1 – 3 hrs,Raw
587958-587949-62691563,Meat-based – raw,4.0,5.0,2.0,4.0,1.0,1.0,2.0,1.0,3.0,1.0,Healthy,0,No,0.0,0.0,0.0,0.0,0.0,0.0,Dog,7,"Female, spayed",Medium (11.4–22.3 kg or 25–49 lb),1 – 3 hrs,Raw
587958-587949-62691566,Meat-based – conventional,5.0,5.0,4.0,4.0,5.0,4.0,5.0,4.0,4.0,2.0,Healthy,0,No,0.0,0.0,0.0,0.0,0.0,0.0,Dog,7,"Male, sexually intact",Medium (11.4–22.3 kg or 25–49 lb),0 – 30 mins,Conventional
587958-587949-62691802,Meat-based – raw,5.0,5.0,2.0,2.0,2.0,2.0,5.0,2.0,2.0,2.0,Generally healthy with minor or infrequent problems,1,No,0.0,0.0,0.0,0.0,0.0,0.0,Dog,12,"Male, castrated",Medium (11.4–22.3 kg or 25–49 lb),30 – 60 mins,Raw
587958-587949-62691762,Meat-based – conventional,5.0,5.0,2.0,3.0,4.0,1.0,5.0,1.0,5.0,1.0,Healthy,2,Yes,1.0,0.0,0.0,0.0,0.0,0.0,Dog,9,"Female, spayed",Large (22.7–40.5 kg or 50–89 lb),1 – 3 hrs,Conventional
587958-587949-62691858,Meat-based – raw,5.0,5.0,1.0,5.0,4.0,1.0,5.0,4.0,5.0,1.0,Healthy,0,No,0.0,0.0,0.0,0.0,0.0,0.0,Dog,2,"Male, sexually intact",Giant (> 40.9 kg or > 90 lb),30 – 60 mins,Raw
587958-587949-62691976,Meat-based – raw,5.0,5.0,2.0,5.0,2.0,4.0,5.0,5.0,4.0,1.0,Healthy,1,No,0.0,0.0,0.0,0.0,0.0,0.0,Dog,5,"Female, sexually intact",Small (4.5–10.9 kg or 10–24 lb),1 – 3 hrs,Raw
587958-587949-62692113,Meat-based – conventional,3.0,4.0,2.0,4.0,3.0,2.0,3.0,4.0,2.0,3.0,Generally healthy with minor or infrequent problems,>3,Yes,0.0,0.0,0.0,0.0,0.0,0.0,Dog,3,"Male, castrated",Large (22.7–40.5 kg or 50–89 lb),1 – 3 hrs,Conventional
587958-587949-62691831,Meat-based – raw,4.0,3.0,2.0,3.0,4.0,2.0,5.0,2.0,5.0,2.0,Significant or frequent problems,1,Yes,0.0,1.0,0.0,0.0,0.0,0.0,Dog,3,"Male, castrated",Medium (11.4–22.3 kg or 25–49 lb),30 – 60 mins,Raw
587958-587949-62692319,Meat-based – conventional,3.0,,1.0,1.0,1.0,1.0,4.0,4.0,5.0,4.0,Healthy,2,No,0.0,0.0,0.0,0.0,0.0,0.0,Dog,2,"Female, spayed",Small (4.5–10.9 kg or 10–24 lb),1 – 3 hrs,Conventional
587958-587949-62692066,Meat-based – raw,4.0,4.0,1.0,3.0,1.0,1.0,1.0,4.0,5.0,2.0,Healthy,1,No,0.0,0.0,0.0,0.0,0.0,0.0,Dog,3,"Male, sexually intact",Medium (11.4–22.3 kg or 25–49 lb),> 3 hrs,Raw
587958-587949-62692389,Meat-based – raw,5.0,5.0,5.0,5.0,5.0,4.0,5.0,4.0,5.0,1.0,Healthy,3,No,0.0,0.0,0.0,0.0,0.0,0.0,Dog,1,"Female, spayed",Small (4.5–10.9 kg or 10–24 lb),1 – 3 hrs,Raw
587958-587949-62692646,Meat-based – raw,5.0,5.0,5.0,5.0,5.0,5.0,5.0,4.0,4.0,1.0,Seriously ill,>3,Yes,0.0,0.0,0.0,0.0,0.0,0.0,Dog,1,"Male, castrated",Medium (11.4–22.3 kg or 25–49 lb),30 – 60 mins,Raw
587958-587949-62692432,Meat-based – conventional,4.0,4.0,1.0,2.0,5.0,1.0,4.0,1.0,4.0,1.0,Healthy,1,No,0.0,0.0,0.0,0.0,0.0,0.0,Dog,4,"Male, castrated",Large (22.7–40.5 kg or 50–89 lb),1 – 3 hrs,Conventional
587958-587949-62692409,Meat-based – conventional,2.0,3.0,2.0,4.0,4.0,2.0,2.0,3.0,3.0,5.0,Healthy,2,Yes,0.0,0.0,0.0,0.0,0.0,0.0,Dog,2,"Female, spayed",Medium (11.4–22.3 kg or 25–49 lb),30 – 60 mins,Conventional
587958-587949-62692878,Meat-based – raw,5.0,5.0,5.0,5.0,2.0,3.0,5.0,2.0,5.0,5.0,Healthy,0,No,0.0,0.0,0.0,0.0,0.0,0.0,Dog,4,"Female, sexually intact",Small (4.5–10.9 kg or 10–24 lb),1 – 3 hrs,Raw
587958-587949-62692673,Meat-based – conventional,1.0,1.0,1.0,1.0,1.0,1.0,2.0,4.0,3.0,1.0,Healthy,0,No,0.0,0.0,0.0,0.0,0.0,0.0,Dog,3,"Female, spayed",Medium (11.4–22.3 kg or 25–49 lb),1 – 3 hrs,Conventional
587958-587949-62692847,Meat-based – conventional,3.0,4.0,1.0,5.0,1.0,1.0,3.0,4.0,2.0,1.0,Significant or frequent problems,>3,Yes,0.0,0.0,0.0,0.0,1.0,0.0,Dog,4,"Male, sexually intact",Medium (11.4–22.3 kg or 25–49 lb),1 – 3 hrs,Conventional
587958-587949-62692858,Meat-based – conventional,5.0,5.0,5.0,5.0,5.0,4.0,5.0,4.0,5.0,2.0,Generally healthy with minor or infrequent problems,3,Yes,0.0,0.0,0.0,0.0,0.0,0.0,Dog,1,"Male, sexually intact",Small (4.5–10.9 kg or 10–24 lb),1 – 3 hrs,Conventional
587958-587949-62693004,Meat-based – conventional,2.0,2.0,2.0,2.0,2.0,2.0,2.0,4.0,2.0,2.0,Healthy,1,No,0.0,0.0,0.0,0.0,0.0,0.0,Dog,4,"Female, spayed",Large (22.7–40.5 kg or 50–89 lb),1 – 3 hrs,Conventional
587958-587949-62692220,Meat-based – raw,5.0,5.0,5.0,5.0,5.0,5.0,5.0,3.0,5.0,5.0,Healthy,1,No,0.0,0.0,0.0,0.0,0.0,0.0,Dog,1,"Male, sexually intact",Medium (11.4–22.3 kg or 25–49 lb),1 – 3 hrs,Raw
587958-587949-62692962,Meat-based – raw,1.0,4.0,1.0,4.0,4.0,1.0,1.0,5.0,2.0,1.0,Healthy,1,Yes,0.0,0.0,0.0,0.0,0.0,0.0,Dog,5,"Male, castrated",Large (22.7–40.5 kg or 50–89 lb),1 – 3 hrs,Raw
587958-587949-62693102,Meat-based – raw,5.0,5.0,5.0,5.0,5.0,5.0,5.0,4.0,4.0,3.0,Generally healthy with minor or infrequent problems,1,Yes,0.0,0.0,0.0,0.0,0.0,0.0,Dog,2,"Male, sexually intact",Medium (11.4–22.3 kg or 25–49 lb),1 – 3 hrs,Raw
587958-587949-62692948,Meat-based – conventional,4.0,4.0,2.0,4.0,3.0,2.0,3.0,3.0,,2.0,Healthy,1,Yes,0.0,0.0,0.0,0.0,0.0,0.0,Dog,7,"Female, spayed",Medium (11.4–22.3 kg or 25–49 lb),30 – 60 mins,Conventional
587958-587949-62693391,Meat-based – raw,5.0,5.0,5.0,5.0,4.0,3.0,3.0,4.0,5.0,2.0,Generally healthy with minor or infrequent problems,2,Yes,0.0,0.0,0.0,0.0,0.0,0.0,Dog,1,"Male, castrated",Large (22.7–40.5 kg or 50–89 lb),1 – 3 hrs,Raw
587958-587949-62693481,Meat-based – raw,5.0,5.0,5.0,5.0,4.0,5.0,5.0,3.0,4.0,3.0,Healthy,1,No,0.0,0.0,0.0,0.0,0.0,0.0,Dog,6,"Male, castrated",Medium (11.4–22.3 kg or 25–49 lb),1 – 3 hrs,Raw
587958-587949-62693373,Meat-based – raw,5.0,4.0,2.0,3.0,2.0,1.0,4.0,4.0,4.0,1.0,Significant or frequent problems,>3,Yes,0.0,0.0,0.0,0.0,1.0,0.0,Dog,2,"Male, castrated",Medium (11.4–22.3 kg or 25–49 lb),1 – 3 hrs,Raw
587958-587949-62693389,Meat-based – raw,3.0,1.0,1.0,4.0,1.0,1.0,4.0,5.0,3.0,1.0,Healthy,3,Yes,0.0,0.0,0.0,0.0,0.0,1.0,Dog,2,"Male, sexually intact",Medium (11.4–22.3 kg or 25–49 lb),1 – 3 hrs,Raw
587958-587949-62693372,Meat-based – raw,5.0,5.0,4.0,4.0,3.0,2.0,4.0,2.0,4.0,4.0,Healthy,2,No,0.0,0.0,0.0,0.0,0.0,0.0,Dog,3,"Female, sexually intact",Medium (11.4–22.3 kg or 25–49 lb),1 – 3 hrs,Raw
587958-587949-62691307,Meat-based – conventional,5.0,5.0,4.0,5.0,4.0,3.0,5.0,5.0,3.0,2.0,Healthy,2,No,0.0,0.0,0.0,0.0,0.0,0.0,Dog,3,"Male, castrated",Medium (11.4–22.3 kg or 25–49 lb),1 – 3 hrs,Conventional
587958-587949-62693589,Meat-based – raw,5.0,5.0,5.0,5.0,5.0,5.0,5.0,2.0,5.0,3.0,Generally healthy with minor or infrequent problems,2,Yes,0.0,0.0,0.0,0.0,0.0,0.0,Dog,2,"Male, castrated",Medium (11.4–22.3 kg or 25–49 lb),Unsure,Raw
587958-587949-62693350,Meat-based – raw,5.0,4.0,3.0,5.0,2.0,3.0,4.0,4.0,4.0,2.0,Generally healthy with minor or infrequent problems,0,No,0.0,0.0,0.0,0.0,0.0,0.0,Dog,8,"Female, spayed",Small (4.5–10.9 kg or 10–24 lb),30 – 60 mins,Raw
587958-587949-62693433,Meat-based – raw,5.0,4.0,1.0,3.0,4.0,1.0,3.0,2.0,5.0,1.0,Generally healthy with minor or infrequent problems,2,Yes,0.0,0.0,0.0,0.0,1.0,0.0,Dog,5,"Male, castrated",Medium (11.4–22.3 kg or 25–49 lb),> 3 hrs,Raw
587958-587949-62693641,Meat-based – conventional,,4.0,1.0,3.0,2.0,1.0,2.0,5.0,4.0,1.0,Generally healthy with minor or infrequent problems,1,Yes,0.0,0.0,0.0,0.0,0.0,0.0,Dog,8,"Female, spayed",Large (22.7–40.5 kg or 50–89 lb),30 – 60 mins,Conventional
587958-587949-62693748,Meat-based – conventional,3.0,3.0,1.0,4.0,4.0,,3.0,4.0,3.0,,Healthy,>3,No,0.0,0.0,0.0,0.0,0.0,0.0,Dog,3,"Female, sexually intact",Medium (11.4–22.3 kg or 25–49 lb),30 – 60 mins,Conventional
587958-587949-62693987,Meat-based – raw,2.0,2.0,1.0,3.0,2.0,1.0,1.0,4.0,4.0,1.0,Generally healthy with minor or infrequent problems,>3,Yes,0.0,0.0,0.0,0.0,0.0,0.0,Dog,12,"Male, castrated",Medium (11.4–22.3 kg or 25–49 lb),1 – 3 hrs,Raw
587958-587949-62693993,Meat-based – raw,5.0,5.0,5.0,5.0,5.0,2.0,5.0,5.0,5.0,2.0,Generally healthy with minor or infrequent problems,2,Yes,0.0,0.0,0.0,0.0,0.0,1.0,Dog,4,"Female, sexually intact",Large (22.7–40.5 kg or 50–89 lb),30 – 60 mins,Raw
587958-587949-62693964,Meat-based – raw,4.0,3.0,4.0,,2.0,4.0,3.0,5.0,4.0,2.0,Healthy,0,No,0.0,0.0,0.0,0.0,0.0,0.0,Dog,3,"Male, castrated",Small (4.5–10.9 kg or 10–24 lb),30 – 60 mins,Raw
587958-587949-62694170,Meat-based – raw,3.0,4.0,1.0,4.0,4.0,1.0,2.0,4.0,4.0,1.0,Healthy,0,No,0.0,0.0,0.0,0.0,0.0,0.0,Dog,2,"Male, sexually intact",Large (22.7–40.5 kg or 50–89 lb),> 3 hrs,Raw
587958-587949-62694304,Meat-based – conventional,5.0,4.0,4.0,4.0,3.0,5.0,5.0,2.0,3.0,1.0,Generally healthy with minor or infrequent problems,Unsure,No,0.0,0.0,0.0,0.0,0.0,0.0,Dog,6,"Female, spayed",Medium (11.4–22.3 kg or 25–49 lb),0 – 30 mins,Conventional
587958-587949-62694154,Meat-based – raw,4.0,4.0,1.0,1.0,2.0,1.0,3.0,1.0,4.0,4.0,Healthy,0,No,0.0,0.0,0.0,0.0,0.0,0.0,Dog,9,"Female, spayed",Medium (11.4–22.3 kg or 25–49 lb),30 – 60 mins,Raw
587958-587949-62694034,Meat-based – conventional,5.0,5.0,1.0,1.0,5.0,1.0,5.0,1.0,5.0,1.0,Healthy,2,No,0.0,0.0,0.0,0.0,0.0,0.0,Dog,7,"Male, castrated",Medium (11.4–22.3 kg or 25–49 lb),1 – 3 hrs,Conventional
587958-587949-62694615,Meat-based – conventional,1.0,2.0,,4.0,,,1.0,5.0,5.0,,Generally healthy with minor or infrequent problems,2,No,0.0,0.0,0.0,0.0,0.0,0.0,Dog,3,"Male, sexually intact",Small (4.5–10.9 kg or 10–24 lb),1 – 3 hrs,Conventional
587958-587949-62694767,Meat-based – conventional,5.0,5.0,5.0,5.0,4.0,4.0,5.0,2.0,4.0,,Healthy,2,No,0.0,0.0,0.0,0.0,0.0,0.0,Dog,6,"Male, sexually intact",Large (22.7–40.5 kg or 50–89 lb),30 – 60 mins,Conventional
587958-587949-62694744,Meat-based – conventional,5.0,5.0,4.0,5.0,5.0,4.0,5.0,3.0,4.0,2.0,Healthy,Unsure,No,0.0,0.0,0.0,0.0,0.0,0.0,Dog,7,"Male, castrated",Giant (> 40.9 kg or > 90 lb),30 – 60 mins,Conventional
587958-587949-62694893,Meat-based – conventional,4.0,5.0,2.0,5.0,3.0,1.0,3.0,4.0,4.0,1.0,Generally healthy with minor or infrequent problems,2,Yes,0.0,0.0,0.0,0.0,0.0,0.0,Dog,12,"Female, sexually intact",Medium (11.4–22.3 kg or 25–49 lb),30 – 60 mins,Conventional
587958-587949-62694852,Meat-based – raw,5.0,5.0,4.0,3.0,4.0,5.0,4.0,2.0,3.0,1.0,Healthy,2,No,0.0,0.0,0.0,0.0,0.0,0.0,Dog,7,"Female, sexually intact",Medium (11.4–22.3 kg or 25–49 lb),30 – 60 mins,Raw
587958-587949-62694979,Meat-based – conventional,5.0,5.0,5.0,5.0,5.0,3.0,5.0,3.0,4.0,2.0,Healthy,2,Yes,0.0,0.0,0.0,0.0,0.0,0.0,Dog,2,"Male, sexually intact",Large (22.7–40.5 kg or 50–89 lb),1 – 3 hrs,Conventional
587958-587949-62695039,Meat-based – raw,3.0,4.0,2.0,5.0,4.0,4.0,3.0,5.0,5.0,2.0,Healthy,2,No,0.0,0.0,0.0,0.0,0.0,0.0,Dog,1,"Male, sexually intact",Medium (11.4–22.3 kg or 25–49 lb),1 – 3 hrs,Raw
587958-587949-62694972,Meat-based – conventional,5.0,5.0,2.0,5.0,2.0,2.0,4.0,5.0,4.0,4.0,Healthy,2,No,0.0,0.0,0.0,0.0,0.0,0.0,Dog,9,"Female, spayed",Small (4.5–10.9 kg or 10–24 lb),1 – 3 hrs,Conventional
587958-587949-62695222,Meat-based – conventional,2.0,4.0,2.0,3.0,3.0,1.0,3.0,4.0,3.0,1.0,Healthy,2,No,0.0,0.0,0.0,0.0,0.0,0.0,Dog,4,"Male, sexually intact",Medium (11.4–22.3 kg or 25–49 lb),1 – 3 hrs,Conventional
587958-587949-62695300,Meat-based – raw,5.0,5.0,5.0,5.0,5.0,5.0,5.0,1.0,5.0,1.0,Healthy,0,No,0.0,0.0,0.0,0.0,0.0,0.0,Dog,6,"Male, castrated",Small (4.5–10.9 kg or 10–24 lb),30 – 60 mins,Raw
587958-587949-62695469,Meat-based – conventional,5.0,5.0,5.0,5.0,2.0,5.0,5.0,4.0,5.0,2.0,Healthy,>3,No,0.0,0.0,0.0,0.0,0.0,0.0,Dog,2,"Female, spayed",Medium (11.4–22.3 kg or 25–49 lb),30 – 60 mins,Conventional
587958-587949-62695430,Meat-based – conventional,1.0,4.0,1.0,2.0,2.0,1.0,1.0,4.0,1.0,1.0,Healthy,2,Yes,0.0,0.0,0.0,0.0,0.0,0.0,Dog,6,"Female, sexually intact",Medium (11.4–22.3 kg or 25–49 lb),1 – 3 hrs,Conventional
587958-587949-62695449,Meat-based – raw,4.0,4.0,2.0,,3.0,3.0,4.0,3.0,3.0,1.0,Healthy,>3,Yes,0.0,0.0,0.0,0.0,0.0,0.0,Dog,1,"Male, sexually intact",Medium (11.4–22.3 kg or 25–49 lb),> 3 hrs,Raw
587958-587949-62695445,Meat-based – conventional,1.0,4.0,1.0,4.0,1.0,1.0,1.0,1.0,4.0,1.0,Healthy,0,No,0.0,0.0,0.0,0.0,0.0,0.0,Dog,1,"Female, spayed",Medium (11.4–22.3 kg or 25–49 lb),1 – 3 hrs,Conventional
587958-587949-62695626,Meat-based – conventional,5.0,5.0,5.0,5.0,5.0,3.0,5.0,3.0,5.0,3.0,Healthy,Unsure,Yes,0.0,0.0,0.0,0.0,0.0,0.0,Dog,4,"Male, castrated",Medium (11.4–22.3 kg or 25–49 lb),> 3 hrs,Conventional
587958-587949-62695419,Meat-based – conventional,5.0,5.0,5.0,5.0,1.0,2.0,4.0,4.0,4.0,1.0,Generally healthy with minor or infrequent problems,3,Yes,0.0,0.0,0.0,0.0,0.0,0.0,Dog,8,"Female, spayed",Medium (11.4–22.3 kg or 25–49 lb),1 – 3 hrs,Conventional
587958-587949-62695664,Meat-based – raw,5.0,5.0,5.0,5.0,4.0,4.0,5.0,5.0,5.0,5.0,Healthy,1,No,0.0,0.0,0.0,0.0,0.0,0.0,Dog,4,"Male, castrated",Medium (11.4–22.3 kg or 25–49 lb),30 – 60 mins,Raw
587958-587949-62695577,Meat-based – conventional,4.0,3.0,1.0,1.0,1.0,1.0,2.0,4.0,4.0,1.0,Healthy,1,No,0.0,0.0,0.0,0.0,0.0,0.0,Dog,2,"Female, spayed",Small (4.5–10.9 kg or 10–24 lb),1 – 3 hrs,Conventional
587958-587949-62695539,Meat-based – conventional,3.0,4.0,1.0,3.0,3.0,1.0,3.0,5.0,5.0,5.0,Healthy,0,No,0.0,0.0,0.0,0.0,0.0,0.0,Dog,7,"Male, sexually intact",Medium (11.4–22.3 kg or 25–49 lb),1 – 3 hrs,Conventional
587958-587949-62695631,Meat-based – conventional,5.0,5.0,1.0,5.0,5.0,5.0,5.0,1.0,3.0,1.0,Healthy,1,No,0.0,0.0,0.0,0.0,0.0,0.0,Dog,4,"Male, castrated",Large (22.7–40.5 kg or 50–89 lb),> 3 hrs,Conventional
587958-587949-62695438,Meat-based – conventional,5.0,5.0,2.0,2.0,5.0,2.0,4.0,2.0,4.0,2.0,Healthy,1,No,0.0,0.0,0.0,0.0,0.0,0.0,Dog,7,"Male, sexually intact",Large (22.7–40.5 kg or 50–89 lb),1 – 3 hrs,Conventional
587958-587949-62695752,Meat-based – raw,5.0,5.0,3.0,5.0,4.0,2.0,4.0,2.0,5.0,1.0,Healthy,>3,Yes,0.0,0.0,0.0,0.0,1.0,0.0,Dog,5,"Male, castrated",Medium (11.4–22.3 kg or 25–49 lb),1 – 3 hrs,Raw
587958-587949-62695893,Meat-based – conventional,5.0,5.0,5.0,5.0,5.0,4.0,5.0,1.0,2.0,2.0,Healthy,1,No,0.0,0.0,0.0,0.0,0.0,0.0,Dog,4,"Male, castrated",Medium (11.4–22.3 kg or 25–49 lb),30 – 60 mins,Conventional
587958-587949-62695731,Meat-based – conventional,3.0,4.0,2.0,4.0,2.0,2.0,4.0,2.0,3.0,2.0,Generally healthy with minor or infrequent problems,2,Yes,0.0,0.0,0.0,0.0,1.0,1.0,Dog,1,"Female, spayed",Small (4.5–10.9 kg or 10–24 lb),1 – 3 hrs,Conventional
587958-587949-62695916,Meat-based – conventional,5.0,5.0,4.0,3.0,5.0,3.0,5.0,1.0,5.0,1.0,Healthy,2,No,0.0,0.0,0.0,0.0,0.0,0.0,Dog,3,"Male, sexually intact",Large (22.7–40.5 kg or 50–89 lb),1 – 3 hrs,Conventional
587958-587949-62695850,Meat-based – conventional,2.0,1.0,1.0,1.0,1.0,1.0,1.0,4.0,4.0,1.0,Generally healthy with minor or infrequent problems,>3,No,0.0,0.0,0.0,0.0,0.0,0.0,Dog,5,"Female, spayed",Large (22.7–40.5 kg or 50–89 lb),1 – 3 hrs,Conventional
587958-587949-62695959,Meat-based – raw,5.0,5.0,4.0,3.0,4.0,4.0,5.0,3.0,4.0,3.0,Generally healthy with minor or infrequent problems,3,Yes,0.0,0.0,0.0,0.0,1.0,0.0,Dog,5,"Male, castrated",Medium (11.4–22.3 kg or 25–49 lb),1 – 3 hrs,Raw
587958-587949-62695711,Meat-based – conventional,3.0,4.0,1.0,3.0,4.0,1.0,2.0,5.0,2.0,1.0,Generally healthy with minor or infrequent problems,0,No,0.0,0.0,0.0,0.0,0.0,0.0,Dog,13,"Female, spayed",Medium (11.4–22.3 kg or 25–49 lb),1 – 3 hrs,Conventional
587958-587949-62695998,Meat-based – conventional,4.0,3.0,1.0,4.0,4.0,2.0,3.0,5.0,4.0,1.0,Generally healthy with minor or infrequent problems,3,Yes,0.0,0.0,0.0,0.0,0.0,0.0,Dog,8,"Male, sexually intact",Large (22.7–40.5 kg or 50–89 lb),1 – 3 hrs,Conventional
587958-587949-62696216,Meat-based – conventional,4.0,4.0,3.0,4.0,3.0,4.0,4.0,3.0,3.0,3.0,Generally healthy with minor or infrequent problems,3,Yes,0.0,0.0,0.0,0.0,0.0,0.0,Dog,2,"Male, castrated",Medium (11.4–22.3 kg or 25–49 lb),30 – 60 mins,Conventional
587958-587949-62696248,Meat-based – raw,4.0,4.0,2.0,4.0,2.0,4.0,4.0,4.0,4.0,2.0,Healthy,0,No,0.0,0.0,0.0,0.0,0.0,0.0,Dog,4,"Male, sexually intact",Medium (11.4–22.3 kg or 25–49 lb),1 – 3 hrs,Raw
587958-587949-62696362,Meat-based – raw,3.0,4.0,4.0,4.0,4.0,4.0,3.0,5.0,5.0,1.0,Healthy,0,No,0.0,0.0,0.0,0.0,0.0,0.0,Dog,6,"Male, castrated",Medium (11.4–22.3 kg or 25–49 lb),30 – 60 mins,Raw
587958-587949-62696415,Meat-based – raw,5.0,5.0,5.0,5.0,5.0,1.0,5.0,1.0,1.0,1.0,Healthy,1,Yes,0.0,0.0,0.0,0.0,0.0,0.0,Dog,10,"Female, spayed",Medium (11.4–22.3 kg or 25–49 lb),> 3 hrs,Raw
587958-587949-62696174,Meat-based – raw,5.0,5.0,5.0,4.0,2.0,3.0,5.0,4.0,5.0,3.0,Generally healthy with minor or infrequent problems,>3,Yes,0.0,0.0,0.0,0.0,0.0,1.0,Dog,5,"Male, castrated",Medium (11.4–22.3 kg or 25–49 lb),1 – 3 hrs,Raw
587958-587949-62696409,Meat-based – raw,5.0,5.0,4.0,4.0,3.0,4.0,3.0,3.0,3.0,1.0,Healthy,0,No,0.0,0.0,0.0,0.0,0.0,0.0,Dog,7,"Male, sexually intact",Large (22.7–40.5 kg or 50–89 lb),30 – 60 mins,Raw
587958-587949-62696332,Meat-based – conventional,4.0,4.0,2.0,2.0,2.0,2.0,3.0,2.0,3.0,1.0,Healthy,1,No,0.0,0.0,0.0,0.0,0.0,0.0,Dog,2,"Male, castrated",Medium (11.4–22.3 kg or 25–49 lb),1 – 3 hrs,Conventional
587958-587949-62696056,Meat-based – raw,2.0,4.0,2.0,4.0,2.0,2.0,4.0,4.0,4.0,2.0,Healthy,0,No,0.0,0.0,0.0,0.0,0.0,0.0,Dog,3,"Female, spayed",Medium (11.4–22.3 kg or 25–49 lb),> 3 hrs,Raw
587958-587949-62696588,Meat-based – raw,4.0,4.0,2.0,5.0,4.0,1.0,3.0,3.0,3.0,1.0,Healthy,1,No,0.0,0.0,0.0,0.0,0.0,0.0,Dog,4,"Male, sexually intact",Giant (> 40.9 kg or > 90 lb),> 3 hrs,Raw
587958-587949-62696774,Meat-based – conventional,1.0,,1.0,,2.0,1.0,1.0,4.0,,1.0,Generally healthy with minor or infrequent problems,2,Yes,0.0,0.0,0.0,0.0,0.0,0.0,Dog,3,"Male, sexually intact",Medium (11.4–22.3 kg or 25–49 lb),1 – 3 hrs,Conventional
587958-587949-62696743,Meat-based – raw,4.0,4.0,4.0,4.0,4.0,2.0,3.0,2.0,2.0,2.0,Healthy,0,No,0.0,0.0,0.0,0.0,0.0,0.0,Dog,1,"Female, sexually intact",Medium (11.4–22.3 kg or 25–49 lb),1 – 3 hrs,Raw
587958-587949-62696801,Meat-based – raw,5.0,4.0,1.0,2.0,4.0,1.0,5.0,2.0,2.0,1.0,Healthy,0,No,0.0,0.0,0.0,0.0,0.0,0.0,Dog,7,"Female, spayed",Medium (11.4–22.3 kg or 25–49 lb),1 – 3 hrs,Raw
587958-587949-62697255,Meat-based – conventional,3.0,4.0,3.0,4.0,4.0,3.0,2.0,3.0,2.0,2.0,Healthy,1,No,0.0,0.0,0.0,0.0,0.0,0.0,Dog,7,"Male, castrated",Large (22.7–40.5 kg or 50–89 lb),30 – 60 mins,Conventional
587958-587949-62697037,Meat-based – raw,5.0,5.0,5.0,5.0,5.0,5.0,5.0,1.0,5.0,3.0,Healthy,0,No,0.0,0.0,0.0,0.0,0.0,0.0,Dog,13,"Female, spayed",Small (4.5–10.9 kg or 10–24 lb),30 – 60 mins,Raw
587958-587949-62697320,Meat-based – conventional,3.0,5.0,2.0,4.0,,1.0,2.0,3.0,4.0,2.0,Generally healthy with minor or infrequent problems,0,No,0.0,0.0,0.0,0.0,0.0,0.0,Dog,2,"Male, sexually intact",Medium (11.4–22.3 kg or 25–49 lb),1 – 3 hrs,Conventional
587958-587949-62697381,Meat-based – raw,5.0,5.0,1.0,5.0,5.0,5.0,4.0,2.0,3.0,1.0,Generally healthy with minor or infrequent problems,0,No,0.0,0.0,0.0,0.0,0.0,0.0,Dog,5,"Female, sexually intact",Small (4.5–10.9 kg or 10–24 lb),30 – 60 mins,Raw
587958-587949-62697164,Meat-based – conventional,2.0,5.0,1.0,3.0,2.0,1.0,5.0,1.0,4.0,1.0,Generally healthy with minor or infrequent problems,2,Yes,0.0,0.0,0.0,0.0,0.0,0.0,Dog,10,"Male, castrated",Large (22.7–40.5 kg or 50–89 lb),1 – 3 hrs,Conventional
587958-587949-62697529,Meat-based – conventional,5.0,5.0,5.0,5.0,3.0,2.0,3.0,3.0,4.0,2.0,Healthy,1,No,0.0,0.0,0.0,0.0,0.0,0.0,Dog,5,"Female, spayed",Medium (11.4–22.3 kg or 25–49 lb),1 – 3 hrs,Conventional
587958-587949-62697623,Meat-based – raw,5.0,5.0,5.0,5.0,3.0,4.0,5.0,3.0,5.0,3.0,Healthy,3,Yes,0.0,0.0,0.0,0.0,0.0,0.0,Dog,15,"Female, spayed",Small (4.5–10.9 kg or 10–24 lb),> 3 hrs,Raw
587958-587949-62697726,Meat-based – conventional,1.0,1.0,1.0,1.0,1.0,1.0,1.0,3.0,1.0,1.0,Healthy,2,Yes,0.0,0.0,0.0,1.0,0.0,0.0,Dog,4,"Male, sexually intact",Small (4.5–10.9 kg or 10–24 lb),30 – 60 mins,Conventional
587958-587949-62697891,Meat-based – raw,5.0,5.0,5.0,5.0,5.0,5.0,5.0,2.0,5.0,4.0,Significant or frequent problems,3,Yes,0.0,0.0,1.0,0.0,1.0,0.0,Dog,3,"Male, sexually intact",Large (22.7–40.5 kg or 50–89 lb),30 – 60 mins,Raw
587958-587949-62672158,Meat-based – conventional,3.0,1.0,1.0,3.0,1.0,1.0,2.0,5.0,4.0,1.0,Healthy,1,No,0.0,0.0,0.0,1.0,0.0,0.0,Dog,8,"Female, spayed",Toy (≤ 4.1 kg or ≤ 9 lb),1 – 3 hrs,Conventional
587958-587949-62697412,Meat-based – raw,5.0,5.0,2.0,3.0,2.0,1.0,3.0,4.0,3.0,3.0,Healthy,1,Yes,0.0,0.0,0.0,0.0,0.0,0.0,Dog,1,"Female, sexually intact",Small (4.5–10.9 kg or 10–24 lb),30 – 60 mins,Raw
587958-587949-62698069,Meat-based – conventional,2.0,2.0,2.0,2.0,2.0,2.0,2.0,4.0,4.0,4.0,Generally healthy with minor or infrequent problems,3,Yes,0.0,0.0,0.0,0.0,0.0,0.0,Dog,1,"Female, spayed",Medium (11.4–22.3 kg or 25–49 lb),1 – 3 hrs,Conventional
587958-587949-62698003,Meat-based – conventional,5.0,5.0,5.0,5.0,2.0,4.0,5.0,1.0,5.0,1.0,Healthy,0,No,0.0,0.0,0.0,0.0,0.0,0.0,Dog,6,"Female, spayed",Large (22.7–40.5 kg or 50–89 lb),30 – 60 mins,Conventional
587958-587949-62697958,Meat-based – conventional,2.0,1.0,1.0,2.0,2.0,2.0,2.0,5.0,5.0,5.0,Seriously ill,3,Yes,0.0,1.0,0.0,0.0,1.0,0.0,Dog,7,"Male, castrated",Large (22.7–40.5 kg or 50–89 lb),30 – 60 mins,Conventional
587958-587949-62698028,Meat-based – raw,4.0,4.0,4.0,4.0,4.0,3.0,3.0,3.0,2.0,3.0,Healthy,1,No,0.0,0.0,0.0,0.0,0.0,0.0,Dog,4,"Male, sexually intact",Medium (11.4–22.3 kg or 25–49 lb),1 – 3 hrs,Raw
587958-587949-62698213,Meat-based – raw,5.0,5.0,5.0,5.0,5.0,5.0,5.0,2.0,5.0,1.0,Healthy,0,No,0.0,0.0,0.0,0.0,0.0,0.0,Dog,3,"Male, sexually intact",Medium (11.4–22.3 kg or 25–49 lb),1 – 3 hrs,Raw
587958-587949-62698381,Meat-based – conventional,2.0,2.0,1.0,1.0,1.0,1.0,2.0,5.0,1.0,1.0,Generally healthy with minor or infrequent problems,1,Yes,0.0,0.0,0.0,0.0,0.0,0.0,Dog,11,"Male, castrated",Large (22.7–40.5 kg or 50–89 lb),30 – 60 mins,Conventional
587958-587949-62698383,Meat-based – raw,2.0,4.0,3.0,5.0,3.0,1.0,3.0,4.0,4.0,4.0,Generally healthy with minor or infrequent problems,>3,Yes,0.0,0.0,0.0,0.0,0.0,1.0,Dog,6,"Female, spayed",Large (22.7–40.5 kg or 50–89 lb),1 – 3 hrs,Raw
587958-587949-62698339,Meat-based – raw,4.0,4.0,2.0,2.0,2.0,4.0,4.0,2.0,2.0,2.0,Healthy,1,No,0.0,0.0,0.0,0.0,1.0,0.0,Dog,6,"Female, sexually intact",Large (22.7–40.5 kg or 50–89 lb),1 – 3 hrs,Raw
587958-587949-62698084,Meat-based – conventional,5.0,3.0,4.0,3.0,2.0,4.0,4.0,1.0,5.0,1.0,Generally healthy with minor or infrequent problems,2,Yes,0.0,1.0,0.0,0.0,0.0,0.0,Dog,7,"Female, spayed",Medium (11.4–22.3 kg or 25–49 lb),1 – 3 hrs,Conventional
587958-587949-62698512,Meat-based – conventional,5.0,5.0,3.0,4.0,2.0,1.0,5.0,1.0,4.0,1.0,Generally healthy with minor or infrequent problems,2,Yes,0.0,0.0,0.0,0.0,0.0,0.0,Dog,8,"Female, spayed",Large (22.7–40.5 kg or 50–89 lb),1 – 3 hrs,Conventional
587958-587949-62698825,Meat-based – conventional,4.0,2.0,4.0,2.0,2.0,2.0,4.0,2.0,4.0,2.0,Healthy,0,No,0.0,0.0,0.0,0.0,0.0,0.0,Dog,2,"Male, castrated",Medium (11.4–22.3 kg or 25–49 lb),1 – 3 hrs,Conventional
587958-587949-62698822,Meat-based – raw,5.0,5.0,2.0,3.0,4.0,1.0,4.0,2.0,3.0,2.0,Generally healthy with minor or infrequent problems,1,Yes,0.0,0.0,0.0,0.0,0.0,0.0,Dog,2,"Male, sexually intact",Large (22.7–40.5 kg or 50–89 lb),30 – 60 mins,Raw
587958-587949-62699063,Meat-based – conventional,5.0,5.0,5.0,5.0,1.0,1.0,4.0,4.0,4.0,2.0,Generally healthy with minor or infrequent problems,1,No,0.0,0.0,0.0,1.0,0.0,0.0,Dog,4,"Female, spayed",Large (22.7–40.5 kg or 50–89 lb),30 – 60 mins,Conventional
587958-587949-62699062,Meat-based – raw,5.0,5.0,2.0,4.0,3.0,3.0,5.0,3.0,5.0,2.0,Healthy,1,No,0.0,0.0,0.0,0.0,0.0,0.0,Dog,5,"Female, spayed",Medium (11.4–22.3 kg or 25–49 lb),1 – 3 hrs,Raw
587958-587949-62699045,Meat-based – conventional,5.0,5.0,2.0,5.0,4.0,2.0,4.0,4.0,2.0,2.0,Healthy,3,Yes,0.0,0.0,1.0,0.0,0.0,0.0,Dog,7,"Female, spayed",Medium (11.4–22.3 kg or 25–49 lb),1 – 3 hrs,Conventional
587958-587949-62698834,Meat-based – raw,2.0,5.0,3.0,5.0,2.0,2.0,4.0,5.0,5.0,5.0,Generally healthy with minor or infrequent problems,0,No,0.0,0.0,0.0,0.0,0.0,0.0,Dog,9,"Male, castrated",Medium (11.4–22.3 kg or 25–49 lb),30 – 60 mins,Raw
587958-587949-62699072,Meat-based – conventional,5.0,3.0,2.0,3.0,3.0,4.0,1.0,1.0,1.0,1.0,Healthy,1,Yes,0.0,0.0,0.0,0.0,0.0,0.0,Dog,9,"Female, spayed",Medium (11.4–22.3 kg or 25–49 lb),1 – 3 hrs,Conventional
587958-587949-62699389,Meat-based – conventional,5.0,5.0,2.0,5.0,2.0,2.0,5.0,5.0,5.0,2.0,Healthy,>3,Yes,0.0,0.0,0.0,0.0,1.0,0.0,Dog,1,"Male, sexually intact",Medium (11.4–22.3 kg or 25–49 lb),1 – 3 hrs,Conventional
587958-587949-62699510,Meat-based – conventional,3.0,2.0,2.0,4.0,2.0,2.0,3.0,5.0,2.0,2.0,Healthy,0,No,0.0,0.0,0.0,0.0,0.0,0.0,Dog,3,"Female, spayed",Small (4.5–10.9 kg or 10–24 lb),30 – 60 mins,Conventional
587958-587949-62699477,Meat-based – raw,5.0,5.0,1.0,3.0,4.0,1.0,5.0,1.0,5.0,1.0,Generally healthy with minor or infrequent problems,>3,Yes,0.0,0.0,0.0,0.0,0.0,0.0,Dog,10,"Female, spayed",Large (22.7–40.5 kg or 50–89 lb),1 – 3 hrs,Raw
587958-587949-62699471,Meat-based – conventional,2.0,4.0,3.0,4.0,2.0,2.0,1.0,4.0,1.0,1.0,Healthy,0,No,0.0,0.0,0.0,0.0,0.0,0.0,Dog,1,"Female, sexually intact",Small (4.5–10.9 kg or 10–24 lb),1 – 3 hrs,Conventional
587958-587949-62699695,Meat-based – conventional,5.0,2.0,2.0,3.0,2.0,2.0,4.0,4.0,2.0,2.0,Healthy,0,No,0.0,0.0,0.0,0.0,0.0,0.0,Dog,5,"Male, castrated",Medium (11.4–22.3 kg or 25–49 lb),1 – 3 hrs,Conventional
587958-587949-62699828,Meat-based – raw,5.0,5.0,2.0,3.0,3.0,2.0,4.0,4.0,5.0,1.0,Generally healthy with minor or infrequent problems,0,No,0.0,0.0,0.0,0.0,0.0,0.0,Dog,3,"Female, sexually intact",Medium (11.4–22.3 kg or 25–49 lb),1 – 3 hrs,Raw
587958-587949-62699867,Meat-based – conventional,3.0,2.0,1.0,3.0,2.0,1.0,3.0,4.0,2.0,1.0,Generally healthy with minor or infrequent problems,1,No,0.0,0.0,0.0,0.0,0.0,0.0,Dog,3,"Male, castrated",Large (22.7–40.5 kg or 50–89 lb),30 – 60 mins,Conventional
587958-587949-62700037,Meat-based – raw,2.0,3.0,2.0,4.0,2.0,2.0,2.0,4.0,4.0,2.0,Healthy,1,No,0.0,0.0,0.0,0.0,0.0,0.0,Dog,3,"Male, sexually intact",Medium (11.4–22.3 kg or 25–49 lb),30 – 60 mins,Raw
587958-587949-62700408,Meat-based – conventional,2.0,1.0,1.0,2.0,1.0,1.0,1.0,3.0,1.0,1.0,Healthy,1,No,0.0,0.0,0.0,0.0,0.0,0.0,Dog,5,"Male, sexually intact",Large (22.7–40.5 kg or 50–89 lb),> 3 hrs,Conventional
587958-587949-62700725,Meat-based – conventional,5.0,5.0,5.0,5.0,5.0,5.0,5.0,5.0,5.0,1.0,Healthy,1,No,0.0,0.0,0.0,0.0,0.0,0.0,Dog,9,"Male, castrated",Medium (11.4–22.3 kg or 25–49 lb),1 – 3 hrs,Conventional
587958-587949-62700748,Meat-based – raw,5.0,4.0,4.0,4.0,5.0,4.0,5.0,2.0,4.0,1.0,Generally healthy with minor or infrequent problems,2,No,0.0,0.0,0.0,0.0,0.0,0.0,Dog,8,"Female, sexually intact",Medium (11.4–22.3 kg or 25–49 lb),1 – 3 hrs,Raw
587958-587949-62700648,Meat-based – conventional,5.0,5.0,5.0,5.0,5.0,3.0,3.0,3.0,2.0,2.0,Generally healthy with minor or infrequent problems,1,No,0.0,0.0,0.0,0.0,0.0,0.0,Dog,2,"Female, sexually intact",Medium (11.4–22.3 kg or 25–49 lb),1 – 3 hrs,Conventional
587958-587949-62701537,Meat-based – raw,2.0,2.0,2.0,4.0,2.0,2.0,3.0,4.0,4.0,4.0,Generally healthy with minor or infrequent problems,>3,Yes,0.0,0.0,0.0,0.0,0.0,0.0,Dog,4,"Female, spayed",Medium (11.4–22.3 kg or 25–49 lb),1 – 3 hrs,Raw
587958-587949-62702180,Meat-based – raw,5.0,5.0,5.0,5.0,5.0,1.0,5.0,1.0,5.0,1.0,Healthy,0,No,0.0,0.0,0.0,0.0,0.0,0.0,Dog,5,"Female, sexually intact",Large (22.7–40.5 kg or 50–89 lb),1 – 3 hrs,Raw
587958-587949-62702309,Meat-based – raw,5.0,4.0,1.0,2.0,3.0,4.0,5.0,1.0,4.0,4.0,Generally healthy with minor or infrequent problems,1,Yes,0.0,0.0,0.0,0.0,0.0,0.0,Dog,5,"Male, sexually intact",Large (22.7–40.5 kg or 50–89 lb),0 – 30 mins,Raw
587958-587949-62702466,Meat-based – raw,5.0,5.0,5.0,5.0,5.0,4.0,5.0,3.0,2.0,2.0,Healthy,0,No,0.0,0.0,0.0,0.0,0.0,0.0,Dog,5,"Female, spayed",Small (4.5–10.9 kg or 10–24 lb),1 – 3 hrs,Raw
587958-587949-62702529,Meat-based – raw,5.0,5.0,5.0,5.0,5.0,5.0,5.0,4.0,4.0,1.0,Healthy,1,No,0.0,0.0,0.0,0.0,0.0,0.0,Dog,2,"Female, sexually intact",Medium (11.4–22.3 kg or 25–49 lb),1 – 3 hrs,Raw
587958-587949-62702727,Meat-based – raw,2.0,2.0,2.0,2.0,4.0,2.0,2.0,4.0,4.0,3.0,Healthy,1,No,0.0,0.0,0.0,0.0,0.0,0.0,Dog,5,"Female, spayed",Medium (11.4–22.3 kg or 25–49 lb),1 – 3 hrs,Raw
587958-587949-62702745,Meat-based – raw,5.0,3.0,1.0,3.0,3.0,1.0,3.0,3.0,2.0,1.0,Healthy,0,No,0.0,0.0,0.0,0.0,0.0,0.0,Dog,2,"Female, sexually intact",Large (22.7–40.5 kg or 50–89 lb),30 – 60 mins,Raw
587958-587949-62702911,Meat-based – raw,5.0,5.0,2.0,,3.0,1.0,4.0,2.0,4.0,3.0,Generally healthy with minor or infrequent problems,0,No,0.0,0.0,0.0,0.0,0.0,0.0,Dog,7,"Female, spayed",Large (22.7–40.5 kg or 50–89 lb),1 – 3 hrs,Raw
587958-587949-62702931,Meat-based – conventional,2.0,4.0,2.0,3.0,2.0,2.0,4.0,5.0,3.0,4.0,Healthy,2,No,0.0,0.0,0.0,0.0,0.0,0.0,Dog,2,"Female, spayed",Small (4.5–10.9 kg or 10–24 lb),1 – 3 hrs,Conventional
587958-587949-62703026,Meat-based – conventional,2.0,2.0,1.0,3.0,1.0,1.0,3.0,4.0,2.0,2.0,Significant or frequent problems,2,Yes,0.0,0.0,0.0,0.0,0.0,1.0,Dog,5,"Female, spayed",Large (22.7–40.5 kg or 50–89 lb),1 – 3 hrs,Conventional
587958-587949-62703260,Meat-based – conventional,4.0,2.0,2.0,2.0,2.0,2.0,2.0,4.0,4.0,1.0,Generally healthy with minor or infrequent problems,1,Yes,0.0,0.0,0.0,0.0,0.0,0.0,Dog,13,"Female, spayed",Medium (11.4–22.3 kg or 25–49 lb),30 – 60 mins,Conventional
587958-587949-62703447,Meat-based – conventional,4.0,5.0,1.0,4.0,2.0,2.0,4.0,4.0,4.0,4.0,Healthy,1,No,0.0,0.0,0.0,0.0,0.0,0.0,Dog,2,"Female, spayed",Medium (11.4–22.3 kg or 25–49 lb),1 – 3 hrs,Conventional
587958-587949-62703458,Meat-based – raw,2.0,2.0,1.0,4.0,,1.0,1.0,5.0,1.0,1.0,Generally healthy with minor or infrequent problems,2,Yes,0.0,0.0,0.0,0.0,1.0,0.0,Dog,2,"Male, sexually intact",Small (4.5–10.9 kg or 10–24 lb),1 – 3 hrs,Raw
587958-587949-62704195,Meat-based – conventional,5.0,5.0,1.0,4.0,1.0,1.0,4.0,3.0,5.0,3.0,Generally healthy with minor or infrequent problems,1,No,0.0,0.0,0.0,0.0,0.0,0.0,Dog,2,"Female, sexually intact",Medium (11.4–22.3 kg or 25–49 lb),> 3 hrs,Conventional
587958-587949-62704265,Meat-based – conventional,4.0,4.0,2.0,2.0,2.0,2.0,2.0,4.0,4.0,1.0,Healthy,3,Yes,0.0,0.0,0.0,0.0,0.0,0.0,Dog,2,"Female, spayed",Small (4.5–10.9 kg or 10–24 lb),1 – 3 hrs,Conventional
587958-587949-62704650,Meat-based – conventional,3.0,4.0,1.0,1.0,1.0,1.0,5.0,5.0,1.0,1.0,Healthy,0,No,0.0,0.0,0.0,0.0,0.0,0.0,Dog,3,"Female, spayed",Large (22.7–40.5 kg or 50–89 lb),1 – 3 hrs,Conventional
587958-587949-62704658,Meat-based – conventional,2.0,2.0,2.0,2.0,2.0,2.0,2.0,5.0,5.0,5.0,Significant or frequent problems,3,Yes,0.0,0.0,0.0,0.0,0.0,1.0,Dog,10,"Male, castrated",Small (4.5–10.9 kg or 10–24 lb),1 – 3 hrs,Conventional
587958-587949-62704909,Meat-based – conventional,4.0,4.0,5.0,1.0,1.0,3.0,4.0,4.0,4.0,3.0,Generally healthy with minor or infrequent problems,1,Yes,0.0,0.0,0.0,0.0,0.0,0.0,Dog,5,"Male, castrated",Large (22.7–40.5 kg or 50–89 lb),30 – 60 mins,Conventional
587958-587949-62704912,Meat-based – raw,5.0,5.0,2.0,5.0,2.0,1.0,4.0,3.0,5.0,1.0,Healthy,1,No,0.0,0.0,0.0,0.0,0.0,0.0,Dog,4,"Male, sexually intact",Medium (11.4–22.3 kg or 25–49 lb),1 – 3 hrs,Raw
587958-587949-62705571,Meat-based – raw,5.0,5.0,5.0,3.0,5.0,1.0,5.0,1.0,2.0,1.0,Healthy,0,No,0.0,0.0,0.0,0.0,0.0,0.0,Dog,11,"Male, sexually intact",Medium (11.4–22.3 kg or 25–49 lb),1 – 3 hrs,Raw
587958-587949-62706295,Meat-based – raw,5.0,5.0,5.0,5.0,5.0,2.0,4.0,4.0,4.0,2.0,Healthy,>3,No,0.0,0.0,0.0,0.0,0.0,0.0,Dog,1,"Male, sexually intact",Large (22.7–40.5 kg or 50–89 lb),1 – 3 hrs,Raw
587958-587949-62706453,Meat-based – raw,5.0,4.0,4.0,2.0,3.0,2.0,5.0,2.0,4.0,3.0,Healthy,3,No,0.0,0.0,0.0,0.0,0.0,0.0,Dog,1,"Female, spayed",Small (4.5–10.9 kg or 10–24 lb),1 – 3 hrs,Raw
587958-587949-62707556,Meat-based – conventional,2.0,4.0,2.0,4.0,2.0,2.0,2.0,4.0,4.0,2.0,Healthy,1,No,0.0,0.0,0.0,0.0,0.0,0.0,Dog,15,"Female, spayed",Small (4.5–10.9 kg or 10–24 lb),30 – 60 mins,Conventional
587958-587949-62707530,Meat-based – conventional,4.0,4.0,1.0,4.0,4.0,1.0,3.0,3.0,5.0,2.0,Healthy,1,No,0.0,0.0,0.0,0.0,0.0,0.0,Dog,10,"Female, sexually intact",Large (22.7–40.5 kg or 50–89 lb),1 – 3 hrs,Conventional
587958-587949-62708168,Meat-based – conventional,5.0,5.0,5.0,,5.0,5.0,5.0,1.0,4.0,2.0,Healthy,1,Yes,0.0,0.0,0.0,0.0,0.0,0.0,Dog,3,"Male, castrated",Medium (11.4–22.3 kg or 25–49 lb),1 – 3 hrs,Conventional
587958-587949-62708720,Meat-based – conventional,3.0,4.0,2.0,3.0,2.0,2.0,2.0,4.0,2.0,1.0,Healthy,1,Yes,0.0,0.0,0.0,0.0,0.0,0.0,Dog,5,"Female, spayed",Medium (11.4–22.3 kg or 25–49 lb),1 – 3 hrs,Conventional
587958-587949-62708786,Meat-based – raw,3.0,4.0,1.0,3.0,2.0,1.0,3.0,5.0,5.0,1.0,Healthy,2,Yes,1.0,0.0,0.0,0.0,0.0,0.0,Dog,7,"Male, castrated",Small (4.5–10.9 kg or 10–24 lb),30 – 60 mins,Raw
587958-587949-62709990,Meat-based – conventional,5.0,5.0,1.0,5.0,3.0,2.0,2.0,2.0,3.0,2.0,Healthy,1,No,0.0,0.0,0.0,0.0,0.0,0.0,Dog,4,"Male, castrated",Large (22.7–40.5 kg or 50–89 lb),1 – 3 hrs,Conventional
587958-587949-62709861,Meat-based – conventional,5.0,5.0,5.0,5.0,3.0,5.0,5.0,1.0,1.0,1.0,Generally healthy with minor or infrequent problems,3,Yes,0.0,0.0,0.0,0.0,0.0,1.0,Dog,6,"Male, castrated",Medium (11.4–22.3 kg or 25–49 lb),1 – 3 hrs,Conventional
587958-587949-62709563,Meat-based – conventional,3.0,4.0,2.0,,3.0,2.0,3.0,3.0,2.0,1.0,Healthy,1,No,0.0,0.0,0.0,0.0,0.0,0.0,Dog,8,"Female, spayed",Medium (11.4–22.3 kg or 25–49 lb),1 – 3 hrs,Conventional
587958-587949-62710474,Meat-based – raw,5.0,4.0,2.0,4.0,5.0,3.0,4.0,4.0,4.0,2.0,Significant or frequent problems,>3,Yes,0.0,0.0,0.0,0.0,1.0,1.0,Dog,3,"Male, castrated",Large (22.7–40.5 kg or 50–89 lb),1 – 3 hrs,Raw
587958-587949-62710981,Meat-based – conventional,5.0,5.0,5.0,5.0,1.0,4.0,5.0,1.0,1.0,1.0,Generally healthy with minor or infrequent problems,2,Yes,0.0,0.0,0.0,0.0,0.0,0.0,Dog,9,"Female, spayed",Small (4.5–10.9 kg or 10–24 lb),30 – 60 mins,Conventional
587958-587949-62711161,Meat-based – raw,4.0,2.0,2.0,2.0,2.0,2.0,3.0,4.0,4.0,1.0,Healthy,0,No,0.0,0.0,0.0,0.0,0.0,0.0,Dog,7,"Female, spayed",Medium (11.4–22.3 kg or 25–49 lb),30 – 60 mins,Raw
587958-587949-62711547,Meat-based – raw,5.0,3.0,2.0,2.0,2.0,2.0,5.0,1.0,4.0,2.0,Healthy,1,No,0.0,0.0,0.0,0.0,0.0,0.0,Dog,6,"Female, spayed",Medium (11.4–22.3 kg or 25–49 lb),1 – 3 hrs,Raw
587958-587949-62711596,Meat-based – raw,4.0,3.0,1.0,4.0,2.0,1.0,3.0,5.0,5.0,1.0,Generally healthy with minor or infrequent problems,2,Yes,0.0,0.0,0.0,1.0,0.0,0.0,Dog,8,"Male, castrated",Medium (11.4–22.3 kg or 25–49 lb),1 – 3 hrs,Raw
587958-587949-62712562,Meat-based – raw,5.0,3.0,4.0,5.0,5.0,2.0,5.0,3.0,5.0,1.0,Healthy,1,No,0.0,0.0,0.0,0.0,0.0,0.0,Dog,3,"Male, sexually intact",Large (22.7–40.5 kg or 50–89 lb),1 – 3 hrs,Raw
587958-587949-62712698,Meat-based – raw,3.0,4.0,5.0,5.0,2.0,3.0,3.0,5.0,4.0,4.0,Healthy,0,No,0.0,0.0,0.0,0.0,0.0,0.0,Dog,6,"Male, castrated",Small (4.5–10.9 kg or 10–24 lb),0 – 30 mins,Raw
587958-587949-62713140,Meat-based – raw,4.0,4.0,3.0,4.0,2.0,4.0,5.0,4.0,3.0,2.0,Healthy,2,No,0.0,0.0,0.0,0.0,0.0,0.0,Dog,6,"Female, spayed",Toy (≤ 4.1 kg or ≤ 9 lb),30 – 60 mins,Raw
587958-587949-62713285,Meat-based – raw,3.0,4.0,2.0,4.0,3.0,3.0,4.0,2.0,3.0,3.0,Healthy,1,No,0.0,0.0,0.0,0.0,0.0,0.0,Dog,5,"Female, spayed",Toy (≤ 4.1 kg or ≤ 9 lb),1 – 3 hrs,Raw
587958-587949-62713560,Meat-based – raw,5.0,5.0,5.0,5.0,5.0,5.0,5.0,4.0,5.0,4.0,Healthy,2,No,0.0,0.0,0.0,0.0,0.0,0.0,Dog,2,"Female, sexually intact",Small (4.5–10.9 kg or 10–24 lb),1 – 3 hrs,Raw
587958-587949-62713716,Meat-based – raw,3.0,4.0,2.0,4.0,2.0,2.0,3.0,4.0,2.0,1.0,Healthy,1,No,0.0,0.0,0.0,0.0,0.0,0.0,Dog,3,"Male, sexually intact",Small (4.5–10.9 kg or 10–24 lb),30 – 60 mins,Raw
587958-587949-62714269,Meat-based – raw,5.0,5.0,5.0,5.0,5.0,5.0,5.0,3.0,4.0,2.0,Healthy,1,No,0.0,0.0,0.0,0.0,0.0,0.0,Dog,2,"Female, spayed",Medium (11.4–22.3 kg or 25–49 lb),1 – 3 hrs,Raw
587958-587949-62713932,Meat-based – conventional,2.0,1.0,1.0,1.0,1.0,1.0,1.0,5.0,5.0,1.0,Significant or frequent problems,2,No,0.0,0.0,0.0,0.0,0.0,1.0,Dog,14,"Male, castrated",Large (22.7–40.5 kg or 50–89 lb),30 – 60 mins,Conventional
587958-587949-62714010,Meat-based – raw,5.0,5.0,5.0,5.0,5.0,5.0,5.0,3.0,5.0,2.0,Healthy,1,No,0.0,0.0,0.0,0.0,0.0,0.0,Dog,5,"Male, castrated",Small (4.5–10.9 kg or 10–24 lb),30 – 60 mins,Raw
587958-587949-62714642,Meat-based – raw,5.0,5.0,5.0,5.0,4.0,5.0,5.0,1.0,5.0,4.0,Healthy,0,No,0.0,0.0,0.0,0.0,0.0,0.0,Dog,6,"Male, castrated",Small (4.5–10.9 kg or 10–24 lb),30 – 60 mins,Raw
587958-587949-62715600,Meat-based – raw,5.0,5.0,1.0,5.0,5.0,1.0,4.0,3.0,3.0,2.0,Healthy,1,No,0.0,0.0,0.0,0.0,0.0,0.0,Dog,3,"Female, spayed",Medium (11.4–22.3 kg or 25–49 lb),1 – 3 hrs,Raw
587958-587949-62716081,Meat-based – conventional,4.0,4.0,1.0,5.0,3.0,3.0,4.0,3.0,3.0,1.0,Healthy,1,No,0.0,0.0,0.0,0.0,0.0,0.0,Dog,5,"Male, castrated",Medium (11.4–22.3 kg or 25–49 lb),1 – 3 hrs,Conventional
587958-587949-62716653,Meat-based – conventional,4.0,4.0,1.0,5.0,2.0,1.0,3.0,2.0,1.0,1.0,Healthy,3,No,0.0,0.0,0.0,0.0,0.0,0.0,Dog,4,"Male, castrated",Small (4.5–10.9 kg or 10–24 lb),30 – 60 mins,Conventional
587958-587949-62717285,Meat-based – raw,3.0,,1.0,4.0,2.0,1.0,3.0,5.0,2.0,1.0,Healthy,1,Yes,1.0,0.0,0.0,0.0,0.0,0.0,Dog,3,"Male, castrated",Medium (11.4–22.3 kg or 25–49 lb),30 – 60 mins,Raw
587958-587949-62718623,Meat-based – raw,4.0,4.0,2.0,4.0,4.0,3.0,4.0,2.0,4.0,2.0,Healthy,1,No,0.0,0.0,0.0,0.0,0.0,0.0,Dog,5,"Male, castrated",Large (22.7–40.5 kg or 50–89 lb),30 – 60 mins,Raw
587958-587949-62718806,Meat-based – conventional,3.0,3.0,2.0,2.0,1.0,4.0,2.0,4.0,2.0,2.0,Healthy,2,No,0.0,0.0,0.0,0.0,0.0,0.0,Dog,5,"Female, spayed",Medium (11.4–22.3 kg or 25–49 lb),1 – 3 hrs,Conventional
587958-587949-62720025,Meat-based – raw,5.0,5.0,2.0,2.0,3.0,3.0,5.0,2.0,2.0,1.0,Healthy,1,No,0.0,0.0,0.0,0.0,1.0,0.0,Dog,1,"Male, sexually intact",Medium (11.4–22.3 kg or 25–49 lb),30 – 60 mins,Raw
587958-587949-62721145,Meat-based – conventional,4.0,4.0,2.0,4.0,2.0,2.0,4.0,2.0,2.0,2.0,Healthy,1,No,0.0,0.0,0.0,0.0,0.0,0.0,Dog,4,"Male, castrated",Large (22.7–40.5 kg or 50–89 lb),1 – 3 hrs,Conventional
587958-587949-62700246,Meat-based – conventional,5.0,2.0,2.0,3.0,2.0,2.0,5.0,5.0,2.0,2.0,Healthy,1,No,0.0,0.0,0.0,0.0,0.0,0.0,Dog,1,"Female, spayed",Medium (11.4–22.3 kg or 25–49 lb),1 – 3 hrs,Conventional
587958-587949-62725045,Meat-based – conventional,4.0,4.0,2.0,2.0,2.0,2.0,4.0,2.0,3.0,4.0,Healthy,2,No,0.0,0.0,0.0,0.0,0.0,0.0,Dog,1,"Female, spayed",Medium (11.4–22.3 kg or 25–49 lb),1 – 3 hrs,Conventional
587958-587949-62724054,Meat-based – raw,5.0,5.0,2.0,5.0,5.0,3.0,4.0,1.0,2.0,1.0,Generally healthy with minor or infrequent problems,1,No,0.0,0.0,0.0,0.0,0.0,0.0,Dog,5,"Female, spayed",Medium (11.4–22.3 kg or 25–49 lb),1 – 3 hrs,Raw
587958-587949-62725364,Meat-based – conventional,5.0,4.0,1.0,2.0,2.0,1.0,5.0,4.0,2.0,1.0,Healthy,1,No,0.0,0.0,0.0,0.0,0.0,0.0,Dog,3,"Male, castrated",Large (22.7–40.5 kg or 50–89 lb),30 – 60 mins,Conventional
587958-587949-62725450,Meat-based – conventional,5.0,1.0,1.0,4.0,1.0,4.0,4.0,1.0,5.0,1.0,Healthy,1,No,0.0,0.0,0.0,0.0,0.0,0.0,Dog,12,"Female, spayed",Medium (11.4–22.3 kg or 25–49 lb),0 – 30 mins,Conventional
587958-587949-62725539,Meat-based – raw,5.0,5.0,5.0,5.0,1.0,4.0,5.0,1.0,4.0,2.0,Healthy,2,Yes,0.0,0.0,0.0,0.0,0.0,0.0,Dog,5,"Male, castrated",Medium (11.4–22.3 kg or 25–49 lb),30 – 60 mins,Raw
587958-587949-62728590,Meat-based – conventional,5.0,5.0,5.0,5.0,3.0,2.0,4.0,3.0,2.0,1.0,Healthy,2,Yes,0.0,0.0,0.0,0.0,0.0,0.0,Dog,1,"Male, sexually intact",Medium (11.4–22.3 kg or 25–49 lb),0 – 30 mins,Conventional
587958-587949-62730016,Meat-based – raw,4.0,4.0,2.0,4.0,2.0,2.0,2.0,4.0,1.0,1.0,Healthy,2,No,0.0,0.0,0.0,0.0,0.0,0.0,Dog,3,"Male, castrated",Large (22.7–40.5 kg or 50–89 lb),1 – 3 hrs,Raw
587958-587949-62730778,Meat-based – raw,4.0,5.0,2.0,5.0,4.0,2.0,3.0,4.0,4.0,2.0,Healthy,1,No,0.0,0.0,0.0,0.0,0.0,0.0,Dog,2,"Male, sexually intact",Large (22.7–40.5 kg or 50–89 lb),1 – 3 hrs,Raw
587958-587949-62733369,Meat-based – raw,5.0,5.0,2.0,4.0,2.0,5.0,5.0,2.0,2.0,2.0,Generally healthy with minor or infrequent problems,2,Yes,0.0,0.0,0.0,1.0,0.0,0.0,Dog,9,"Male, castrated",Medium (11.4–22.3 kg or 25–49 lb),30 – 60 mins,Raw
587958-587949-62734795,Meat-based – raw,5.0,5.0,2.0,5.0,4.0,5.0,5.0,2.0,4.0,1.0,Generally healthy with minor or infrequent problems,0,No,0.0,0.0,0.0,0.0,0.0,0.0,Dog,9,"Male, castrated",Large (22.7–40.5 kg or 50–89 lb),30 – 60 mins,Raw
587958-587949-62735100,Meat-based – raw,5.0,5.0,2.0,5.0,5.0,1.0,5.0,1.0,5.0,5.0,Healthy,0,No,0.0,0.0,0.0,0.0,0.0,0.0,Dog,6,"Male, castrated",Large (22.7–40.5 kg or 50–89 lb),30 – 60 mins,Raw
587958-587949-62736922,Meat-based – conventional,3.0,4.0,2.0,3.0,3.0,3.0,3.0,4.0,4.0,2.0,Generally healthy with minor or infrequent problems,0,No,0.0,0.0,0.0,0.0,0.0,0.0,Dog,6,"Female, spayed",Small (4.5–10.9 kg or 10–24 lb),30 – 60 mins,Conventional
587958-587949-62737156,Meat-based – conventional,5.0,5.0,1.0,3.0,2.0,1.0,3.0,4.0,4.0,1.0,Generally healthy with minor or infrequent problems,>3,Yes,0.0,0.0,0.0,0.0,0.0,0.0,Dog,14,"Male, castrated",Medium (11.4–22.3 kg or 25–49 lb),1 – 3 hrs,Conventional
587958-587949-62738884,Meat-based – conventional,4.0,4.0,2.0,4.0,2.0,1.0,4.0,2.0,4.0,1.0,Healthy,>3,Yes,0.0,0.0,0.0,0.0,0.0,0.0,Dog,6,"Female, spayed",Medium (11.4–22.3 kg or 25–49 lb),0 – 30 mins,Conventional
587958-587949-62739182,Meat-based – conventional,1.0,1.0,1.0,1.0,1.0,1.0,3.0,1.0,1.0,1.0,Healthy,2,Yes,0.0,0.0,0.0,0.0,0.0,0.0,Dog,12,"Male, castrated",Large (22.7–40.5 kg or 50–89 lb),1 – 3 hrs,Conventional
587958-587949-62739180,Meat-based – raw,4.0,2.0,2.0,2.0,2.0,2.0,4.0,4.0,4.0,2.0,Healthy,0,No,0.0,0.0,0.0,0.0,0.0,0.0,Dog,7,"Male, sexually intact",Medium (11.4–22.3 kg or 25–49 lb),1 – 3 hrs,Raw
587958-587949-62739105,Meat-based – raw,1.0,2.0,1.0,2.0,3.0,1.0,2.0,4.0,2.0,1.0,Healthy,1,Yes,0.0,0.0,0.0,0.0,0.0,0.0,Dog,3,"Female, spayed",Medium (11.4–22.3 kg or 25–49 lb),1 – 3 hrs,Raw
587958-587949-62739300,Meat-based – conventional,4.0,5.0,3.0,2.0,2.0,3.0,3.0,4.0,4.0,3.0,Healthy,1,No,0.0,0.0,0.0,0.0,0.0,0.0,Dog,14,"Male, castrated",Small (4.5–10.9 kg or 10–24 lb),30 – 60 mins,Conventional
587958-587949-62738960,Meat-based – conventional,2.0,2.0,5.0,2.0,2.0,2.0,2.0,4.0,5.0,5.0,Generally healthy with minor or infrequent problems,2,Yes,0.0,0.0,0.0,1.0,0.0,0.0,Dog,8,"Female, spayed",Small (4.5–10.9 kg or 10–24 lb),1 – 3 hrs,Conventional
587958-587949-62739293,Meat-based – conventional,4.0,3.0,3.0,4.0,4.0,2.0,3.0,3.0,3.0,2.0,Healthy,1,No,0.0,0.0,0.0,0.0,0.0,0.0,Dog,8,"Male, castrated",Medium (11.4–22.3 kg or 25–49 lb),1 – 3 hrs,Conventional
587958-587949-62739197,Meat-based – conventional,4.0,3.0,2.0,4.0,2.0,2.0,4.0,4.0,4.0,3.0,Generally healthy with minor or infrequent problems,1,Yes,0.0,0.0,0.0,1.0,0.0,0.0,Dog,10,"Female, spayed",Large (22.7–40.5 kg or 50–89 lb),1 – 3 hrs,Conventional
587958-587949-62739446,Meat-based – conventional,4.0,4.0,2.0,3.0,3.0,2.0,3.0,4.0,2.0,2.0,Generally healthy with minor or infrequent problems,2,Yes,0.0,0.0,0.0,1.0,0.0,0.0,Dog,12,"Female, spayed",Large (22.7–40.5 kg or 50–89 lb),1 – 3 hrs,Conventional
587958-587949-62739806,Meat-based – conventional,5.0,5.0,4.0,5.0,4.0,1.0,4.0,2.0,4.0,4.0,Healthy,1,No,0.0,0.0,0.0,0.0,0.0,0.0,Dog,6,"Female, spayed",Large (22.7–40.5 kg or 50–89 lb),30 – 60 mins,Conventional
587958-587949-62739558,Meat-based – conventional,5.0,5.0,2.0,4.0,5.0,1.0,4.0,2.0,5.0,1.0,Generally healthy with minor or infrequent problems,>3,Yes,0.0,0.0,0.0,0.0,0.0,0.0,Dog,6,"Male, castrated",Medium (11.4–22.3 kg or 25–49 lb),30 – 60 mins,Conventional
587958-587949-62739568,Meat-based – conventional,3.0,4.0,2.0,5.0,4.0,4.0,4.0,4.0,4.0,1.0,Healthy,2,Yes,0.0,0.0,0.0,0.0,0.0,0.0,Dog,6,"Male, castrated",Large (22.7–40.5 kg or 50–89 lb),30 – 60 mins,Conventional
587958-587949-62739164,Meat-based – raw,5.0,5.0,5.0,5.0,5.0,3.0,5.0,4.0,4.0,1.0,Generally healthy with minor or infrequent problems,>3,Yes,0.0,0.0,0.0,0.0,0.0,0.0,Dog,7,"Male, castrated",Medium (11.4–22.3 kg or 25–49 lb),1 – 3 hrs,Raw
587958-587949-62740024,Meat-based – conventional,4.0,4.0,4.0,3.0,3.0,2.0,4.0,3.0,2.0,3.0,Healthy,1,No,0.0,0.0,0.0,0.0,0.0,0.0,Dog,6,"Male, sexually intact",Medium (11.4–22.3 kg or 25–49 lb),> 3 hrs,Conventional
587958-587949-62739573,Meat-based – raw,5.0,5.0,2.0,4.0,5.0,2.0,4.0,4.0,3.0,1.0,Healthy,2,Yes,0.0,0.0,0.0,0.0,0.0,1.0,Dog,1,"Female, sexually intact",Large (22.7–40.5 kg or 50–89 lb),30 – 60 mins,Raw
587958-587949-62740228,Meat-based – conventional,3.0,4.0,3.0,4.0,4.0,2.0,4.0,2.0,3.0,1.0,Generally healthy with minor or infrequent problems,1,Yes,0.0,0.0,0.0,0.0,0.0,0.0,Dog,4,"Female, spayed",Large (22.7–40.5 kg or 50–89 lb),30 – 60 mins,Conventional
587958-587949-62739844,Meat-based – conventional,4.0,4.0,2.0,5.0,3.0,1.0,2.0,4.0,5.0,5.0,Generally healthy with minor or infrequent problems,2,No,0.0,0.0,0.0,0.0,0.0,0.0,Dog,5,"Female, spayed",Large (22.7–40.5 kg or 50–89 lb),1 – 3 hrs,Conventional
587958-587949-62739056,Meat-based – raw,5.0,5.0,3.0,4.0,5.0,3.0,4.0,3.0,3.0,1.0,Generally healthy with minor or infrequent problems,2,Yes,0.0,0.0,0.0,0.0,0.0,0.0,Dog,10,"Female, spayed",Medium (11.4–22.3 kg or 25–49 lb),1 – 3 hrs,Raw
587958-587949-62740726,Meat-based – raw,5.0,2.0,2.0,2.0,2.0,2.0,4.0,2.0,3.0,2.0,Healthy,1,No,0.0,0.0,0.0,0.0,0.0,0.0,Dog,4,"Male, castrated",Small (4.5–10.9 kg or 10–24 lb),0 – 30 mins,Raw
587958-587949-62741292,Meat-based – conventional,2.0,4.0,1.0,1.0,4.0,1.0,1.0,4.0,4.0,1.0,Generally healthy with minor or infrequent problems,1,Yes,0.0,0.0,0.0,0.0,0.0,0.0,Dog,8,"Female, spayed",Large (22.7–40.5 kg or 50–89 lb),1 – 3 hrs,Conventional
587958-587949-62740735,Meat-based – raw,5.0,5.0,5.0,,5.0,,5.0,1.0,5.0,1.0,Healthy,0,No,0.0,0.0,0.0,0.0,0.0,0.0,Dog,6,"Male, castrated",Medium (11.4–22.3 kg or 25–49 lb),1 – 3 hrs,Raw
587958-587949-62740985,Meat-based – conventional,2.0,4.0,1.0,,1.0,1.0,3.0,4.0,3.0,1.0,Healthy,1,No,0.0,0.0,0.0,0.0,0.0,0.0,Dog,7,"Female, spayed",Large (22.7–40.5 kg or 50–89 lb),1 – 3 hrs,Conventional
587958-587949-62741302,Meat-based – conventional,5.0,5.0,5.0,5.0,3.0,2.0,5.0,1.0,4.0,3.0,Healthy,0,No,0.0,0.0,0.0,0.0,0.0,0.0,Dog,6,"Male, castrated",Giant (> 40.9 kg or > 90 lb),1 – 3 hrs,Conventional
587958-587949-62741675,Meat-based – raw,5.0,5.0,5.0,5.0,5.0,5.0,5.0,3.0,5.0,3.0,Healthy,0,No,0.0,0.0,0.0,0.0,0.0,0.0,Dog,3,"Male, sexually intact",Large (22.7–40.5 kg or 50–89 lb),1 – 3 hrs,Raw
587958-587949-62741555,Meat-based – raw,5.0,5.0,1.0,,1.0,1.0,5.0,1.0,5.0,1.0,Healthy,1,No,0.0,0.0,0.0,0.0,0.0,0.0,Dog,8,"Male, castrated",Giant (> 40.9 kg or > 90 lb),30 – 60 mins,Raw
587958-587949-62741591,Meat-based – raw,4.0,4.0,3.0,4.0,2.0,1.0,2.0,4.0,4.0,1.0,Healthy,1,No,0.0,0.0,0.0,0.0,0.0,0.0,Dog,7,"Female, sexually intact",Large (22.7–40.5 kg or 50–89 lb),> 3 hrs,Raw
587958-587949-62741622,Meat-based – raw,5.0,5.0,3.0,3.0,3.0,1.0,5.0,,,,Healthy,0,No,0.0,0.0,0.0,0.0,0.0,0.0,Dog,4,"Female, sexually intact",Medium (11.4–22.3 kg or 25–49 lb),1 – 3 hrs,Raw
587958-587949-62741817,Meat-based – conventional,5.0,5.0,2.0,5.0,2.0,2.0,5.0,2.0,4.0,1.0,Healthy,0,No,0.0,0.0,0.0,0.0,0.0,0.0,Dog,9,"Female, sexually intact",Large (22.7–40.5 kg or 50–89 lb),1 – 3 hrs,Conventional
587958-587949-62741635,Meat-based – conventional,5.0,5.0,2.0,5.0,4.0,2.0,5.0,2.0,2.0,1.0,Healthy,>3,Yes,0.0,0.0,0.0,0.0,0.0,0.0,Dog,3,"Female, spayed",Large (22.7–40.5 kg or 50–89 lb),1 – 3 hrs,Conventional
587958-587949-62741839,Meat-based – conventional,5.0,5.0,5.0,5.0,5.0,2.0,5.0,5.0,5.0,1.0,Healthy,1,No,0.0,0.0,0.0,0.0,0.0,0.0,Dog,3,"Female, sexually intact",Large (22.7–40.5 kg or 50–89 lb),1 – 3 hrs,Conventional
587958-587949-62741653,Meat-based – raw,5.0,5.0,4.0,4.0,4.0,1.0,5.0,2.0,2.0,1.0,Healthy,2,No,0.0,0.0,0.0,0.0,0.0,0.0,Dog,7,"Male, sexually intact",Large (22.7–40.5 kg or 50–89 lb),1 – 3 hrs,Raw
587958-587949-62741876,Meat-based – raw,5.0,5.0,1.0,5.0,5.0,1.0,5.0,1.0,1.0,1.0,Healthy,0,No,0.0,0.0,0.0,0.0,0.0,0.0,Dog,8,"Female, sexually intact",Large (22.7–40.5 kg or 50–89 lb),30 – 60 mins,Raw
587958-587949-62741879,Meat-based – conventional,2.0,4.0,2.0,4.0,4.0,4.0,1.0,4.0,3.0,1.0,Healthy,2,No,0.0,0.0,0.0,0.0,0.0,0.0,Dog,3,"Male, castrated",Large (22.7–40.5 kg or 50–89 lb),1 – 3 hrs,Conventional
587958-587949-62742113,Meat-based – conventional,5.0,5.0,3.0,5.0,5.0,3.0,4.0,1.0,4.0,1.0,Significant or frequent problems,>3,Yes,0.0,0.0,0.0,1.0,1.0,0.0,Dog,4,"Female, spayed",Large (22.7–40.5 kg or 50–89 lb),30 – 60 mins,Conventional
587958-587949-62742102,Meat-based – conventional,5.0,5.0,2.0,5.0,5.0,3.0,5.0,2.0,2.0,1.0,Healthy,0,No,0.0,0.0,0.0,0.0,0.0,0.0,Dog,2,"Male, sexually intact",Large (22.7–40.5 kg or 50–89 lb),1 – 3 hrs,Conventional
587958-587949-62742448,Meat-based – conventional,5.0,5.0,1.0,5.0,5.0,1.0,5.0,1.0,5.0,1.0,Healthy,1,No,0.0,0.0,0.0,0.0,0.0,0.0,Dog,2,"Male, castrated",Large (22.7–40.5 kg or 50–89 lb),30 – 60 mins,Conventional
587958-587949-62742424,Meat-based – conventional,2.0,3.0,2.0,2.0,3.0,2.0,2.0,2.0,2.0,2.0,Healthy,1,No,0.0,0.0,0.0,0.0,0.0,0.0,Dog,3,"Female, sexually intact",Large (22.7–40.5 kg or 50–89 lb),> 3 hrs,Conventional
587958-587949-62742821,Meat-based – conventional,5.0,5.0,2.0,2.0,2.0,5.0,5.0,4.0,2.0,2.0,Healthy,1,No,0.0,0.0,0.0,0.0,0.0,0.0,Dog,13,"Female, spayed",Large (22.7–40.5 kg or 50–89 lb),1 – 3 hrs,Conventional
587958-587949-62742918,Meat-based – conventional,5.0,5.0,4.0,4.0,2.0,2.0,4.0,2.0,4.0,2.0,Healthy,0,No,0.0,0.0,0.0,0.0,0.0,0.0,Dog,6,"Male, sexually intact",Large (22.7–40.5 kg or 50–89 lb),30 – 60 mins,Conventional
587958-587949-62743036,Meat-based – conventional,5.0,2.0,2.0,2.0,4.0,2.0,5.0,1.0,2.0,2.0,Significant or frequent problems,>3,Yes,0.0,0.0,0.0,0.0,0.0,0.0,Dog,6,"Male, castrated",Giant (> 40.9 kg or > 90 lb),30 – 60 mins,Conventional
587958-587949-62743304,Meat-based – conventional,5.0,4.0,2.0,2.0,2.0,2.0,5.0,1.0,5.0,3.0,Healthy,1,Yes,0.0,0.0,0.0,0.0,0.0,0.0,Dog,8,"Female, spayed",Medium (11.4–22.3 kg or 25–49 lb),30 – 60 mins,Conventional
587958-587949-62743356,Meat-based – conventional,5.0,5.0,2.0,2.0,2.0,1.0,5.0,1.0,4.0,1.0,Healthy,1,No,0.0,0.0,0.0,0.0,0.0,0.0,Dog,7,"Male, castrated",Large (22.7–40.5 kg or 50–89 lb),1 – 3 hrs,Conventional
587958-587949-62743387,Meat-based – raw,5.0,5.0,3.0,3.0,3.0,4.0,4.0,1.0,5.0,2.0,Healthy,0,No,0.0,0.0,0.0,0.0,0.0,0.0,Dog,15,"Female, spayed",Medium (11.4–22.3 kg or 25–49 lb),1 – 3 hrs,Raw
587958-587949-62743561,Meat-based – conventional,3.0,4.0,3.0,4.0,3.0,2.0,2.0,4.0,5.0,5.0,Healthy,1,No,0.0,0.0,0.0,0.0,0.0,0.0,Dog,2,"Female, sexually intact",Medium (11.4–22.3 kg or 25–49 lb),1 – 3 hrs,Conventional
587958-587949-62743482,Meat-based – conventional,5.0,2.0,2.0,4.0,2.0,1.0,2.0,4.0,5.0,1.0,Healthy,2,No,0.0,0.0,0.0,0.0,0.0,0.0,Dog,6,"Female, spayed",Medium (11.4–22.3 kg or 25–49 lb),30 – 60 mins,Conventional
587958-587949-62743756,Meat-based – raw,5.0,5.0,5.0,5.0,3.0,5.0,5.0,1.0,5.0,1.0,Generally healthy with minor or infrequent problems,Unsure,Yes,0.0,0.0,0.0,0.0,0.0,0.0,Dog,7,"Female, spayed",Large (22.7–40.5 kg or 50–89 lb),30 – 60 mins,Raw
587958-587949-62742578,Meat-based – raw,5.0,5.0,1.0,3.0,2.0,1.0,5.0,2.0,5.0,2.0,Healthy,1,No,0.0,0.0,0.0,0.0,0.0,0.0,Dog,4,"Male, sexually intact",Large (22.7–40.5 kg or 50–89 lb),30 – 60 mins,Raw
587958-587949-62744120,Meat-based – raw,5.0,5.0,2.0,2.0,2.0,2.0,2.0,5.0,5.0,1.0,Healthy,2,No,0.0,0.0,0.0,0.0,0.0,0.0,Dog,5,"Female, spayed",Large (22.7–40.5 kg or 50–89 lb),> 3 hrs,Raw
587958-587949-62744143,Meat-based – conventional,5.0,5.0,2.0,5.0,3.0,3.0,2.0,2.0,5.0,3.0,Seriously ill,>3,Yes,0.0,0.0,0.0,0.0,0.0,0.0,Dog,10,"Female, spayed",Medium (11.4–22.3 kg or 25–49 lb),0 – 30 mins,Conventional
587958-587949-62744188,Meat-based – raw,5.0,5.0,5.0,5.0,5.0,4.0,4.0,4.0,5.0,2.0,Healthy,1,No,0.0,0.0,0.0,1.0,0.0,0.0,Dog,7,"Female, spayed",Medium (11.4–22.3 kg or 25–49 lb),1 – 3 hrs,Raw
587958-587949-62744481,Meat-based – conventional,3.0,5.0,3.0,3.0,3.0,5.0,4.0,5.0,4.0,4.0,Healthy,2,No,0.0,0.0,0.0,0.0,0.0,0.0,Dog,5,"Male, castrated",Medium (11.4–22.3 kg or 25–49 lb),1 – 3 hrs,Conventional
587958-587949-62744331,Meat-based – conventional,5.0,5.0,1.0,5.0,3.0,4.0,5.0,4.0,5.0,3.0,Generally healthy with minor or infrequent problems,2,Yes,0.0,0.0,0.0,0.0,0.0,0.0,Dog,4,"Male, castrated",Medium (11.4–22.3 kg or 25–49 lb),1 – 3 hrs,Conventional
587958-587949-62744857,Meat-based – raw,3.0,3.0,3.0,4.0,3.0,3.0,3.0,4.0,4.0,1.0,Healthy,0,No,0.0,0.0,0.0,0.0,0.0,0.0,Dog,6,"Female, sexually intact",Large (22.7–40.5 kg or 50–89 lb),1 – 3 hrs,Raw
587958-587949-62744899,Meat-based – raw,4.0,4.0,2.0,2.0,4.0,2.0,3.0,3.0,3.0,1.0,Healthy,0,No,0.0,0.0,0.0,0.0,0.0,0.0,Dog,7,"Male, sexually intact",Large (22.7–40.5 kg or 50–89 lb),30 – 60 mins,Raw
587958-587949-62744936,Meat-based – raw,5.0,5.0,2.0,5.0,2.0,2.0,5.0,1.0,5.0,1.0,Healthy,0,No,0.0,0.0,0.0,0.0,0.0,0.0,Dog,4,"Female, sexually intact",Large (22.7–40.5 kg or 50–89 lb),1 – 3 hrs,Raw
587958-587949-62744993,Meat-based – conventional,5.0,5.0,1.0,3.0,5.0,1.0,5.0,1.0,5.0,1.0,Healthy,0,No,0.0,0.0,0.0,0.0,0.0,0.0,Dog,4,"Female, sexually intact",Large (22.7–40.5 kg or 50–89 lb),1 – 3 hrs,Conventional
587958-587949-62745073,Meat-based – conventional,3.0,4.0,3.0,3.0,3.0,3.0,3.0,3.0,3.0,3.0,Healthy,0,No,0.0,0.0,0.0,0.0,0.0,0.0,Dog,10,"Male, sexually intact",Large (22.7–40.5 kg or 50–89 lb),30 – 60 mins,Conventional
587958-587949-62745519,Meat-based – conventional,3.0,4.0,4.0,3.0,3.0,3.0,2.0,4.0,2.0,1.0,Healthy,1,Yes,0.0,0.0,0.0,0.0,0.0,0.0,Dog,3,"Female, spayed",Toy (≤ 4.1 kg or ≤ 9 lb),1 – 3 hrs,Conventional
587958-587949-62745314,Meat-based – raw,5.0,5.0,5.0,5.0,5.0,1.0,2.0,3.0,3.0,2.0,Healthy,2,Yes,0.0,0.0,0.0,0.0,0.0,0.0,Dog,3,"Female, spayed",Large (22.7–40.5 kg or 50–89 lb),30 – 60 mins,Raw
587958-587949-62745828,Meat-based – conventional,5.0,5.0,5.0,5.0,2.0,2.0,5.0,2.0,5.0,2.0,Generally healthy with minor or infrequent problems,>3,Yes,0.0,0.0,0.0,0.0,0.0,0.0,Dog,9,"Male, castrated",Large (22.7–40.5 kg or 50–89 lb),30 – 60 mins,Conventional
587958-587949-62745805,Meat-based – conventional,4.0,4.0,1.0,5.0,5.0,1.0,4.0,2.0,5.0,2.0,Healthy,2,No,0.0,0.0,0.0,0.0,0.0,0.0,Dog,3,"Female, spayed",Medium (11.4–22.3 kg or 25–49 lb),1 – 3 hrs,Conventional
587958-587949-62745770,Meat-based – conventional,3.0,4.0,1.0,3.0,2.0,1.0,2.0,4.0,3.0,1.0,Healthy,1,Yes,0.0,0.0,0.0,0.0,0.0,0.0,Dog,1,"Male, sexually intact",Large (22.7–40.5 kg or 50–89 lb),1 – 3 hrs,Conventional
587958-587949-62745937,Meat-based – raw,5.0,5.0,3.0,5.0,5.0,5.0,5.0,1.0,5.0,1.0,Generally healthy with minor or infrequent problems,1,No,0.0,0.0,0.0,0.0,0.0,0.0,Dog,8,"Male, castrated",Large (22.7–40.5 kg or 50–89 lb),30 – 60 mins,Raw
587958-587949-62746541,Meat-based – conventional,3.0,3.0,2.0,4.0,2.0,2.0,4.0,4.0,2.0,2.0,Healthy,1,No,0.0,0.0,0.0,0.0,0.0,0.0,Dog,6,"Male, castrated",Medium (11.4–22.3 kg or 25–49 lb),1 – 3 hrs,Conventional
587958-587949-62746542,Meat-based – conventional,2.0,2.0,2.0,2.0,2.0,2.0,2.0,4.0,2.0,2.0,Healthy,0,No,0.0,0.0,0.0,0.0,0.0,0.0,Dog,2,"Male, sexually intact",Large (22.7–40.5 kg or 50–89 lb),1 – 3 hrs,Conventional
587958-587949-62746429,Meat-based – conventional,1.0,1.0,1.0,4.0,1.0,1.0,1.0,5.0,1.0,2.0,Generally healthy with minor or infrequent problems,1,Yes,0.0,0.0,0.0,0.0,0.0,0.0,Dog,10,"Male, castrated",Small (4.5–10.9 kg or 10–24 lb),30 – 60 mins,Conventional
587958-587949-62746814,Meat-based – conventional,4.0,4.0,2.0,4.0,2.0,2.0,4.0,2.0,4.0,2.0,Healthy,1,Yes,0.0,0.0,0.0,0.0,0.0,0.0,Dog,4,"Female, spayed",Medium (11.4–22.3 kg or 25–49 lb),30 – 60 mins,Conventional
587958-587949-62747019,Meat-based – raw,5.0,5.0,5.0,5.0,5.0,5.0,5.0,5.0,5.0,2.0,Healthy,1,No,0.0,0.0,0.0,0.0,0.0,0.0,Dog,5,"Female, sexually intact",Large (22.7–40.5 kg or 50–89 lb),1 – 3 hrs,Raw
587958-587949-62746697,Meat-based – raw,5.0,5.0,2.0,4.0,3.0,2.0,5.0,2.0,4.0,2.0,Healthy,1,No,0.0,0.0,0.0,0.0,0.0,0.0,Dog,5,"Female, spayed",Large (22.7–40.5 kg or 50–89 lb),> 3 hrs,Raw
587958-587949-62744041,Meat-based – conventional,3.0,3.0,3.0,3.0,3.0,3.0,3.0,4.0,2.0,4.0,Significant or frequent problems,>3,Yes,0.0,0.0,0.0,0.0,0.0,0.0,Dog,7,"Female, spayed",Large (22.7–40.5 kg or 50–89 lb),1 – 3 hrs,Conventional
587958-587949-62747302,Meat-based – conventional,5.0,5.0,5.0,4.0,2.0,5.0,5.0,1.0,5.0,2.0,Generally healthy with minor or infrequent problems,3,Yes,0.0,0.0,0.0,0.0,0.0,0.0,Dog,4,"Male, castrated",Small (4.5–10.9 kg or 10–24 lb),30 – 60 mins,Conventional
587958-587949-62747111,Meat-based – conventional,5.0,3.0,5.0,3.0,1.0,1.0,5.0,1.0,5.0,2.0,Significant or frequent problems,>3,Yes,0.0,0.0,0.0,0.0,0.0,0.0,Dog,15,"Female, spayed",Medium (11.4–22.3 kg or 25–49 lb),1 – 3 hrs,Conventional
587958-587949-62747428,Meat-based – conventional,5.0,5.0,3.0,3.0,3.0,3.0,3.0,4.0,3.0,1.0,Generally healthy with minor or infrequent problems,>3,Yes,0.0,0.0,0.0,0.0,0.0,0.0,Dog,7,"Male, sexually intact",Medium (11.4–22.3 kg or 25–49 lb),> 3 hrs,Conventional
587958-587949-62747483,Meat-based – conventional,3.0,3.0,1.0,3.0,3.0,4.0,1.0,4.0,4.0,1.0,Healthy,1,Yes,0.0,0.0,0.0,0.0,0.0,0.0,Dog,9,"Male, sexually intact",Large (22.7–40.5 kg or 50–89 lb),30 – 60 mins,Conventional
587958-587949-62747765,Meat-based – conventional,4.0,4.0,5.0,4.0,2.0,1.0,2.0,2.0,2.0,2.0,Healthy,1,No,0.0,1.0,0.0,0.0,0.0,0.0,Dog,3,"Male, castrated",Small (4.5–10.9 kg or 10–24 lb),1 – 3 hrs,Conventional
587958-587949-62747836,Meat-based – raw,4.0,4.0,3.0,5.0,3.0,3.0,3.0,4.0,4.0,,Healthy,0,No,0.0,0.0,0.0,0.0,0.0,0.0,Dog,6,"Female, sexually intact",Large (22.7–40.5 kg or 50–89 lb),0 – 30 mins,Raw
587958-587949-62747726,Meat-based – conventional,5.0,5.0,2.0,2.0,2.0,2.0,4.0,4.0,3.0,5.0,Generally healthy with minor or infrequent problems,1,Yes,0.0,0.0,0.0,0.0,0.0,0.0,Dog,8,"Male, castrated",Medium (11.4–22.3 kg or 25–49 lb),1 – 3 hrs,Conventional
587958-587949-62746973,Meat-based – conventional,3.0,3.0,3.0,3.0,2.0,2.0,3.0,4.0,2.0,,Healthy,1,No,0.0,0.0,0.0,0.0,0.0,0.0,Dog,3,"Female, spayed",Small (4.5–10.9 kg or 10–24 lb),1 – 3 hrs,Conventional
587958-587949-62747706,Meat-based – raw,4.0,4.0,2.0,3.0,3.0,1.0,4.0,2.0,4.0,2.0,Healthy,0,No,0.0,0.0,0.0,0.0,0.0,0.0,Dog,3,"Female, sexually intact",Medium (11.4–22.3 kg or 25–49 lb),1 – 3 hrs,Raw
587958-587949-62748073,Meat-based – raw,4.0,5.0,2.0,3.0,4.0,2.0,2.0,2.0,5.0,1.0,Generally healthy with minor or infrequent problems,3,Yes,0.0,0.0,0.0,0.0,0.0,0.0,Dog,3,"Female, sexually intact",Medium (11.4–22.3 kg or 25–49 lb),1 – 3 hrs,Raw
587958-587949-62748405,Meat-based – conventional,4.0,4.0,2.0,5.0,2.0,2.0,3.0,2.0,2.0,2.0,Healthy,2,Yes,0.0,0.0,0.0,0.0,0.0,0.0,Dog,2,"Male, castrated",Medium (11.4–22.3 kg or 25–49 lb),1 – 3 hrs,Conventional
587958-587949-62748562,Meat-based – conventional,5.0,5.0,3.0,3.0,5.0,3.0,5.0,1.0,3.0,1.0,Healthy,1,No,0.0,0.0,0.0,0.0,0.0,0.0,Dog,3,"Female, sexually intact",Large (22.7–40.5 kg or 50–89 lb),1 – 3 hrs,Conventional
587958-587949-62748468,Meat-based – conventional,4.0,5.0,5.0,3.0,5.0,5.0,5.0,1.0,3.0,1.0,Healthy,0,No,0.0,0.0,0.0,0.0,0.0,0.0,Dog,1,"Male, sexually intact",Medium (11.4–22.3 kg or 25–49 lb),1 – 3 hrs,Conventional
587958-587949-62748835,Meat-based – raw,4.0,3.0,2.0,4.0,2.0,2.0,2.0,4.0,4.0,3.0,Healthy,0,No,0.0,0.0,0.0,0.0,0.0,0.0,Dog,5,"Male, sexually intact",Medium (11.4–22.3 kg or 25–49 lb),1 – 3 hrs,Raw
587958-587949-62749039,Meat-based – conventional,5.0,5.0,3.0,3.0,2.0,3.0,5.0,5.0,5.0,2.0,Healthy,0,No,0.0,0.0,0.0,0.0,0.0,0.0,Dog,2,"Female, spayed",Large (22.7–40.5 kg or 50–89 lb),30 – 60 mins,Conventional
587958-587949-62748976,Meat-based – conventional,1.0,1.0,1.0,1.0,1.0,1.0,1.0,4.0,3.0,1.0,Generally healthy with minor or infrequent problems,>3,Yes,0.0,0.0,0.0,0.0,0.0,0.0,Dog,10,"Male, castrated",Small (4.5–10.9 kg or 10–24 lb),30 – 60 mins,Conventional
587958-587949-62748698,Meat-based – raw,5.0,5.0,2.0,3.0,4.0,5.0,5.0,1.0,5.0,4.0,Healthy,1,No,0.0,0.0,0.0,0.0,0.0,0.0,Dog,4,"Female, sexually intact",Large (22.7–40.5 kg or 50–89 lb),> 3 hrs,Raw
587958-587949-62748861,Meat-based – raw,5.0,5.0,1.0,3.0,5.0,1.0,5.0,1.0,1.0,1.0,Healthy,1,Yes,0.0,0.0,0.0,0.0,0.0,0.0,Dog,8,"Male, sexually intact",Medium (11.4–22.3 kg or 25–49 lb),30 – 60 mins,Raw
587958-587949-62748857,Meat-based – conventional,3.0,4.0,1.0,1.0,1.0,1.0,1.0,4.0,1.0,1.0,Healthy,2,Yes,0.0,0.0,0.0,0.0,0.0,0.0,Dog,4,"Male, sexually intact",Large (22.7–40.5 kg or 50–89 lb),1 – 3 hrs,Conventional
587958-587949-62749265,Meat-based – conventional,5.0,5.0,5.0,5.0,3.0,3.0,5.0,2.0,4.0,1.0,Generally healthy with minor or infrequent problems,>3,Yes,0.0,0.0,0.0,0.0,0.0,0.0,Dog,12,"Male, castrated",Large (22.7–40.5 kg or 50–89 lb),1 – 3 hrs,Conventional
587958-587949-62749291,Meat-based – conventional,3.0,4.0,2.0,4.0,2.0,2.0,2.0,4.0,1.0,1.0,Significant or frequent problems,1,No,0.0,0.0,0.0,0.0,0.0,1.0,Dog,11,"Female, spayed",Large (22.7–40.5 kg or 50–89 lb),30 – 60 mins,Conventional
587958-587949-62748246,Meat-based – raw,3.0,5.0,3.0,4.0,4.0,1.0,2.0,4.0,4.0,1.0,Healthy,0,No,0.0,0.0,0.0,0.0,0.0,0.0,Dog,4,"Male, sexually intact",Large (22.7–40.5 kg or 50–89 lb),30 – 60 mins,Raw
587958-587949-62748413,Meat-based – conventional,2.0,2.0,2.0,2.0,2.0,2.0,2.0,5.0,2.0,2.0,Generally healthy with minor or infrequent problems,1,No,0.0,0.0,0.0,0.0,0.0,0.0,Dog,7,"Female, spayed",Medium (11.4–22.3 kg or 25–49 lb),30 – 60 mins,Conventional
587958-587949-62749494,Meat-based – conventional,3.0,4.0,2.0,4.0,2.0,2.0,2.0,4.0,4.0,3.0,Generally healthy with minor or infrequent problems,0,No,0.0,0.0,0.0,0.0,0.0,0.0,Dog,9,"Female, spayed",Large (22.7–40.5 kg or 50–89 lb),1 – 3 hrs,Conventional
587958-587949-62749531,Meat-based – conventional,2.0,2.0,2.0,1.0,1.0,1.0,2.0,4.0,1.0,1.0,Healthy,1,No,0.0,0.0,0.0,0.0,0.0,0.0,Dog,1,"Female, spayed",Small (4.5–10.9 kg or 10–24 lb),30 – 60 mins,Conventional
587958-587949-62749980,Meat-based – raw,5.0,5.0,5.0,5.0,2.0,1.0,5.0,1.0,5.0,1.0,Healthy,0,No,0.0,0.0,0.0,0.0,0.0,0.0,Dog,3,"Female, sexually intact",Large (22.7–40.5 kg or 50–89 lb),1 – 3 hrs,Raw
587958-587949-62750119,Meat-based – conventional,5.0,5.0,1.0,1.0,5.0,1.0,5.0,1.0,5.0,1.0,Healthy,0,No,0.0,0.0,0.0,0.0,0.0,0.0,Dog,1,"Female, sexually intact",Medium (11.4–22.3 kg or 25–49 lb),0 – 30 mins,Conventional
587958-587949-62750029,Meat-based – conventional,4.0,4.0,2.0,3.0,3.0,2.0,3.0,4.0,3.0,2.0,Healthy,3,Yes,0.0,0.0,0.0,0.0,0.0,0.0,Dog,8,"Female, spayed",Large (22.7–40.5 kg or 50–89 lb),1 – 3 hrs,Conventional
587958-587949-62749894,Meat-based – conventional,5.0,5.0,2.0,4.0,5.0,2.0,2.0,2.0,2.0,2.0,Generally healthy with minor or infrequent problems,1,Yes,0.0,0.0,0.0,0.0,0.0,0.0,Dog,8,"Female, spayed",Large (22.7–40.5 kg or 50–89 lb),30 – 60 mins,Conventional
587958-587949-62749909,Meat-based – raw,3.0,3.0,2.0,3.0,4.0,2.0,3.0,4.0,4.0,2.0,Generally healthy with minor or infrequent problems,1,Yes,0.0,0.0,0.0,0.0,0.0,0.0,Dog,3,"Male, castrated",Large (22.7–40.5 kg or 50–89 lb),> 3 hrs,Raw
587958-587949-62750091,Meat-based – conventional,4.0,5.0,2.0,4.0,2.0,4.0,2.0,2.0,1.0,1.0,Healthy,1,No,0.0,0.0,0.0,0.0,0.0,0.0,Dog,2,"Female, sexually intact",Large (22.7–40.5 kg or 50–89 lb),1 – 3 hrs,Conventional
587958-587949-62750336,Meat-based – conventional,4.0,4.0,2.0,2.0,2.0,2.0,3.0,4.0,2.0,1.0,Healthy,1,No,0.0,0.0,0.0,0.0,0.0,0.0,Dog,3,"Male, castrated",Medium (11.4–22.3 kg or 25–49 lb),1 – 3 hrs,Conventional
587958-587949-62750747,Meat-based – raw,5.0,5.0,5.0,,1.0,2.0,5.0,1.0,3.0,1.0,Healthy,0,No,0.0,0.0,0.0,0.0,0.0,0.0,Dog,6,"Male, castrated",Small (4.5–10.9 kg or 10–24 lb),1 – 3 hrs,Raw
587958-587949-62750487,Meat-based – conventional,4.0,3.0,1.0,1.0,1.0,1.0,1.0,4.0,4.0,,Healthy,3,Yes,0.0,0.0,0.0,0.0,0.0,0.0,Dog,9,"Female, spayed",Small (4.5–10.9 kg or 10–24 lb),1 – 3 hrs,Conventional
587958-587949-62750806,Meat-based – conventional,5.0,5.0,4.0,5.0,1.0,2.0,5.0,4.0,4.0,2.0,Healthy,1,Yes,0.0,0.0,0.0,0.0,0.0,0.0,Dog,8,"Male, castrated",Small (4.5–10.9 kg or 10–24 lb),1 – 3 hrs,Conventional
587958-587949-62750639,Meat-based – conventional,2.0,2.0,2.0,2.0,2.0,2.0,2.0,4.0,2.0,2.0,Healthy,>3,Yes,0.0,0.0,0.0,0.0,0.0,0.0,Dog,11,"Female, spayed",Small (4.5–10.9 kg or 10–24 lb),> 3 hrs,Conventional
587958-587949-62751178,Meat-based – conventional,5.0,5.0,5.0,5.0,3.0,5.0,5.0,1.0,5.0,4.0,Generally healthy with minor or infrequent problems,2,Yes,0.0,0.0,0.0,0.0,0.0,0.0,Dog,2,"Male, castrated",Large (22.7–40.5 kg or 50–89 lb),30 – 60 mins,Conventional
587958-587949-62751150,Meat-based – raw,4.0,4.0,4.0,5.0,3.0,1.0,2.0,4.0,3.0,4.0,Healthy,3,No,0.0,0.0,0.0,0.0,0.0,0.0,Dog,1,"Female, spayed",Medium (11.4–22.3 kg or 25–49 lb),30 – 60 mins,Raw
587958-587949-62751258,Meat-based – conventional,4.0,4.0,2.0,4.0,,2.0,4.0,2.0,2.0,2.0,Healthy,1,No,0.0,0.0,0.0,0.0,0.0,0.0,Dog,5,"Female, spayed",Large (22.7–40.5 kg or 50–89 lb),1 – 3 hrs,Conventional
587958-587949-62751385,Meat-based – conventional,4.0,4.0,2.0,3.0,3.0,2.0,2.0,4.0,2.0,4.0,Healthy,1,Yes,0.0,0.0,0.0,0.0,0.0,0.0,Dog,10,"Male, castrated",Small (4.5–10.9 kg or 10–24 lb),1 – 3 hrs,Conventional
587958-587949-62751610,Meat-based – raw,5.0,5.0,2.0,5.0,5.0,1.0,4.0,3.0,5.0,2.0,Generally healthy with minor or infrequent problems,0,No,0.0,0.0,0.0,0.0,0.0,0.0,Dog,2,"Female, sexually intact",Large (22.7–40.5 kg or 50–89 lb),1 – 3 hrs,Raw
587958-587949-62751853,Meat-based – raw,2.0,2.0,2.0,4.0,2.0,2.0,2.0,4.0,3.0,2.0,Healthy,1,No,0.0,0.0,0.0,0.0,0.0,0.0,Dog,6,"Male, castrated",Small (4.5–10.9 kg or 10–24 lb),> 3 hrs,Raw
587958-587949-62752016,Meat-based – raw,4.0,4.0,1.0,,4.0,4.0,2.0,5.0,4.0,1.0,Healthy,1,No,0.0,0.0,0.0,0.0,0.0,0.0,Dog,7,"Male, castrated",Medium (11.4–22.3 kg or 25–49 lb),1 – 3 hrs,Raw
587958-587949-62752482,Meat-based – conventional,2.0,2.0,2.0,3.0,2.0,2.0,2.0,5.0,2.0,1.0,Generally healthy with minor or infrequent problems,2,Yes,0.0,0.0,0.0,0.0,1.0,0.0,Dog,2,"Male, sexually intact",Large (22.7–40.5 kg or 50–89 lb),1 – 3 hrs,Conventional
587958-587949-62752585,Meat-based – raw,5.0,5.0,5.0,5.0,5.0,4.0,4.0,3.0,5.0,2.0,Generally healthy with minor or infrequent problems,1,Yes,0.0,0.0,0.0,0.0,0.0,0.0,Dog,7,"Female, spayed",Medium (11.4–22.3 kg or 25–49 lb),1 – 3 hrs,Raw
587958-587949-62752595,Meat-based – raw,4.0,4.0,1.0,3.0,3.0,1.0,4.0,1.0,3.0,1.0,Healthy,1,No,0.0,0.0,0.0,0.0,0.0,0.0,Dog,8,"Male, sexually intact",Large (22.7–40.5 kg or 50–89 lb),30 – 60 mins,Raw
587958-587949-62753013,Meat-based – conventional,2.0,4.0,2.0,2.0,2.0,2.0,1.0,2.0,4.0,2.0,Generally healthy with minor or infrequent problems,1,No,0.0,0.0,0.0,0.0,0.0,0.0,Dog,2,"Female, sexually intact",Medium (11.4–22.3 kg or 25–49 lb),> 3 hrs,Conventional
587958-587949-62755830,Meat-based – conventional,5.0,2.0,1.0,5.0,3.0,1.0,5.0,1.0,1.0,1.0,Healthy,3,No,0.0,0.0,0.0,0.0,0.0,0.0,Dog,8,"Male, castrated",Medium (11.4–22.3 kg or 25–49 lb),1 – 3 hrs,Conventional
587958-587949-62757749,Meat-based – raw,5.0,5.0,2.0,5.0,3.0,1.0,5.0,1.0,5.0,1.0,Generally healthy with minor or infrequent problems,3,Yes,0.0,0.0,0.0,0.0,1.0,1.0,Dog,4,"Male, castrated",Medium (11.4–22.3 kg or 25–49 lb),30 – 60 mins,Raw
587958-587949-62758401,Meat-based – raw,4.0,4.0,3.0,4.0,4.0,3.0,3.0,4.0,2.0,2.0,Healthy,1,No,0.0,0.0,0.0,0.0,0.0,0.0,Dog,4,"Male, castrated",Medium (11.4–22.3 kg or 25–49 lb),30 – 60 mins,Raw
587958-587949-62752960,Meat-based – conventional,3.0,4.0,2.0,4.0,2.0,2.0,2.0,4.0,2.0,2.0,Healthy,1,No,0.0,0.0,0.0,0.0,0.0,0.0,Dog,6,"Male, castrated",Medium (11.4–22.3 kg or 25–49 lb),1 – 3 hrs,Conventional
587958-587949-62760981,Meat-based – conventional,4.0,3.0,2.0,4.0,3.0,2.0,4.0,2.0,2.0,2.0,Healthy,1,Yes,0.0,0.0,0.0,0.0,0.0,0.0,Dog,4,"Male, castrated",Giant (> 40.9 kg or > 90 lb),1 – 3 hrs,Conventional
587958-587949-62704308,Meat-based – conventional,5.0,5.0,3.0,4.0,3.0,2.0,5.0,3.0,3.0,1.0,Generally healthy with minor or infrequent problems,>3,Yes,0.0,1.0,0.0,0.0,0.0,0.0,Dog,9,"Male, castrated",Small (4.5–10.9 kg or 10–24 lb),1 – 3 hrs,Conventional
587958-587949-62767968,Meat-based – conventional,5.0,5.0,3.0,4.0,3.0,3.0,5.0,4.0,5.0,3.0,Generally healthy with minor or infrequent problems,1,Yes,0.0,0.0,0.0,0.0,0.0,0.0,Dog,Unsure,"Male, castrated",Large (22.7–40.5 kg or 50–89 lb),30 – 60 mins,Conventional
587958-587949-62770635,Meat-based – conventional,5.0,4.0,3.0,4.0,2.0,1.0,2.0,4.0,4.0,2.0,Healthy,1,No,0.0,0.0,0.0,0.0,0.0,0.0,Dog,2,"Female, sexually intact",Large (22.7–40.5 kg or 50–89 lb),1 – 3 hrs,Conventional
587958-587949-62769733,Meat-based – conventional,5.0,5.0,2.0,5.0,5.0,1.0,4.0,2.0,4.0,1.0,Healthy,1,No,0.0,0.0,0.0,0.0,0.0,0.0,Dog,13,"Female, spayed",Medium (11.4–22.3 kg or 25–49 lb),30 – 60 mins,Conventional
587958-587949-62774068,Meat-based – raw,4.0,5.0,2.0,3.0,2.0,1.0,4.0,5.0,3.0,1.0,Healthy,0,No,0.0,0.0,0.0,0.0,0.0,0.0,Dog,6,"Male, castrated",Large (22.7–40.5 kg or 50–89 lb),1 – 3 hrs,Raw
587958-587949-62775851,Meat-based – conventional,5.0,5.0,4.0,5.0,5.0,5.0,5.0,3.0,5.0,4.0,Healthy,1,No,0.0,0.0,0.0,0.0,0.0,0.0,Dog,7,"Male, castrated",Large (22.7–40.5 kg or 50–89 lb),1 – 3 hrs,Conventional
587958-587949-62780241,Meat-based – conventional,5.0,5.0,2.0,5.0,3.0,4.0,5.0,1.0,5.0,4.0,Healthy,0,No,0.0,0.0,0.0,0.0,0.0,0.0,Dog,1,"Female, sexually intact",Medium (11.4–22.3 kg or 25–49 lb),> 3 hrs,Conventional
587958-587949-62784497,Meat-based – conventional,5.0,5.0,1.0,3.0,3.0,4.0,4.0,2.0,3.0,1.0,Generally healthy with minor or infrequent problems,>3,Yes,0.0,1.0,1.0,0.0,1.0,0.0,Dog,6,"Male, castrated",Medium (11.4–22.3 kg or 25–49 lb),1 – 3 hrs,Conventional
587958-587949-62804813,Meat-based – raw,5.0,5.0,2.0,5.0,5.0,3.0,5.0,4.0,5.0,1.0,Healthy,1,No,0.0,0.0,0.0,0.0,0.0,0.0,Dog,3,"Female, sexually intact",Large (22.7–40.5 kg or 50–89 lb),1 – 3 hrs,Raw
587958-587949-62805720,Meat-based – conventional,5.0,4.0,2.0,2.0,3.0,2.0,4.0,1.0,2.0,2.0,Generally healthy with minor or infrequent problems,0,No,0.0,0.0,0.0,0.0,0.0,0.0,Dog,4,"Female, spayed",Medium (11.4–22.3 kg or 25–49 lb),1 – 3 hrs,Conventional
587958-587949-62807171,Meat-based – conventional,5.0,5.0,2.0,4.0,5.0,1.0,5.0,1.0,5.0,,Healthy,2,No,0.0,0.0,0.0,0.0,0.0,0.0,Dog,1,"Male, sexually intact",Large (22.7–40.5 kg or 50–89 lb),1 – 3 hrs,Conventional
587958-587949-62807227,Meat-based – conventional,5.0,5.0,1.0,1.0,1.0,4.0,4.0,1.0,3.0,1.0,Healthy,2,Yes,0.0,0.0,0.0,0.0,0.0,0.0,Dog,13,"Male, sexually intact",Large (22.7–40.5 kg or 50–89 lb),1 – 3 hrs,Conventional
587958-587949-62809178,Meat-based – conventional,5.0,5.0,2.0,5.0,2.0,2.0,5.0,4.0,5.0,2.0,Healthy,1,No,0.0,0.0,0.0,0.0,0.0,0.0,Dog,10,"Female, spayed",Medium (11.4–22.3 kg or 25–49 lb),30 – 60 mins,Conventional
587958-587949-62818881,Meat-based – raw,4.0,4.0,2.0,4.0,4.0,2.0,3.0,4.0,3.0,3.0,Generally healthy with minor or infrequent problems,3,Yes,0.0,0.0,0.0,0.0,0.0,0.0,Dog,9,"Male, sexually intact",Large (22.7–40.5 kg or 50–89 lb),1 – 3 hrs,Raw
587958-587949-62824036,Meat-based – raw,5.0,5.0,5.0,5.0,5.0,5.0,3.0,5.0,1.0,3.0,Healthy,1,No,0.0,0.0,0.0,0.0,0.0,0.0,Dog,4,"Male, castrated",Large (22.7–40.5 kg or 50–89 lb),1 – 3 hrs,Raw
587958-587949-62826931,Meat-based – conventional,4.0,5.0,4.0,4.0,1.0,1.0,3.0,1.0,4.0,3.0,Generally healthy with minor or infrequent problems,>3,Yes,1.0,0.0,0.0,0.0,0.0,0.0,Dog,7,"Male, castrated",Medium (11.4–22.3 kg or 25–49 lb),1 – 3 hrs,Conventional
587958-587949-62827489,Meat-based – conventional,5.0,4.0,5.0,,2.0,4.0,4.0,4.0,5.0,1.0,Generally healthy with minor or infrequent problems,2,Yes,0.0,0.0,0.0,0.0,0.0,0.0,Dog,4,"Male, castrated",Medium (11.4–22.3 kg or 25–49 lb),1 – 3 hrs,Conventional
587958-587949-62828947,Meat-based – conventional,4.0,4.0,4.0,3.0,1.0,1.0,4.0,1.0,3.0,1.0,Healthy,2,No,0.0,0.0,0.0,0.0,0.0,0.0,Dog,3,"Female, spayed",Small (4.5–10.9 kg or 10–24 lb),> 3 hrs,Conventional
587958-587949-62830365,Meat-based – raw,5.0,5.0,5.0,5.0,4.0,3.0,5.0,3.0,5.0,1.0,Healthy,0,No,0.0,0.0,0.0,0.0,0.0,0.0,Dog,2,"Female, spayed",Medium (11.4–22.3 kg or 25–49 lb),30 – 60 mins,Raw
587958-587949-62830467,Meat-based – conventional,2.0,1.0,1.0,1.0,1.0,1.0,1.0,5.0,1.0,1.0,Significant or frequent problems,>3,Yes,0.0,0.0,1.0,0.0,1.0,0.0,Dog,2,"Female, spayed",Toy (≤ 4.1 kg or ≤ 9 lb),1 – 3 hrs,Conventional
587958-587949-62830683,Vegan (consuming no animal products),5.0,5.0,2.0,3.0,2.0,2.0,4.0,1.0,4.0,4.0,Healthy,0,No,0.0,0.0,0.0,0.0,0.0,0.0,Dog,13,"Female, spayed",Medium (11.4–22.3 kg or 25–49 lb),1 – 3 hrs,Vegan
587958-587949-62830975,Meat-based – conventional,5.0,5.0,5.0,3.0,2.0,5.0,5.0,2.0,5.0,1.0,Generally healthy with minor or infrequent problems,1,No,0.0,0.0,0.0,0.0,0.0,0.0,Dog,3,"Female, spayed",Medium (11.4–22.3 kg or 25–49 lb),0 – 30 mins,Conventional
587958-587949-62830954,Meat-based – conventional,1.0,3.0,1.0,3.0,3.0,1.0,1.0,5.0,1.0,1.0,Healthy,2,No,0.0,0.0,0.0,0.0,0.0,0.0,Dog,8,"Male, castrated",Large (22.7–40.5 kg or 50–89 lb),1 – 3 hrs,Conventional
587958-587949-62833870,Meat-based – conventional,2.0,2.0,2.0,2.0,2.0,3.0,2.0,5.0,4.0,4.0,Healthy,0,No,0.0,0.0,0.0,0.0,0.0,0.0,Dog,10,"Male, castrated",Small (4.5–10.9 kg or 10–24 lb),> 3 hrs,Conventional
587958-587949-62834994,Meat-based – conventional,4.0,5.0,2.0,1.0,1.0,2.0,4.0,3.0,5.0,2.0,Generally healthy with minor or infrequent problems,0,No,0.0,0.0,0.0,0.0,0.0,0.0,Dog,9,"Male, castrated",Small (4.5–10.9 kg or 10–24 lb),30 – 60 mins,Conventional
587958-587949-62843493,Meat-based – conventional,5.0,5.0,2.0,5.0,5.0,2.0,5.0,2.0,5.0,2.0,Healthy,>3,Yes,0.0,0.0,0.0,0.0,0.0,0.0,Dog,2,"Male, castrated",Large (22.7–40.5 kg or 50–89 lb),30 – 60 mins,Conventional
587958-587949-62850044,Meat-based – raw,5.0,5.0,2.0,1.0,2.0,1.0,3.0,3.0,5.0,5.0,Generally healthy with minor or infrequent problems,1,Yes,0.0,0.0,0.0,0.0,0.0,0.0,Dog,5,"Male, castrated",Medium (11.4–22.3 kg or 25–49 lb),30 – 60 mins,Raw
587958-587949-62861883,Meat-based – conventional,5.0,5.0,5.0,5.0,5.0,3.0,5.0,2.0,2.0,1.0,Healthy,1,No,0.0,0.0,0.0,0.0,0.0,0.0,Dog,3,"Male, castrated",Large (22.7–40.5 kg or 50–89 lb),0 – 30 mins,Conventional
587958-587949-62880645,Meat-based – conventional,4.0,5.0,3.0,4.0,3.0,3.0,4.0,5.0,3.0,4.0,Significant or frequent problems,3,Yes,0.0,0.0,0.0,0.0,0.0,0.0,Dog,12,"Male, castrated",Medium (11.4–22.3 kg or 25–49 lb),30 – 60 mins,Conventional
587958-587949-62891762,Meat-based – conventional,3.0,4.0,2.0,2.0,2.0,2.0,3.0,2.0,3.0,1.0,Healthy,2,No,0.0,0.0,0.0,0.0,0.0,0.0,Dog,6,"Female, spayed",Small (4.5–10.9 kg or 10–24 lb),1 – 3 hrs,Conventional
587958-587949-62891417,Meat-based – raw,3.0,2.0,1.0,,3.0,2.0,4.0,4.0,3.0,2.0,Generally healthy with minor or infrequent problems,1,Yes,0.0,0.0,0.0,0.0,0.0,0.0,Dog,6,"Male, castrated",Medium (11.4–22.3 kg or 25–49 lb),30 – 60 mins,Raw
587958-587949-62903811,Meat-based – raw,3.0,3.0,1.0,2.0,1.0,1.0,1.0,5.0,3.0,1.0,Healthy,>3,No,0.0,0.0,0.0,0.0,0.0,0.0,Dog,2,"Male, castrated",Medium (11.4–22.3 kg or 25–49 lb),1 – 3 hrs,Raw
587958-587949-62904131,Meat-based – raw,5.0,5.0,5.0,5.0,5.0,1.0,3.0,2.0,4.0,3.0,Generally healthy with minor or infrequent problems,>3,Yes,0.0,0.0,0.0,0.0,0.0,0.0,Dog,6,"Male, castrated",Large (22.7–40.5 kg or 50–89 lb),30 – 60 mins,Raw
587958-587949-62905508,Meat-based – raw,5.0,3.0,1.0,3.0,3.0,1.0,4.0,1.0,1.0,1.0,Healthy,1,No,0.0,0.0,0.0,0.0,0.0,0.0,Dog,2,"Male, castrated",Large (22.7–40.5 kg or 50–89 lb),1 – 3 hrs,Raw
587958-587949-62938665,Meat-based – conventional,1.0,4.0,1.0,1.0,1.0,1.0,1.0,5.0,4.0,1.0,Healthy,1,No,0.0,0.0,0.0,0.0,0.0,0.0,Dog,6,"Female, sexually intact",Small (4.5–10.9 kg or 10–24 lb),1 – 3 hrs,Conventional
587958-587949-62959619,Meat-based – conventional,5.0,5.0,4.0,5.0,3.0,3.0,5.0,1.0,5.0,3.0,Generally healthy with minor or infrequent problems,1,Yes,0.0,0.0,0.0,0.0,0.0,0.0,Dog,7,"Female, spayed",Medium (11.4–22.3 kg or 25–49 lb),30 – 60 mins,Conventional
587958-587949-63008122,Meat-based – raw,1.0,1.0,1.0,1.0,1.0,1.0,1.0,5.0,4.0,1.0,Healthy,Unsure,No,0.0,0.0,0.0,0.0,0.0,0.0,Dog,3,"Female, spayed",Medium (11.4–22.3 kg or 25–49 lb),1 – 3 hrs,Raw
587958-587949-63039376,Meat-based – conventional,5.0,5.0,3.0,5.0,5.0,2.0,5.0,2.0,3.0,2.0,Healthy,2,No,0.0,0.0,0.0,1.0,0.0,0.0,Dog,8,"Female, spayed",Medium (11.4–22.3 kg or 25–49 lb),1 – 3 hrs,Conventional
587958-587949-63075378,Meat-based – conventional,5.0,5.0,2.0,5.0,2.0,4.0,5.0,2.0,5.0,1.0,Healthy,1,No,0.0,0.0,0.0,0.0,0.0,0.0,Dog,5,"Male, castrated",Small (4.5–10.9 kg or 10–24 lb),30 – 60 mins,Conventional
587958-587949-63089074,Meat-based – conventional,2.0,1.0,1.0,1.0,1.0,1.0,1.0,5.0,5.0,5.0,Significant or frequent problems,>3,Yes,0.0,0.0,0.0,0.0,1.0,0.0,Dog,8,"Female, spayed",Small (4.5–10.9 kg or 10–24 lb),1 – 3 hrs,Conventional
587958-587949-63090287,Meat-based – conventional,3.0,5.0,1.0,5.0,5.0,1.0,5.0,3.0,5.0,2.0,Generally healthy with minor or infrequent problems,2,Yes,0.0,0.0,0.0,0.0,0.0,0.0,Dog,1,"Female, sexually intact",Large (22.7–40.5 kg or 50–89 lb),1 – 3 hrs,Conventional
587958-587949-63189729,Meat-based – conventional,5.0,5.0,2.0,2.0,3.0,5.0,2.0,2.0,2.0,1.0,Healthy,1,No,0.0,0.0,0.0,0.0,0.0,0.0,Dog,1,"Male, castrated",Large (22.7–40.5 kg or 50–89 lb),1 – 3 hrs,Conventional
587958-587949-63237728,Meat-based – conventional,4.0,3.0,3.0,3.0,3.0,3.0,3.0,3.0,3.0,3.0,Healthy,1,No,0.0,0.0,0.0,0.0,0.0,0.0,Dog,8,"Female, spayed",Medium (11.4–22.3 kg or 25–49 lb),30 – 60 mins,Conventional
587958-587949-63252005,Meat-based – conventional,5.0,5.0,2.0,2.0,2.0,2.0,5.0,4.0,2.0,1.0,Healthy,1,Yes,0.0,0.0,0.0,0.0,0.0,0.0,Dog,6,"Female, spayed",Medium (11.4–22.3 kg or 25–49 lb),0 – 30 mins,Conventional
587958-587949-63401886,Meat-based – raw,5.0,5.0,2.0,5.0,5.0,2.0,5.0,2.0,2.0,2.0,Healthy,2,Yes,0.0,0.0,0.0,0.0,0.0,0.0,Dog,4,"Female, sexually intact",Large (22.7–40.5 kg or 50–89 lb),> 3 hrs,Raw
587958-587949-63403890,Meat-based – conventional,5.0,5.0,2.0,5.0,5.0,2.0,4.0,2.0,4.0,2.0,Healthy,2,No,0.0,0.0,0.0,0.0,0.0,0.0,Dog,4,"Male, castrated",Large (22.7–40.5 kg or 50–89 lb),1 – 3 hrs,Conventional
587958-587949-63404343,Meat-based – conventional,5.0,5.0,1.0,1.0,3.0,2.0,5.0,1.0,4.0,1.0,Healthy,>3,Yes,0.0,0.0,0.0,0.0,0.0,0.0,Dog,4,"Female, spayed",Medium (11.4–22.3 kg or 25–49 lb),1 – 3 hrs,Conventional
587958-587949-63408067,Meat-based – raw,5.0,5.0,5.0,5.0,5.0,1.0,5.0,1.0,5.0,1.0,Healthy,2,No,0.0,0.0,0.0,0.0,0.0,0.0,Dog,4,"Male, sexually intact",Medium (11.4–22.3 kg or 25–49 lb),> 3 hrs,Raw
587958-587949-63409642,Meat-based – raw,5.0,5.0,5.0,5.0,5.0,2.0,5.0,1.0,3.0,3.0,Generally healthy with minor or infrequent problems,1,No,0.0,0.0,0.0,0.0,0.0,0.0,Dog,5,"Male, sexually intact",Medium (11.4–22.3 kg or 25–49 lb),30 – 60 mins,Raw
587958-587949-63411831,Meat-based – conventional,5.0,5.0,1.0,5.0,3.0,1.0,3.0,2.0,3.0,2.0,Healthy,1,No,0.0,0.0,0.0,0.0,0.0,0.0,Dog,9,"Male, castrated",Medium (11.4–22.3 kg or 25–49 lb),1 – 3 hrs,Conventional
587958-587949-63413810,Meat-based – raw,3.0,4.0,2.0,2.0,2.0,2.0,2.0,4.0,4.0,1.0,Healthy,1,No,0.0,0.0,0.0,0.0,0.0,0.0,Dog,2,"Male, castrated",Medium (11.4–22.3 kg or 25–49 lb),> 3 hrs,Raw
587958-587949-63415807,Meat-based – raw,5.0,5.0,1.0,5.0,5.0,1.0,5.0,3.0,5.0,2.0,Healthy,1,No,0.0,0.0,0.0,0.0,0.0,0.0,Dog,5,"Female, spayed",Small (4.5–10.9 kg or 10–24 lb),30 – 60 mins,Raw
587958-587949-63418942,Meat-based – conventional,5.0,5.0,5.0,5.0,3.0,3.0,3.0,3.0,3.0,3.0,Healthy,0,No,0.0,0.0,0.0,0.0,0.0,0.0,Dog,9,"Male, castrated",Medium (11.4–22.3 kg or 25–49 lb),1 – 3 hrs,Conventional
587958-587949-63427626,Meat-based – conventional,2.0,4.0,2.0,2.0,2.0,2.0,2.0,4.0,2.0,2.0,Healthy,1,No,0.0,0.0,0.0,0.0,0.0,0.0,Dog,7,"Female, spayed",Medium (11.4–22.3 kg or 25–49 lb),1 – 3 hrs,Conventional
587958-587949-63430100,Meat-based – conventional,4.0,3.0,2.0,4.0,1.0,1.0,4.0,3.0,4.0,1.0,Healthy,2,No,0.0,0.0,0.0,0.0,0.0,1.0,Dog,9,"Female, spayed",Small (4.5–10.9 kg or 10–24 lb),1 – 3 hrs,Conventional
587958-587949-63456684,Meat-based – raw,5.0,3.0,1.0,4.0,3.0,1.0,4.0,1.0,1.0,1.0,Generally healthy with minor or infrequent problems,2,Yes,0.0,0.0,0.0,0.0,0.0,1.0,Dog,3,"Female, spayed",Small (4.5–10.9 kg or 10–24 lb),1 – 3 hrs,Raw
587958-587949-63457161,Meat-based – raw,5.0,5.0,3.0,3.0,4.0,1.0,4.0,2.0,4.0,1.0,Healthy,0,No,0.0,0.0,0.0,0.0,0.0,0.0,Dog,8,"Male, castrated",Medium (11.4–22.3 kg or 25–49 lb),30 – 60 mins,Raw
587958-587949-63457376,Meat-based – conventional,1.0,1.0,1.0,1.0,1.0,1.0,1.0,5.0,1.0,1.0,Healthy,1,No,0.0,0.0,0.0,0.0,0.0,0.0,Dog,8,"Female, spayed",Medium (11.4–22.3 kg or 25–49 lb),1 – 3 hrs,Conventional
587958-587949-63457755,Meat-based – raw,4.0,4.0,2.0,2.0,4.0,2.0,4.0,2.0,4.0,2.0,Healthy,1,Yes,0.0,0.0,0.0,0.0,0.0,0.0,Dog,15,"Male, castrated",Large (22.7–40.5 kg or 50–89 lb),30 – 60 mins,Raw
587958-587949-63459663,Meat-based – conventional,5.0,4.0,3.0,,5.0,4.0,5.0,2.0,5.0,4.0,Healthy,0,No,0.0,0.0,0.0,0.0,0.0,0.0,Dog,5,"Female, spayed",Small (4.5–10.9 kg or 10–24 lb),1 – 3 hrs,Conventional
587958-587949-63460149,Meat-based – conventional,5.0,5.0,4.0,4.0,2.0,5.0,5.0,2.0,4.0,1.0,Generally healthy with minor or infrequent problems,2,Yes,0.0,0.0,0.0,0.0,0.0,0.0,Dog,6,"Male, castrated",Medium (11.4–22.3 kg or 25–49 lb),30 – 60 mins,Conventional
587958-587949-63460930,Meat-based – raw,5.0,5.0,2.0,2.0,2.0,2.0,5.0,2.0,5.0,2.0,Generally healthy with minor or infrequent problems,2,No,0.0,0.0,0.0,0.0,0.0,0.0,Dog,10,"Female, spayed",Small (4.5–10.9 kg or 10–24 lb),1 – 3 hrs,Raw
587958-587949-63460850,Meat-based – raw,5.0,5.0,5.0,4.0,2.0,4.0,1.0,2.0,5.0,1.0,Generally healthy with minor or infrequent problems,1,No,0.0,0.0,0.0,0.0,0.0,0.0,Dog,7,"Female, spayed",Small (4.5–10.9 kg or 10–24 lb),1 – 3 hrs,Raw
587958-587949-63461654,Meat-based – raw,5.0,2.0,2.0,2.0,3.0,4.0,5.0,2.0,4.0,1.0,Generally healthy with minor or infrequent problems,2,Yes,0.0,0.0,0.0,0.0,1.0,0.0,Dog,12,"Male, castrated",Large (22.7–40.5 kg or 50–89 lb),1 – 3 hrs,Raw
587958-587949-63463386,Meat-based – conventional,4.0,5.0,1.0,4.0,3.0,1.0,2.0,3.0,4.0,3.0,Healthy,1,No,0.0,0.0,0.0,0.0,0.0,0.0,Dog,13,"Male, castrated",Medium (11.4–22.3 kg or 25–49 lb),> 3 hrs,Conventional
587958-587949-63465143,Meat-based – conventional,5.0,5.0,5.0,5.0,5.0,4.0,5.0,4.0,4.0,4.0,Healthy,1,No,0.0,0.0,0.0,0.0,0.0,0.0,Dog,5,"Male, castrated",Large (22.7–40.5 kg or 50–89 lb),1 – 3 hrs,Conventional
587958-587949-63464701,Meat-based – conventional,5.0,5.0,2.0,5.0,2.0,2.0,5.0,2.0,2.0,2.0,Healthy,2,No,0.0,0.0,0.0,1.0,0.0,0.0,Dog,5,"Male, castrated",Medium (11.4–22.3 kg or 25–49 lb),1 – 3 hrs,Conventional
587958-587949-63464994,Meat-based – conventional,5.0,3.0,2.0,2.0,2.0,1.0,5.0,2.0,2.0,1.0,Healthy,1,Yes,0.0,0.0,0.0,0.0,0.0,0.0,Dog,5,"Female, spayed",Small (4.5–10.9 kg or 10–24 lb),1 – 3 hrs,Conventional
587958-587949-63465365,Meat-based – conventional,1.0,1.0,1.0,1.0,1.0,1.0,4.0,5.0,2.0,1.0,Generally healthy with minor or infrequent problems,>3,Yes,0.0,0.0,0.0,0.0,1.0,0.0,Dog,3,"Male, castrated",Large (22.7–40.5 kg or 50–89 lb),1 – 3 hrs,Conventional
587958-587949-63466778,Meat-based – raw,3.0,4.0,3.0,5.0,5.0,3.0,2.0,4.0,2.0,1.0,Healthy,2,No,0.0,0.0,0.0,0.0,0.0,0.0,Dog,1,"Female, sexually intact",Small (4.5–10.9 kg or 10–24 lb),1 – 3 hrs,Raw
587958-587949-63467295,Meat-based – conventional,4.0,4.0,2.0,4.0,4.0,2.0,4.0,2.0,4.0,2.0,Seriously ill,>3,Yes,0.0,0.0,1.0,0.0,1.0,1.0,Dog,11,"Female, spayed",Large (22.7–40.5 kg or 50–89 lb),1 – 3 hrs,Conventional
587958-587949-63472715,Meat-based – conventional,4.0,4.0,3.0,3.0,3.0,4.0,3.0,4.0,4.0,4.0,Healthy,1,No,0.0,0.0,0.0,0.0,0.0,0.0,Dog,8,"Female, sexually intact",Large (22.7–40.5 kg or 50–89 lb),1 – 3 hrs,Conventional
587958-587949-63472749,Meat-based – raw,5.0,3.0,2.0,5.0,3.0,3.0,2.0,4.0,4.0,1.0,Healthy,1,No,0.0,0.0,0.0,0.0,0.0,0.0,Dog,8,"Male, sexually intact",Large (22.7–40.5 kg or 50–89 lb),30 – 60 mins,Raw
587958-587949-63473040,Meat-based – raw,5.0,5.0,2.0,5.0,5.0,2.0,5.0,2.0,5.0,2.0,Healthy,1,Yes,0.0,0.0,0.0,0.0,0.0,0.0,Dog,6,"Female, spayed",Medium (11.4–22.3 kg or 25–49 lb),> 3 hrs,Raw
587958-587949-63473270,Meat-based – conventional,5.0,5.0,2.0,5.0,2.0,1.0,2.0,4.0,4.0,1.0,Healthy,3,No,0.0,0.0,0.0,0.0,0.0,0.0,Dog,3,"Male, sexually intact",Medium (11.4–22.3 kg or 25–49 lb),> 3 hrs,Conventional
587958-587949-63473338,Meat-based – conventional,4.0,4.0,5.0,4.0,4.0,2.0,4.0,2.0,2.0,2.0,Healthy,3,Yes,0.0,0.0,0.0,0.0,0.0,0.0,Dog,7,"Female, spayed",Small (4.5–10.9 kg or 10–24 lb),> 3 hrs,Conventional
587958-587949-63473942,Meat-based – conventional,3.0,4.0,2.0,2.0,2.0,2.0,2.0,3.0,4.0,2.0,Healthy,1,No,0.0,0.0,0.0,0.0,0.0,0.0,Dog,11,"Male, castrated",Medium (11.4–22.3 kg or 25–49 lb),> 3 hrs,Conventional
587958-587949-63474893,Meat-based – conventional,2.0,2.0,2.0,3.0,2.0,2.0,2.0,4.0,2.0,2.0,Generally healthy with minor or infrequent problems,0,No,0.0,0.0,0.0,0.0,0.0,0.0,Dog,7,"Male, castrated",Small (4.5–10.9 kg or 10–24 lb),1 – 3 hrs,Conventional
587958-587949-63475827,Meat-based – raw,3.0,2.0,1.0,2.0,4.0,1.0,3.0,4.0,2.0,1.0,Generally healthy with minor or infrequent problems,>3,No,0.0,0.0,0.0,0.0,0.0,0.0,Dog,5,"Female, sexually intact",Giant (> 40.9 kg or > 90 lb),0 – 30 mins,Raw
587958-587949-63476223,Meat-based – raw,5.0,5.0,5.0,5.0,5.0,3.0,5.0,5.0,5.0,1.0,Healthy,0,No,0.0,0.0,0.0,0.0,0.0,0.0,Dog,6,"Female, spayed",Small (4.5–10.9 kg or 10–24 lb),1 – 3 hrs,Raw
587958-587949-63476827,Meat-based – raw,5.0,5.0,5.0,5.0,5.0,5.0,5.0,2.0,5.0,5.0,Healthy,0,No,0.0,0.0,0.0,0.0,0.0,0.0,Dog,4,"Male, castrated",Small (4.5–10.9 kg or 10–24 lb),> 3 hrs,Raw
587958-587949-63477001,Meat-based – raw,5.0,5.0,1.0,3.0,3.0,1.0,5.0,1.0,5.0,2.0,Generally healthy with minor or infrequent problems,1,No,0.0,0.0,0.0,0.0,0.0,0.0,Dog,11,"Male, castrated",Medium (11.4–22.3 kg or 25–49 lb),30 – 60 mins,Raw
587958-587949-63477345,Meat-based – conventional,3.0,5.0,2.0,3.0,1.0,1.0,3.0,3.0,2.0,1.0,Generally healthy with minor or infrequent problems,1,Yes,0.0,0.0,0.0,0.0,0.0,0.0,Dog,4,"Male, castrated",Medium (11.4–22.3 kg or 25–49 lb),1 – 3 hrs,Conventional
587958-587949-63477399,Meat-based – raw,5.0,5.0,2.0,5.0,2.0,4.0,4.0,4.0,3.0,5.0,Healthy,0,No,0.0,0.0,0.0,0.0,0.0,0.0,Dog,9,"Female, spayed",Small (4.5–10.9 kg or 10–24 lb),1 – 3 hrs,Raw
587958-587949-63481796,Meat-based – conventional,5.0,4.0,5.0,4.0,5.0,5.0,5.0,2.0,4.0,2.0,Generally healthy with minor or infrequent problems,2,Yes,0.0,0.0,1.0,1.0,0.0,0.0,Dog,9,"Male, castrated",Medium (11.4–22.3 kg or 25–49 lb),1 – 3 hrs,Conventional
587958-587949-63482781,Meat-based – raw,3.0,5.0,2.0,5.0,5.0,1.0,4.0,5.0,3.0,,Generally healthy with minor or infrequent problems,2,Yes,0.0,0.0,0.0,0.0,0.0,0.0,Dog,9,"Male, castrated",Medium (11.4–22.3 kg or 25–49 lb),1 – 3 hrs,Raw
587958-587949-63483153,Meat-based – conventional,5.0,5.0,3.0,4.0,3.0,3.0,5.0,3.0,4.0,2.0,Generally healthy with minor or infrequent problems,2,Yes,0.0,0.0,0.0,0.0,0.0,0.0,Dog,8,"Female, spayed",Small (4.5–10.9 kg or 10–24 lb),1 – 3 hrs,Conventional
587958-587949-63483564,Meat-based – conventional,3.0,4.0,1.0,,2.0,2.0,2.0,4.0,4.0,,Healthy,1,No,0.0,0.0,0.0,0.0,0.0,0.0,Dog,4,"Male, sexually intact",Large (22.7–40.5 kg or 50–89 lb),1 – 3 hrs,Conventional
587958-587949-63484286,Meat-based – raw,5.0,5.0,4.0,4.0,4.0,2.0,4.0,4.0,4.0,3.0,Healthy,1,No,0.0,0.0,0.0,0.0,0.0,0.0,Dog,6,"Male, castrated",Medium (11.4–22.3 kg or 25–49 lb),1 – 3 hrs,Raw
587958-587949-63484321,Meat-based – raw,5.0,5.0,4.0,4.0,4.0,5.0,5.0,2.0,5.0,2.0,Healthy,0,No,0.0,0.0,0.0,0.0,0.0,0.0,Dog,5,"Female, spayed",Small (4.5–10.9 kg or 10–24 lb),> 3 hrs,Raw
587958-587949-63484791,Meat-based – raw,5.0,5.0,2.0,5.0,2.0,2.0,5.0,2.0,5.0,2.0,Generally healthy with minor or infrequent problems,3,Yes,0.0,0.0,0.0,0.0,0.0,0.0,Dog,13,"Male, castrated",Medium (11.4–22.3 kg or 25–49 lb),1 – 3 hrs,Raw
587958-587949-63485206,Meat-based – raw,4.0,5.0,3.0,3.0,3.0,4.0,2.0,5.0,1.0,1.0,Healthy,2,No,0.0,0.0,0.0,0.0,0.0,0.0,Dog,5,"Male, sexually intact",Small (4.5–10.9 kg or 10–24 lb),1 – 3 hrs,Raw
587958-587949-63486075,Meat-based – raw,5.0,5.0,5.0,5.0,5.0,4.0,5.0,5.0,5.0,2.0,Generally healthy with minor or infrequent problems,3,Yes,0.0,0.0,0.0,0.0,0.0,0.0,Dog,6,"Female, spayed",Medium (11.4–22.3 kg or 25–49 lb),30 – 60 mins,Raw
587958-587949-63486357,Meat-based – raw,5.0,5.0,1.0,5.0,1.0,4.0,5.0,1.0,5.0,1.0,Healthy,3,Yes,0.0,0.0,0.0,0.0,0.0,0.0,Dog,8,"Male, castrated",Small (4.5–10.9 kg or 10–24 lb),1 – 3 hrs,Raw
587958-587949-63486964,Meat-based – raw,5.0,5.0,5.0,5.0,3.0,5.0,4.0,2.0,2.0,2.0,Significant or frequent problems,>3,Yes,0.0,0.0,0.0,0.0,0.0,1.0,Dog,8,"Male, castrated",Small (4.5–10.9 kg or 10–24 lb),30 – 60 mins,Raw
587958-587949-63488880,Meat-based – raw,5.0,5.0,5.0,5.0,5.0,2.0,5.0,2.0,3.0,5.0,Generally healthy with minor or infrequent problems,2,Yes,0.0,0.0,0.0,0.0,0.0,1.0,Dog,6,"Male, castrated",Giant (> 40.9 kg or > 90 lb),30 – 60 mins,Raw
587958-587949-63489818,Meat-based – raw,5.0,5.0,5.0,4.0,5.0,2.0,5.0,1.0,4.0,5.0,Healthy,0,No,0.0,0.0,0.0,0.0,0.0,0.0,Dog,2,"Female, spayed",Small (4.5–10.9 kg or 10–24 lb),1 – 3 hrs,Raw
587958-587949-63493443,Meat-based – conventional,4.0,3.0,4.0,3.0,3.0,4.0,5.0,3.0,4.0,4.0,Generally healthy with minor or infrequent problems,2,Yes,0.0,1.0,0.0,0.0,0.0,0.0,Dog,7,"Male, castrated",Toy (≤ 4.1 kg or ≤ 9 lb),1 – 3 hrs,Conventional
587958-587949-63493516,Meat-based – conventional,5.0,4.0,3.0,4.0,5.0,2.0,4.0,1.0,2.0,1.0,Generally healthy with minor or infrequent problems,1,No,0.0,0.0,0.0,0.0,0.0,1.0,Dog,3,"Female, spayed",Medium (11.4–22.3 kg or 25–49 lb),30 – 60 mins,Conventional
587958-587949-63494139,Meat-based – conventional,5.0,5.0,4.0,5.0,4.0,2.0,5.0,3.0,4.0,1.0,Generally healthy with minor or infrequent problems,1,No,0.0,0.0,0.0,0.0,0.0,0.0,Dog,2,"Female, spayed",Large (22.7–40.5 kg or 50–89 lb),1 – 3 hrs,Conventional
587958-587949-63495225,Meat-based – conventional,5.0,5.0,2.0,3.0,3.0,2.0,5.0,2.0,5.0,2.0,Generally healthy with minor or infrequent problems,1,Yes,0.0,0.0,0.0,1.0,0.0,0.0,Dog,8,"Male, castrated",Small (4.5–10.9 kg or 10–24 lb),1 – 3 hrs,Conventional
587958-587949-63500577,Meat-based – raw,4.0,5.0,2.0,4.0,1.0,1.0,3.0,4.0,1.0,1.0,Healthy,0,No,0.0,0.0,0.0,0.0,0.0,0.0,Dog,8,"Female, spayed",Small (4.5–10.9 kg or 10–24 lb),1 – 3 hrs,Raw
587958-587949-63507282,Meat-based – conventional,5.0,5.0,3.0,4.0,5.0,5.0,5.0,5.0,1.0,1.0,Healthy,1,No,0.0,0.0,0.0,0.0,0.0,0.0,Dog,7,"Female, spayed",Large (22.7–40.5 kg or 50–89 lb),1 – 3 hrs,Conventional
587958-587949-63509117,Meat-based – conventional,5.0,5.0,1.0,5.0,4.0,1.0,3.0,2.0,4.0,4.0,Healthy,2,No,0.0,0.0,0.0,0.0,0.0,0.0,Dog,8,"Female, spayed",Large (22.7–40.5 kg or 50–89 lb),1 – 3 hrs,Conventional
587958-587949-63511132,Meat-based – conventional,5.0,5.0,2.0,5.0,2.0,1.0,5.0,2.0,3.0,2.0,Significant or frequent problems,>3,Yes,0.0,0.0,0.0,0.0,0.0,0.0,Dog,12,"Female, spayed",Medium (11.4–22.3 kg or 25–49 lb),30 – 60 mins,Conventional
587958-587949-63546336,Meat-based – conventional,3.0,5.0,5.0,5.0,4.0,5.0,3.0,5.0,3.0,1.0,Healthy,0,No,0.0,0.0,0.0,0.0,0.0,0.0,Dog,7,"Female, spayed",Medium (11.4–22.3 kg or 25–49 lb),1 – 3 hrs,Conventional
587958-587949-63552252,Meat-based – conventional,5.0,5.0,2.0,3.0,3.0,2.0,2.0,2.0,2.0,2.0,Healthy,1,No,0.0,0.0,0.0,0.0,0.0,0.0,Dog,6,"Male, castrated",Medium (11.4–22.3 kg or 25–49 lb),1 – 3 hrs,Conventional
587958-587949-63552332,Meat-based – conventional,5.0,5.0,4.0,4.0,1.0,5.0,5.0,5.0,3.0,1.0,Healthy,3,No,0.0,0.0,0.0,0.0,0.0,0.0,Dog,4,"Female, spayed",Medium (11.4–22.3 kg or 25–49 lb),1 – 3 hrs,Conventional
587958-587949-63552937,Meat-based – conventional,4.0,5.0,5.0,5.0,5.0,5.0,4.0,5.0,2.0,2.0,Healthy,>3,No,0.0,0.0,0.0,0.0,0.0,0.0,Dog,1,"Male, castrated",Medium (11.4–22.3 kg or 25–49 lb),> 3 hrs,Conventional
587958-587949-63555437,Meat-based – conventional,5.0,5.0,5.0,5.0,2.0,5.0,5.0,2.0,5.0,2.0,Healthy,2,No,0.0,0.0,0.0,1.0,0.0,0.0,Dog,3,"Male, castrated",Medium (11.4–22.3 kg or 25–49 lb),30 – 60 mins,Conventional
587958-587949-63558880,Meat-based – conventional,2.0,2.0,2.0,2.0,2.0,2.0,4.0,4.0,4.0,3.0,Generally healthy with minor or infrequent problems,>3,Yes,0.0,0.0,0.0,0.0,0.0,0.0,Dog,1,"Male, castrated",Large (22.7–40.5 kg or 50–89 lb),1 – 3 hrs,Conventional
587958-587949-63560829,Meat-based – conventional,5.0,5.0,2.0,3.0,3.0,2.0,4.0,2.0,3.0,2.0,Healthy,2,No,0.0,0.0,0.0,0.0,0.0,0.0,Dog,2,"Female, spayed",Small (4.5–10.9 kg or 10–24 lb),1 – 3 hrs,Conventional
587958-587949-63564554,Meat-based – conventional,5.0,5.0,5.0,3.0,5.0,5.0,4.0,3.0,3.0,3.0,Healthy,0,No,0.0,0.0,0.0,0.0,0.0,0.0,Dog,5,"Female, sexually intact",Medium (11.4–22.3 kg or 25–49 lb),1 – 3 hrs,Conventional
587958-587949-63587959,Meat-based – raw,5.0,5.0,4.0,4.0,3.0,4.0,4.0,3.0,4.0,4.0,Healthy,3,Yes,0.0,0.0,0.0,0.0,0.0,0.0,Dog,2,"Male, castrated",Medium (11.4–22.3 kg or 25–49 lb),1 – 3 hrs,Raw
587958-587949-63603374,Meat-based – conventional,5.0,5.0,4.0,4.0,5.0,4.0,5.0,2.0,4.0,3.0,Healthy,1,No,0.0,0.0,0.0,0.0,0.0,0.0,Dog,2,"Female, spayed",Medium (11.4–22.3 kg or 25–49 lb),1 – 3 hrs,Conventional
587958-587949-63604274,Meat-based – conventional,4.0,4.0,2.0,4.0,4.0,1.0,4.0,2.0,4.0,4.0,Generally healthy with minor or infrequent problems,2,Yes,0.0,0.0,0.0,0.0,0.0,0.0,Dog,5,"Male, castrated",Large (22.7–40.5 kg or 50–89 lb),1 – 3 hrs,Conventional
587958-587949-63658786,Meat-based – conventional,5.0,5.0,3.0,5.0,4.0,1.0,5.0,1.0,3.0,1.0,Generally healthy with minor or infrequent problems,2,No,0.0,0.0,0.0,0.0,0.0,0.0,Dog,2,"Male, castrated",Medium (11.4–22.3 kg or 25–49 lb),1 – 3 hrs,Conventional
587958-587949-63730995,Vegan (consuming no animal products),5.0,5.0,5.0,5.0,5.0,2.0,4.0,4.0,3.0,4.0,Healthy,1,No,0.0,0.0,0.0,0.0,0.0,0.0,Dog,3,"Male, castrated",Toy (≤ 4.1 kg or ≤ 9 lb),1 – 3 hrs,Vegan
587958-587949-63792326,Meat-based – conventional,5.0,5.0,3.0,5.0,3.0,5.0,5.0,1.0,1.0,1.0,Healthy,2,Yes,0.0,0.0,0.0,0.0,0.0,0.0,Dog,4,"Male, castrated",Medium (11.4–22.3 kg or 25–49 lb),30 – 60 mins,Conventional
587958-587949-63811182,Meat-based – conventional,5.0,5.0,2.0,3.0,2.0,2.0,5.0,2.0,5.0,5.0,Significant or frequent problems,2,Yes,0.0,1.0,0.0,1.0,0.0,0.0,Dog,18,"Male, castrated",Large (22.7–40.5 kg or 50–89 lb),30 – 60 mins,Conventional
587958-587949-63888343,Vegan (consuming no animal products),5.0,,2.0,5.0,5.0,5.0,4.0,1.0,2.0,1.0,Seriously ill,>3,Yes,0.0,0.0,1.0,0.0,1.0,1.0,Dog,6,"Female, spayed",Medium (11.4–22.3 kg or 25–49 lb),1 – 3 hrs,Vegan
587958-587949-63893686,Meat-based – raw,5.0,3.0,3.0,5.0,5.0,3.0,5.0,3.0,5.0,5.0,Healthy,1,No,0.0,0.0,0.0,0.0,0.0,0.0,Dog,3,"Male, castrated",Medium (11.4–22.3 kg or 25–49 lb),30 – 60 mins,Raw
587958-587949-64101181,Meat-based – conventional,1.0,4.0,1.0,3.0,1.0,1.0,2.0,5.0,1.0,2.0,Healthy,2,No,0.0,0.0,0.0,0.0,0.0,0.0,Dog,5,"Male, castrated",Medium (11.4–22.3 kg or 25–49 lb),1 – 3 hrs,Conventional
587958-587949-64181256,Vegan (consuming no animal products),4.0,5.0,4.0,4.0,2.0,1.0,2.0,2.0,4.0,4.0,Healthy,2,Yes,0.0,0.0,0.0,0.0,0.0,0.0,Dog,5,"Female, spayed",Small (4.5–10.9 kg or 10–24 lb),1 – 3 hrs,Vegan
587958-587949-64188650,Vegan (consuming no animal products),4.0,4.0,4.0,2.0,3.0,2.0,4.0,4.0,2.0,2.0,Generally healthy with minor or infrequent problems,>3,Yes,0.0,0.0,0.0,0.0,1.0,0.0,Dog,13,"Female, spayed",Small (4.5–10.9 kg or 10–24 lb),1 – 3 hrs,Vegan
587958-587949-64192655,Vegan (consuming no animal products),2.0,3.0,2.0,4.0,2.0,2.0,4.0,5.0,2.0,5.0,Generally healthy with minor or infrequent problems,1,Yes,0.0,0.0,0.0,0.0,0.0,0.0,Dog,11,"Male, sexually intact",Small (4.5–10.9 kg or 10–24 lb),30 – 60 mins,Vegan
587958-587949-64252893,Vegan (consuming no animal products),4.0,4.0,4.0,4.0,3.0,5.0,4.0,4.0,2.0,1.0,Healthy,1,No,0.0,0.0,0.0,0.0,0.0,0.0,Dog,10,"Male, castrated",Small (4.5–10.9 kg or 10–24 lb),30 – 60 mins,Vegan
587958-587949-64618093,Meat-based – conventional,5.0,5.0,2.0,3.0,3.0,5.0,5.0,2.0,5.0,2.0,Generally healthy with minor or infrequent problems,1,Yes,0.0,0.0,0.0,0.0,1.0,0.0,Dog,5,"Female, spayed",Small (4.5–10.9 kg or 10–24 lb),1 – 3 hrs,Conventional
587958-587949-64669650,Vegan (consuming no animal products),5.0,5.0,5.0,5.0,5.0,5.0,5.0,5.0,5.0,5.0,Healthy,2,No,0.0,0.0,0.0,0.0,0.0,0.0,Dog,5,"Male, sexually intact",Medium (11.4–22.3 kg or 25–49 lb),1 – 3 hrs,Vegan
587958-587949-64705198,Vegan (consuming no animal products),5.0,3.0,1.0,4.0,1.0,1.0,5.0,3.0,4.0,4.0,Generally healthy with minor or infrequent problems,1,No,0.0,0.0,0.0,0.0,0.0,0.0,Dog,14,"Male, castrated",Medium (11.4–22.3 kg or 25–49 lb),1 – 3 hrs,Vegan
587958-587949-64739902,Meat-based – raw,5.0,5.0,5.0,5.0,4.0,5.0,5.0,1.0,5.0,1.0,Healthy,0,No,0.0,0.0,0.0,0.0,0.0,0.0,Dog,5,"Female, spayed",Large (22.7–40.5 kg or 50–89 lb),1 – 3 hrs,Raw
587958-587949-64773008,Meat-based – raw,2.0,3.0,1.0,5.0,5.0,1.0,3.0,5.0,,1.0,Healthy,0,No,0.0,0.0,0.0,0.0,0.0,0.0,Dog,1,"Male, sexually intact",Large (22.7–40.5 kg or 50–89 lb),> 3 hrs,Raw
587958-587949-64776165,Meat-based – raw,3.0,3.0,3.0,4.0,4.0,3.0,3.0,4.0,3.0,2.0,Healthy,1,No,0.0,0.0,0.0,0.0,0.0,0.0,Dog,2,"Male, castrated",Medium (11.4–22.3 kg or 25–49 lb),1 – 3 hrs,Raw
587958-587949-64776166,Meat-based – raw,4.0,4.0,2.0,4.0,3.0,1.0,2.0,5.0,3.0,1.0,Healthy,1,No,0.0,0.0,0.0,0.0,0.0,0.0,Dog,3,"Male, sexually intact",Small (4.5–10.9 kg or 10–24 lb),1 – 3 hrs,Raw
587958-587949-64778051,Meat-based – raw,3.0,2.0,2.0,4.0,2.0,2.0,2.0,5.0,4.0,1.0,Healthy,1,No,0.0,0.0,0.0,0.0,1.0,0.0,Dog,1,"Female, spayed",Small (4.5–10.9 kg or 10–24 lb),30 – 60 mins,Raw
587958-587949-64779440,Meat-based – raw,5.0,5.0,5.0,4.0,2.0,3.0,4.0,3.0,4.0,2.0,Generally healthy with minor or infrequent problems,2,No,0.0,0.0,0.0,0.0,0.0,0.0,Dog,6,"Male, castrated",Small (4.5–10.9 kg or 10–24 lb),30 – 60 mins,Raw
587958-587949-64779895,Meat-based – raw,5.0,5.0,5.0,3.0,3.0,2.0,5.0,1.0,2.0,1.0,Healthy,1,Yes,0.0,0.0,0.0,0.0,0.0,0.0,Dog,5,"Male, castrated",Small (4.5–10.9 kg or 10–24 lb),1 – 3 hrs,Raw
587958-587949-64780223,Meat-based – raw,4.0,4.0,1.0,4.0,4.0,2.0,4.0,4.0,4.0,2.0,Healthy,0,No,0.0,0.0,0.0,0.0,0.0,0.0,Dog,2,"Female, spayed",Large (22.7–40.5 kg or 50–89 lb),1 – 3 hrs,Raw
587958-587949-64780646,Meat-based – raw,5.0,4.0,5.0,5.0,2.0,4.0,4.0,2.0,2.0,2.0,Healthy,2,No,0.0,0.0,0.0,0.0,0.0,0.0,Dog,2,"Male, castrated",Medium (11.4–22.3 kg or 25–49 lb),1 – 3 hrs,Raw
587958-587949-64780741,Meat-based – raw,5.0,5.0,5.0,5.0,5.0,5.0,5.0,1.0,5.0,1.0,Generally healthy with minor or infrequent problems,2,Yes,0.0,0.0,0.0,0.0,0.0,0.0,Dog,2,"Female, spayed",Medium (11.4–22.3 kg or 25–49 lb),30 – 60 mins,Raw
587958-587949-64781105,Meat-based – raw,3.0,3.0,3.0,3.0,3.0,3.0,3.0,5.0,3.0,1.0,Healthy,2,Yes,0.0,0.0,0.0,0.0,0.0,0.0,Dog,3,"Female, spayed",Small (4.5–10.9 kg or 10–24 lb),30 – 60 mins,Raw
587958-587949-64785607,Meat-based – raw,2.0,2.0,1.0,4.0,2.0,1.0,4.0,4.0,1.0,1.0,Healthy,1,No,0.0,0.0,0.0,0.0,0.0,0.0,Dog,4,"Male, castrated",Medium (11.4–22.3 kg or 25–49 lb),> 3 hrs,Raw
587958-587949-64786307,Meat-based – raw,5.0,5.0,5.0,5.0,5.0,5.0,5.0,3.0,4.0,2.0,Healthy,2,Yes,0.0,0.0,0.0,0.0,0.0,0.0,Dog,2,"Male, castrated",Medium (11.4–22.3 kg or 25–49 lb),30 – 60 mins,Raw
587958-587949-64786671,Meat-based – raw,5.0,5.0,5.0,5.0,4.0,5.0,5.0,4.0,5.0,2.0,Healthy,0,No,0.0,0.0,0.0,0.0,0.0,0.0,Dog,6,"Male, castrated",Medium (11.4–22.3 kg or 25–49 lb),> 3 hrs,Raw
587958-587949-64787064,Meat-based – raw,5.0,5.0,2.0,5.0,2.0,2.0,4.0,2.0,2.0,2.0,Healthy,1,Yes,0.0,0.0,0.0,0.0,0.0,0.0,Dog,3,"Female, spayed",Small (4.5–10.9 kg or 10–24 lb),1 – 3 hrs,Raw
587958-587949-64786501,Meat-based – raw,4.0,5.0,2.0,4.0,3.0,2.0,4.0,5.0,3.0,3.0,Healthy,0,No,0.0,0.0,0.0,0.0,0.0,0.0,Dog,5,"Female, spayed",Large (22.7–40.5 kg or 50–89 lb),1 – 3 hrs,Raw
587958-587949-64788806,Meat-based – raw,5.0,5.0,2.0,5.0,3.0,3.0,5.0,3.0,5.0,1.0,Healthy,0,No,0.0,0.0,0.0,0.0,0.0,0.0,Dog,6,"Male, castrated",Medium (11.4–22.3 kg or 25–49 lb),1 – 3 hrs,Raw
587958-587949-64789454,Meat-based – raw,5.0,3.0,3.0,5.0,5.0,4.0,5.0,3.0,,,Generally healthy with minor or infrequent problems,1,No,0.0,0.0,0.0,0.0,0.0,0.0,Dog,1,"Male, sexually intact",Giant (> 40.9 kg or > 90 lb),1 – 3 hrs,Raw
587958-587949-64789232,Meat-based – raw,5.0,5.0,3.0,5.0,3.0,1.0,3.0,3.0,4.0,4.0,Generally healthy with minor or infrequent problems,1,No,0.0,0.0,0.0,1.0,0.0,0.0,Dog,6,"Male, castrated",Small (4.5–10.9 kg or 10–24 lb),1 – 3 hrs,Raw
587958-587949-64790079,Meat-based – raw,5.0,5.0,3.0,5.0,3.0,4.0,5.0,2.0,5.0,2.0,Generally healthy with minor or infrequent problems,>3,No,0.0,0.0,0.0,0.0,0.0,1.0,Dog,5,"Male, castrated",Medium (11.4–22.3 kg or 25–49 lb),1 – 3 hrs,Raw
587958-587949-64790711,Meat-based – raw,5.0,5.0,1.0,5.0,4.0,1.0,5.0,1.0,2.0,3.0,Generally healthy with minor or infrequent problems,1,No,0.0,0.0,0.0,0.0,0.0,0.0,Dog,5,"Female, sexually intact",Large (22.7–40.5 kg or 50–89 lb),30 – 60 mins,Raw
587958-587949-64791418,Meat-based – raw,5.0,5.0,2.0,2.0,2.0,2.0,5.0,3.0,4.0,2.0,Healthy,0,No,0.0,0.0,0.0,0.0,0.0,0.0,Dog,3,"Male, castrated",Medium (11.4–22.3 kg or 25–49 lb),30 – 60 mins,Raw
587958-587949-64797598,Meat-based – raw,3.0,4.0,3.0,4.0,3.0,2.0,5.0,3.0,3.0,3.0,Healthy,2,Yes,0.0,0.0,0.0,0.0,0.0,0.0,Dog,3,"Female, spayed",Medium (11.4–22.3 kg or 25–49 lb),> 3 hrs,Raw
587958-587949-64797753,Meat-based – raw,5.0,5.0,4.0,5.0,5.0,2.0,5.0,2.0,2.0,2.0,Healthy,3,Yes,0.0,0.0,0.0,0.0,0.0,0.0,Dog,8,"Female, spayed",Large (22.7–40.5 kg or 50–89 lb),1 – 3 hrs,Raw
587958-587949-64797918,Meat-based – raw,,2.0,1.0,3.0,2.0,2.0,1.0,5.0,1.0,1.0,Generally healthy with minor or infrequent problems,>3,No,0.0,0.0,0.0,0.0,1.0,1.0,Dog,3,"Female, spayed",Toy (≤ 4.1 kg or ≤ 9 lb),1 – 3 hrs,Raw
587958-587949-64798353,Meat-based – raw,5.0,5.0,2.0,4.0,3.0,1.0,4.0,1.0,5.0,3.0,Generally healthy with minor or infrequent problems,0,No,0.0,0.0,0.0,0.0,0.0,0.0,Dog,12,"Female, spayed",Small (4.5–10.9 kg or 10–24 lb),1 – 3 hrs,Raw
587958-587949-64798452,Meat-based – raw,4.0,4.0,5.0,3.0,5.0,5.0,3.0,4.0,2.0,1.0,Healthy,1,No,0.0,0.0,0.0,0.0,0.0,0.0,Dog,2,"Male, castrated",Large (22.7–40.5 kg or 50–89 lb),1 – 3 hrs,Raw
587958-587949-64798624,Meat-based – raw,3.0,3.0,3.0,3.0,3.0,2.0,2.0,4.0,3.0,1.0,Healthy,1,No,0.0,0.0,0.0,0.0,0.0,0.0,Dog,3,"Male, sexually intact",Medium (11.4–22.3 kg or 25–49 lb),1 – 3 hrs,Raw
587958-587949-64798854,Meat-based – raw,5.0,5.0,2.0,5.0,5.0,1.0,4.0,1.0,2.0,1.0,Generally healthy with minor or infrequent problems,2,No,0.0,0.0,0.0,0.0,0.0,0.0,Dog,13,"Female, spayed",Medium (11.4–22.3 kg or 25–49 lb),30 – 60 mins,Raw
587958-587949-64798957,Meat-based – raw,5.0,5.0,2.0,5.0,4.0,3.0,3.0,3.0,5.0,1.0,Healthy,1,No,0.0,0.0,0.0,0.0,0.0,0.0,Dog,2,"Male, castrated",Medium (11.4–22.3 kg or 25–49 lb),1 – 3 hrs,Raw
587958-587949-64799202,Meat-based – raw,2.0,4.0,2.0,2.0,2.0,4.0,2.0,4.0,4.0,1.0,Healthy,1,Yes,0.0,0.0,0.0,0.0,0.0,0.0,Dog,4,"Female, spayed",Small (4.5–10.9 kg or 10–24 lb),1 – 3 hrs,Raw
587958-587949-64799708,Meat-based – raw,5.0,5.0,2.0,4.0,2.0,2.0,3.0,3.0,4.0,1.0,Healthy,1,No,0.0,0.0,0.0,0.0,0.0,0.0,Dog,6,"Male, sexually intact",Small (4.5–10.9 kg or 10–24 lb),30 – 60 mins,Raw
587958-587949-64799689,Meat-based – raw,4.0,3.0,3.0,3.0,3.0,3.0,4.0,4.0,3.0,3.0,Generally healthy with minor or infrequent problems,2,Yes,0.0,0.0,0.0,0.0,0.0,1.0,Dog,5,"Female, spayed",Small (4.5–10.9 kg or 10–24 lb),1 – 3 hrs,Raw
587958-587949-64799883,Meat-based – raw,2.0,5.0,2.0,5.0,5.0,2.0,5.0,1.0,1.0,1.0,Healthy,3,Yes,0.0,0.0,0.0,0.0,0.0,1.0,Dog,2,"Male, sexually intact",Small (4.5–10.9 kg or 10–24 lb),1 – 3 hrs,Raw
587958-587949-64800258,Meat-based – raw,5.0,5.0,5.0,5.0,2.0,4.0,5.0,2.0,5.0,2.0,Healthy,0,No,0.0,0.0,0.0,0.0,0.0,0.0,Dog,3,"Male, castrated",Medium (11.4–22.3 kg or 25–49 lb),1 – 3 hrs,Raw
587958-587949-64800307,Meat-based – raw,5.0,5.0,2.0,4.0,3.0,1.0,4.0,1.0,3.0,1.0,Healthy,0,No,0.0,0.0,0.0,0.0,0.0,0.0,Dog,5,"Female, spayed",Medium (11.4–22.3 kg or 25–49 lb),1 – 3 hrs,Raw
587958-587949-64800653,Meat-based – raw,4.0,4.0,4.0,4.0,4.0,2.0,3.0,4.0,4.0,3.0,Healthy,0,No,0.0,0.0,0.0,0.0,0.0,0.0,Dog,2,"Female, sexually intact",Small (4.5–10.9 kg or 10–24 lb),1 – 3 hrs,Raw
587958-587949-64800733,Meat-based – raw,5.0,5.0,4.0,5.0,4.0,5.0,5.0,2.0,2.0,2.0,Healthy,1,No,0.0,0.0,0.0,0.0,0.0,0.0,Dog,8,"Male, sexually intact",Small (4.5–10.9 kg or 10–24 lb),30 – 60 mins,Raw
587958-587949-64800744,Meat-based – raw,5.0,5.0,4.0,4.0,4.0,2.0,4.0,4.0,4.0,4.0,Generally healthy with minor or infrequent problems,2,Yes,0.0,0.0,0.0,0.0,0.0,0.0,Dog,4,"Male, sexually intact",Medium (11.4–22.3 kg or 25–49 lb),1 – 3 hrs,Raw
587958-587949-64800983,Meat-based – conventional,5.0,5.0,3.0,,5.0,2.0,5.0,2.0,4.0,1.0,Healthy,1,Yes,0.0,0.0,0.0,0.0,0.0,0.0,Dog,1,"Male, sexually intact",Large (22.7–40.5 kg or 50–89 lb),1 – 3 hrs,Conventional
587958-587949-64801054,Meat-based – raw,4.0,3.0,5.0,5.0,4.0,4.0,4.0,4.0,4.0,1.0,Healthy,1,No,0.0,0.0,0.0,0.0,0.0,0.0,Dog,2,"Female, spayed",Medium (11.4–22.3 kg or 25–49 lb),1 – 3 hrs,Raw
587958-587949-64800986,Meat-based – raw,5.0,5.0,5.0,5.0,5.0,5.0,5.0,2.0,1.0,1.0,Healthy,1,No,0.0,0.0,0.0,0.0,0.0,0.0,Dog,3,"Male, sexually intact",Large (22.7–40.5 kg or 50–89 lb),30 – 60 mins,Raw
587958-587949-64801692,Meat-based – raw,2.0,1.0,1.0,1.0,1.0,1.0,1.0,5.0,3.0,3.0,Generally healthy with minor or infrequent problems,2,Yes,0.0,0.0,0.0,0.0,1.0,0.0,Dog,9,"Female, spayed",Toy (≤ 4.1 kg or ≤ 9 lb),1 – 3 hrs,Raw
587958-587949-64801504,Meat-based – raw,5.0,5.0,4.0,5.0,5.0,3.0,4.0,4.0,3.0,3.0,Healthy,1,No,0.0,0.0,0.0,0.0,0.0,0.0,Dog,2,"Male, castrated",Medium (11.4–22.3 kg or 25–49 lb),> 3 hrs,Raw
587958-587949-64801657,Meat-based – raw,2.0,2.0,1.0,1.0,1.0,1.0,2.0,4.0,4.0,1.0,Significant or frequent problems,>3,Yes,0.0,0.0,0.0,0.0,0.0,0.0,Dog,6,"Female, spayed",Medium (11.4–22.3 kg or 25–49 lb),1 – 3 hrs,Raw
587958-587949-64802331,Meat-based – raw,5.0,5.0,5.0,5.0,5.0,3.0,5.0,3.0,4.0,1.0,Healthy,1,No,0.0,0.0,0.0,0.0,0.0,0.0,Dog,2,"Female, spayed",Medium (11.4–22.3 kg or 25–49 lb),30 – 60 mins,Raw
587958-587949-64802286,Meat-based – raw,5.0,5.0,1.0,1.0,1.0,1.0,5.0,1.0,1.0,1.0,Healthy,1,No,0.0,0.0,0.0,0.0,0.0,0.0,Dog,3,"Female, spayed",Toy (≤ 4.1 kg or ≤ 9 lb),1 – 3 hrs,Raw
587958-587949-64802740,Meat-based – raw,4.0,3.0,3.0,3.0,4.0,4.0,4.0,2.0,3.0,1.0,Healthy,3,No,0.0,0.0,0.0,0.0,0.0,0.0,Dog,3,"Male, castrated",Large (22.7–40.5 kg or 50–89 lb),30 – 60 mins,Raw
587958-587949-64803055,Meat-based – raw,5.0,5.0,5.0,5.0,,1.0,5.0,1.0,5.0,2.0,Significant or frequent problems,>3,Yes,0.0,0.0,0.0,0.0,0.0,0.0,Dog,2,"Female, spayed",Small (4.5–10.9 kg or 10–24 lb),30 – 60 mins,Raw
587958-587949-64802799,Meat-based – raw,5.0,3.0,4.0,1.0,,5.0,5.0,1.0,4.0,1.0,Generally healthy with minor or infrequent problems,3,No,0.0,0.0,0.0,0.0,0.0,0.0,Dog,2,"Male, castrated",Large (22.7–40.5 kg or 50–89 lb),1 – 3 hrs,Raw
587958-587949-64803066,Meat-based – raw,5.0,5.0,1.0,2.0,5.0,1.0,4.0,2.0,4.0,1.0,Healthy,1,No,0.0,0.0,0.0,0.0,0.0,0.0,Dog,4,"Male, castrated",Large (22.7–40.5 kg or 50–89 lb),1 – 3 hrs,Raw
587958-587949-64803138,Meat-based – raw,5.0,3.0,5.0,3.0,4.0,3.0,5.0,3.0,5.0,3.0,Generally healthy with minor or infrequent problems,1,No,0.0,0.0,0.0,0.0,0.0,0.0,Dog,7,"Female, spayed",Medium (11.4–22.3 kg or 25–49 lb),30 – 60 mins,Raw
587958-587949-64803273,Meat-based – raw,5.0,5.0,3.0,3.0,3.0,5.0,4.0,3.0,5.0,1.0,Healthy,0,No,0.0,0.0,0.0,0.0,0.0,0.0,Dog,6,"Female, spayed",Small (4.5–10.9 kg or 10–24 lb),1 – 3 hrs,Raw
587958-587949-64803380,Meat-based – raw,5.0,5.0,3.0,5.0,5.0,3.0,3.0,4.0,5.0,3.0,Healthy,2,No,0.0,0.0,0.0,0.0,0.0,0.0,Dog,1,"Male, sexually intact",Large (22.7–40.5 kg or 50–89 lb),1 – 3 hrs,Raw
587958-587949-64803723,Meat-based – raw,4.0,3.0,4.0,4.0,3.0,2.0,3.0,4.0,4.0,4.0,Healthy,0,No,0.0,0.0,0.0,0.0,0.0,0.0,Dog,6,"Male, castrated",Toy (≤ 4.1 kg or ≤ 9 lb),30 – 60 mins,Raw
587958-587949-64803869,Meat-based – conventional,2.0,4.0,2.0,4.0,1.0,1.0,1.0,4.0,4.0,1.0,Generally healthy with minor or infrequent problems,2,No,0.0,0.0,0.0,0.0,1.0,0.0,Dog,1,"Female, spayed",Small (4.5–10.9 kg or 10–24 lb),1 – 3 hrs,Conventional
587958-587949-64804045,Meat-based – raw,4.0,5.0,2.0,4.0,1.0,1.0,4.0,2.0,1.0,1.0,Healthy,0,No,0.0,0.0,0.0,0.0,0.0,0.0,Dog,4,"Female, spayed",Small (4.5–10.9 kg or 10–24 lb),1 – 3 hrs,Raw
587958-587949-64804107,Meat-based – raw,5.0,5.0,3.0,5.0,4.0,5.0,5.0,4.0,5.0,1.0,Healthy,0,No,0.0,0.0,0.0,0.0,0.0,0.0,Dog,3,"Male, sexually intact",Medium (11.4–22.3 kg or 25–49 lb),> 3 hrs,Raw
587958-587949-64804090,Meat-based – raw,4.0,5.0,3.0,4.0,2.0,1.0,2.0,4.0,3.0,1.0,Healthy,1,No,0.0,0.0,0.0,0.0,0.0,0.0,Dog,8,"Female, spayed",Medium (11.4–22.3 kg or 25–49 lb),1 – 3 hrs,Raw
587958-587949-64804245,Meat-based – raw,5.0,5.0,2.0,5.0,5.0,2.0,2.0,2.0,5.0,2.0,Healthy,0,No,0.0,0.0,0.0,0.0,0.0,0.0,Dog,2,"Female, spayed",Giant (> 40.9 kg or > 90 lb),30 – 60 mins,Raw
587958-587949-64804208,Meat-based – raw,5.0,5.0,3.0,4.0,3.0,3.0,3.0,2.0,2.0,1.0,Generally healthy with minor or infrequent problems,3,No,0.0,0.0,0.0,0.0,0.0,0.0,Dog,7,"Male, castrated",Giant (> 40.9 kg or > 90 lb),1 – 3 hrs,Raw
587958-587949-64804597,Meat-based – raw,5.0,5.0,5.0,5.0,5.0,2.0,5.0,,5.0,1.0,Healthy,1,No,0.0,0.0,0.0,0.0,0.0,0.0,Dog,3,"Female, spayed",Large (22.7–40.5 kg or 50–89 lb),30 – 60 mins,Raw
587958-587949-64804554,Meat-based – raw,4.0,5.0,5.0,3.0,2.0,5.0,5.0,3.0,3.0,2.0,Healthy,1,No,0.0,0.0,0.0,0.0,0.0,0.0,Dog,2,"Male, castrated",Medium (11.4–22.3 kg or 25–49 lb),1 – 3 hrs,Raw
587958-587949-64804931,Meat-based – raw,4.0,2.0,2.0,5.0,5.0,2.0,3.0,4.0,4.0,1.0,Healthy,1,No,0.0,0.0,0.0,0.0,0.0,0.0,Dog,3,"Male, sexually intact",Giant (> 40.9 kg or > 90 lb),1 – 3 hrs,Raw
587958-587949-64805069,Meat-based – raw,5.0,5.0,5.0,5.0,5.0,2.0,4.0,4.0,4.0,2.0,Healthy,3,Yes,1.0,0.0,0.0,0.0,0.0,0.0,Dog,3,"Male, castrated",Medium (11.4–22.3 kg or 25–49 lb),30 – 60 mins,Raw
587958-587949-64805062,Meat-based – raw,5.0,5.0,2.0,5.0,5.0,1.0,5.0,4.0,3.0,2.0,Healthy,1,Yes,0.0,0.0,0.0,0.0,0.0,0.0,Dog,4,"Male, castrated",Large (22.7–40.5 kg or 50–89 lb),1 – 3 hrs,Raw
587958-587949-64804974,Meat-based – raw,5.0,5.0,5.0,5.0,3.0,5.0,4.0,1.0,5.0,3.0,Generally healthy with minor or infrequent problems,>3,Yes,0.0,0.0,0.0,0.0,0.0,0.0,Dog,7,"Male, castrated",Medium (11.4–22.3 kg or 25–49 lb),30 – 60 mins,Raw
587958-587949-64805411,Meat-based – raw,5.0,5.0,4.0,5.0,5.0,2.0,5.0,3.0,3.0,1.0,Healthy,2,Yes,0.0,0.0,0.0,0.0,0.0,0.0,Dog,1,"Female, sexually intact",Medium (11.4–22.3 kg or 25–49 lb),1 – 3 hrs,Raw
587958-587949-64805417,Meat-based – raw,5.0,5.0,2.0,5.0,2.0,1.0,5.0,1.0,1.0,1.0,Healthy,1,No,0.0,0.0,0.0,0.0,0.0,0.0,Dog,9,"Male, castrated",Medium (11.4–22.3 kg or 25–49 lb),30 – 60 mins,Raw
587958-587949-64805382,Meat-based – raw,4.0,5.0,4.0,5.0,5.0,5.0,5.0,3.0,5.0,1.0,Healthy,1,No,0.0,0.0,0.0,0.0,0.0,0.0,Dog,1,"Male, sexually intact",Large (22.7–40.5 kg or 50–89 lb),1 – 3 hrs,Raw
587958-587949-64805595,Meat-based – raw,4.0,3.0,2.0,4.0,3.0,2.0,4.0,5.0,2.0,1.0,Healthy,1,No,0.0,0.0,0.0,0.0,0.0,0.0,Dog,6,"Male, castrated",Small (4.5–10.9 kg or 10–24 lb),1 – 3 hrs,Raw
587958-587949-64805480,Meat-based – raw,5.0,5.0,4.0,5.0,5.0,3.0,5.0,1.0,5.0,1.0,Healthy,2,No,0.0,0.0,0.0,0.0,0.0,0.0,Dog,2,"Female, spayed",Large (22.7–40.5 kg or 50–89 lb),> 3 hrs,Raw
587958-587949-64805667,Meat-based – raw,5.0,5.0,5.0,5.0,5.0,3.0,5.0,4.0,5.0,3.0,Healthy,0,No,0.0,0.0,0.0,0.0,0.0,0.0,Dog,4,"Male, castrated",Small (4.5–10.9 kg or 10–24 lb),30 – 60 mins,Raw
587958-587949-64806231,Meat-based – raw,5.0,5.0,4.0,5.0,5.0,,5.0,,5.0,3.0,Healthy,1,Yes,0.0,0.0,0.0,0.0,0.0,1.0,Dog,8,"Female, spayed",Large (22.7–40.5 kg or 50–89 lb),30 – 60 mins,Raw
587958-587949-64806298,Meat-based – raw,5.0,5.0,1.0,5.0,5.0,1.0,5.0,2.0,5.0,1.0,Healthy,2,No,0.0,0.0,0.0,0.0,0.0,0.0,Dog,1,"Male, castrated",Large (22.7–40.5 kg or 50–89 lb),1 – 3 hrs,Raw
587958-587949-64806331,Meat-based – raw,5.0,5.0,4.0,4.0,5.0,3.0,4.0,2.0,2.0,2.0,Generally healthy with minor or infrequent problems,1,No,1.0,0.0,0.0,0.0,0.0,0.0,Dog,3,"Female, spayed",Large (22.7–40.5 kg or 50–89 lb),1 – 3 hrs,Raw
587958-587949-64806675,Meat-based – raw,4.0,5.0,2.0,4.0,4.0,1.0,3.0,2.0,2.0,1.0,Healthy,0,No,0.0,0.0,0.0,0.0,0.0,0.0,Dog,6,"Male, castrated",Medium (11.4–22.3 kg or 25–49 lb),30 – 60 mins,Raw
587958-587949-64806703,Meat-based – raw,5.0,5.0,5.0,5.0,5.0,2.0,5.0,2.0,4.0,4.0,Healthy,0,No,0.0,0.0,0.0,0.0,0.0,0.0,Dog,3,"Male, sexually intact",Medium (11.4–22.3 kg or 25–49 lb),30 – 60 mins,Raw
587958-587949-64808249,Meat-based – raw,5.0,5.0,4.0,5.0,2.0,4.0,4.0,2.0,5.0,4.0,Healthy,0,No,0.0,0.0,0.0,0.0,0.0,0.0,Dog,3,"Female, sexually intact",Small (4.5–10.9 kg or 10–24 lb),30 – 60 mins,Raw
587958-587949-64811107,Meat-based – raw,4.0,4.0,2.0,2.0,2.0,2.0,2.0,4.0,2.0,2.0,Generally healthy with minor or infrequent problems,0,No,0.0,0.0,0.0,0.0,0.0,0.0,Dog,3,"Female, spayed",Medium (11.4–22.3 kg or 25–49 lb),> 3 hrs,Raw
587958-587949-64811964,Meat-based – raw,4.0,4.0,3.0,3.0,3.0,3.0,4.0,1.0,3.0,1.0,Healthy,0,No,0.0,0.0,0.0,0.0,0.0,0.0,Dog,3,"Female, spayed",Small (4.5–10.9 kg or 10–24 lb),30 – 60 mins,Raw
587958-587949-64812196,Meat-based – raw,5.0,5.0,5.0,5.0,3.0,1.0,4.0,2.0,1.0,1.0,Healthy,1,No,0.0,0.0,0.0,0.0,0.0,0.0,Dog,1,"Male, sexually intact",Medium (11.4–22.3 kg or 25–49 lb),> 3 hrs,Raw
587958-587949-64813483,Meat-based – conventional,4.0,5.0,1.0,5.0,3.0,1.0,4.0,4.0,4.0,1.0,Healthy,2,No,0.0,0.0,0.0,0.0,0.0,0.0,Dog,5,"Female, spayed",Large (22.7–40.5 kg or 50–89 lb),30 – 60 mins,Conventional
587958-587949-64813575,Meat-based – raw,2.0,5.0,5.0,2.0,2.0,2.0,5.0,2.0,2.0,2.0,Generally healthy with minor or infrequent problems,2,Yes,0.0,0.0,0.0,0.0,0.0,0.0,Dog,9,"Female, spayed",Medium (11.4–22.3 kg or 25–49 lb),1 – 3 hrs,Raw
587958-587949-64814961,Meat-based – raw,2.0,4.0,2.0,4.0,2.0,1.0,1.0,5.0,3.0,1.0,Healthy,0,No,0.0,0.0,0.0,0.0,0.0,0.0,Dog,1,"Female, sexually intact",Small (4.5–10.9 kg or 10–24 lb),30 – 60 mins,Raw
587958-587949-64816268,Meat-based – raw,4.0,5.0,1.0,3.0,4.0,1.0,4.0,1.0,1.0,1.0,Generally healthy with minor or infrequent problems,1,Yes,0.0,0.0,0.0,0.0,0.0,0.0,Dog,2,"Male, sexually intact",Medium (11.4–22.3 kg or 25–49 lb),> 3 hrs,Raw
587958-587949-64834072,Meat-based – raw,1.0,3.0,1.0,4.0,1.0,1.0,1.0,5.0,3.0,5.0,Healthy,1,Yes,0.0,0.0,0.0,0.0,0.0,0.0,Dog,2,"Male, castrated",Small (4.5–10.9 kg or 10–24 lb),1 – 3 hrs,Raw
587958-587949-64834780,Meat-based – raw,3.0,2.0,2.0,2.0,4.0,2.0,2.0,5.0,3.0,,Healthy,1,No,0.0,0.0,1.0,0.0,0.0,0.0,Dog,10,"Female, spayed",Large (22.7–40.5 kg or 50–89 lb),1 – 3 hrs,Raw
587958-587949-64837527,Meat-based – raw,4.0,5.0,5.0,5.0,2.0,2.0,4.0,2.0,2.0,1.0,Healthy,1,No,0.0,0.0,0.0,0.0,0.0,0.0,Dog,2,"Male, castrated",Medium (11.4–22.3 kg or 25–49 lb),> 3 hrs,Raw
587958-587949-64839351,Meat-based – raw,5.0,5.0,3.0,4.0,5.0,4.0,4.0,3.0,3.0,1.0,Generally healthy with minor or infrequent problems,2,Yes,0.0,0.0,0.0,0.0,1.0,0.0,Dog,5,"Male, castrated",Large (22.7–40.5 kg or 50–89 lb),1 – 3 hrs,Raw
587958-587949-64845174,Meat-based – raw,5.0,5.0,3.0,5.0,3.0,5.0,3.0,1.0,3.0,1.0,Healthy,1,No,0.0,0.0,0.0,0.0,0.0,0.0,Dog,2,"Female, spayed",Small (4.5–10.9 kg or 10–24 lb),1 – 3 hrs,Raw
587958-587949-64873206,Meat-based – conventional,3.0,3.0,3.0,3.0,3.0,3.0,3.0,4.0,3.0,3.0,Healthy,2,Yes,0.0,0.0,0.0,0.0,0.0,0.0,Dog,7,"Male, sexually intact",Small (4.5–10.9 kg or 10–24 lb),1 – 3 hrs,Conventional
587958-587949-64879595,Meat-based – raw,4.0,3.0,3.0,4.0,3.0,3.0,3.0,4.0,4.0,4.0,Healthy,1,No,0.0,0.0,0.0,0.0,0.0,0.0,Dog,6,"Male, castrated",Toy (≤ 4.1 kg or ≤ 9 lb),30 – 60 mins,Raw
587958-587949-64882962,Vegan (consuming no animal products),5.0,5.0,5.0,5.0,5.0,5.0,5.0,1.0,5.0,5.0,Healthy,0,No,0.0,0.0,0.0,0.0,0.0,0.0,Dog,8,"Male, castrated",Large (22.7–40.5 kg or 50–89 lb),> 3 hrs,Vegan
587958-587949-64903405,Meat-based – raw,5.0,5.0,4.0,4.0,3.0,4.0,5.0,5.0,3.0,1.0,Healthy,1,No,0.0,0.0,0.0,0.0,0.0,0.0,Dog,4,"Male, castrated",Medium (11.4–22.3 kg or 25–49 lb),1 – 3 hrs,Raw
587958-587949-64919592,Meat-based – conventional,4.0,5.0,2.0,3.0,5.0,1.0,4.0,1.0,4.0,1.0,Generally healthy with minor or infrequent problems,>3,Yes,0.0,0.0,0.0,0.0,1.0,0.0,Dog,2,"Male, sexually intact",Large (22.7–40.5 kg or 50–89 lb),30 – 60 mins,Conventional
587958-587949-64920892,Meat-based – raw,5.0,5.0,1.0,5.0,3.0,4.0,3.0,3.0,5.0,1.0,Healthy,2,No,0.0,0.0,0.0,0.0,0.0,0.0,Dog,2,"Female, spayed",Medium (11.4–22.3 kg or 25–49 lb),1 – 3 hrs,Raw
587958-587949-64932594,Meat-based – raw,3.0,3.0,2.0,2.0,2.0,2.0,2.0,4.0,4.0,4.0,Healthy,0,No,0.0,0.0,0.0,0.0,0.0,0.0,Dog,1,"Male, sexually intact",Large (22.7–40.5 kg or 50–89 lb),1 – 3 hrs,Raw
587958-587949-64935635,Meat-based – raw,4.0,5.0,3.0,3.0,3.0,3.0,3.0,3.0,4.0,3.0,Healthy,0,No,0.0,0.0,0.0,0.0,0.0,0.0,Dog,9,"Female, spayed",Medium (11.4–22.3 kg or 25–49 lb),30 – 60 mins,Raw
587958-587949-64956789,Meat-based – raw,5.0,5.0,2.0,5.0,5.0,5.0,5.0,1.0,5.0,2.0,Healthy,1,No,0.0,0.0,0.0,0.0,0.0,0.0,Dog,2,"Male, sexually intact",Large (22.7–40.5 kg or 50–89 lb),1 – 3 hrs,Raw
587958-587949-65075481,Meat-based – raw,4.0,4.0,2.0,3.0,2.0,2.0,3.0,4.0,3.0,1.0,Healthy,2,No,0.0,0.0,0.0,0.0,0.0,0.0,Dog,1,"Female, sexually intact",Small (4.5–10.9 kg or 10–24 lb),1 – 3 hrs,Raw
587958-587949-65240886,Meat-based – conventional,5.0,5.0,2.0,5.0,5.0,2.0,5.0,2.0,5.0,1.0,Generally healthy with minor or infrequent problems,2,Yes,0.0,0.0,0.0,0.0,0.0,0.0,Dog,13,"Male, castrated",Medium (11.4–22.3 kg or 25–49 lb),30 – 60 mins,Conventional
587958-587949-65444210,Vegan (consuming no animal products),4.0,2.0,1.0,1.0,1.0,1.0,4.0,3.0,3.0,2.0,Significant or frequent problems,3,Yes,0.0,0.0,0.0,0.0,0.0,0.0,Dog,13,"Male, castrated",Medium (11.4–22.3 kg or 25–49 lb),30 – 60 mins,Vegan
587958-587949-65529185,Meat-based – conventional,5.0,5.0,4.0,4.0,5.0,4.0,5.0,2.0,5.0,5.0,Healthy,2,Yes,0.0,0.0,0.0,0.0,0.0,0.0,Dog,13,"Male, castrated",Large (22.7–40.5 kg or 50–89 lb),0 – 30 mins,Conventional
587958-587949-65618217,Meat-based – conventional,5.0,5.0,1.0,1.0,1.0,1.0,1.0,1.0,1.0,1.0,Healthy,1,No,0.0,0.0,0.0,0.0,0.0,0.0,Dog,8,"Female, sexually intact",Small (4.5–10.9 kg or 10–24 lb),1 – 3 hrs,Conventional
587958-587949-65635461,Meat-based – conventional,5.0,4.0,2.0,2.0,5.0,2.0,5.0,4.0,5.0,2.0,Generally healthy with minor or infrequent problems,0,No,0.0,0.0,0.0,0.0,0.0,0.0,Dog,15,"Male, castrated",Large (22.7–40.5 kg or 50–89 lb),0 – 30 mins,Conventional
587958-587949-65637735,Meat-based – conventional,2.0,5.0,3.0,4.0,3.0,5.0,2.0,5.0,2.0,2.0,Generally healthy with minor or infrequent problems,Unsure,Yes,0.0,0.0,0.0,0.0,0.0,0.0,Dog,8,"Female, spayed",Medium (11.4–22.3 kg or 25–49 lb),30 – 60 mins,Conventional
587958-587949-65651796,Meat-based – conventional,4.0,2.0,1.0,4.0,2.0,2.0,5.0,2.0,3.0,1.0,Generally healthy with minor or infrequent problems,>3,Yes,0.0,0.0,1.0,0.0,0.0,0.0,Dog,3,"Female, spayed",Medium (11.4–22.3 kg or 25–49 lb),1 – 3 hrs,Conventional
587958-587949-65659447,Meat-based – conventional,5.0,5.0,3.0,4.0,4.0,5.0,5.0,2.0,4.0,5.0,Significant or frequent problems,2,Yes,0.0,0.0,0.0,0.0,0.0,0.0,Dog,6,"Male, castrated",Medium (11.4–22.3 kg or 25–49 lb),30 – 60 mins,Conventional
587958-587949-65664271,Vegan (consuming no animal products),4.0,4.0,4.0,4.0,2.0,4.0,4.0,2.0,4.0,2.0,Healthy,1,No,0.0,0.0,0.0,0.0,0.0,0.0,Dog,6,"Female, spayed",Large (22.7–40.5 kg or 50–89 lb),30 – 60 mins,Vegan
587958-587949-65665850,Vegan (consuming no animal products),2.0,2.0,2.0,2.0,2.0,2.0,2.0,3.0,2.0,1.0,Healthy,1,No,0.0,0.0,0.0,0.0,0.0,0.0,Dog,4,"Male, castrated",Small (4.5–10.9 kg or 10–24 lb),30 – 60 mins,Vegan
587958-587949-65666880,Vegan (consuming no animal products),5.0,5.0,1.0,5.0,5.0,1.0,5.0,1.0,3.0,1.0,Healthy,1,Yes,0.0,0.0,0.0,0.0,0.0,0.0,Dog,7,"Male, castrated",Large (22.7–40.5 kg or 50–89 lb),> 3 hrs,Vegan
587958-587949-65667909,Vegan (consuming no animal products),4.0,4.0,4.0,4.0,4.0,2.0,4.0,4.0,4.0,2.0,Healthy,0,No,0.0,0.0,0.0,0.0,0.0,0.0,Dog,9,"Female, spayed",Large (22.7–40.5 kg or 50–89 lb),1 – 3 hrs,Vegan
587958-587949-65671078,Vegan (consuming no animal products),4.0,4.0,3.0,4.0,5.0,3.0,4.0,2.0,4.0,3.0,Healthy,>3,No,0.0,0.0,0.0,0.0,0.0,0.0,Dog,3,"Female, spayed",Giant (> 40.9 kg or > 90 lb),30 – 60 mins,Vegan
587958-587949-65687834,Meat-based – conventional,3.0,1.0,1.0,1.0,1.0,1.0,2.0,4.0,2.0,3.0,Healthy,1,No,0.0,0.0,0.0,0.0,0.0,0.0,Dog,12,"Male, castrated",Small (4.5–10.9 kg or 10–24 lb),0 – 30 mins,Conventional
587958-587949-65694052,Meat-based – raw,5.0,5.0,4.0,5.0,5.0,4.0,5.0,2.0,5.0,5.0,Generally healthy with minor or infrequent problems,3,Yes,0.0,0.0,0.0,0.0,0.0,0.0,Dog,6,"Female, spayed",Large (22.7–40.5 kg or 50–89 lb),30 – 60 mins,Raw
587958-587949-65711891,Vegan (consuming no animal products),5.0,5.0,2.0,5.0,2.0,2.0,5.0,2.0,5.0,2.0,Healthy,0,No,0.0,0.0,0.0,0.0,0.0,0.0,Dog,14,"Female, spayed",Medium (11.4–22.3 kg or 25–49 lb),0 – 30 mins,Vegan
587958-587949-65738963,Vegan (consuming no animal products),5.0,5.0,4.0,4.0,3.0,2.0,4.0,4.0,5.0,5.0,Healthy,1,No,0.0,0.0,0.0,0.0,0.0,0.0,Dog,13,"Male, castrated",Toy (≤ 4.1 kg or ≤ 9 lb),30 – 60 mins,Vegan
587958-587949-65750613,Meat-based – conventional,5.0,5.0,5.0,5.0,4.0,4.0,5.0,2.0,3.0,2.0,Generally healthy with minor or infrequent problems,3,Yes,0.0,0.0,0.0,0.0,0.0,1.0,Dog,3,"Female, spayed",Small (4.5–10.9 kg or 10–24 lb),30 – 60 mins,Conventional
587958-587949-65782502,Vegan (consuming no animal products),4.0,4.0,3.0,4.0,2.0,,5.0,5.0,2.0,3.0,Healthy,2,Yes,0.0,0.0,0.0,0.0,0.0,0.0,Dog,10,"Male, castrated",Medium (11.4–22.3 kg or 25–49 lb),30 – 60 mins,Vegan
587958-587949-65796567,Meat-based – conventional,4.0,5.0,5.0,3.0,3.0,4.0,5.0,5.0,4.0,3.0,Healthy,1,No,0.0,0.0,0.0,0.0,0.0,0.0,Dog,3,"Female, spayed",Medium (11.4–22.3 kg or 25–49 lb),30 – 60 mins,Conventional
587958-587949-65796755,Meat-based – raw,5.0,5.0,5.0,5.0,5.0,5.0,5.0,2.0,5.0,2.0,Significant or frequent problems,>3,Yes,0.0,0.0,0.0,0.0,0.0,1.0,Dog,9,"Female, spayed",Large (22.7–40.5 kg or 50–89 lb),30 – 60 mins,Raw
587958-587949-65833228,Meat-based – raw,5.0,4.0,4.0,3.0,3.0,4.0,5.0,1.0,3.0,2.0,Healthy,2,No,0.0,0.0,0.0,0.0,0.0,0.0,Dog,6,"Male, castrated",Large (22.7–40.5 kg or 50–89 lb),0 – 30 mins,Raw
587958-587949-65833413,Meat-based – conventional,4.0,5.0,1.0,3.0,3.0,4.0,2.0,3.0,5.0,1.0,Healthy,1,No,0.0,0.0,0.0,0.0,0.0,0.0,Dog,10,"Male, sexually intact",Large (22.7–40.5 kg or 50–89 lb),1 – 3 hrs,Conventional
587958-587949-65835703,Meat-based – raw,3.0,3.0,2.0,4.0,3.0,1.0,2.0,5.0,2.0,1.0,Healthy,0,No,0.0,0.0,0.0,0.0,0.0,0.0,Dog,4,"Male, sexually intact",Medium (11.4–22.3 kg or 25–49 lb),1 – 3 hrs,Raw
587958-587949-65842584,Meat-based – conventional,3.0,2.0,2.0,2.0,2.0,2.0,2.0,4.0,4.0,2.0,Generally healthy with minor or infrequent problems,2,Yes,0.0,0.0,0.0,0.0,1.0,0.0,Dog,10,"Male, castrated",Small (4.5–10.9 kg or 10–24 lb),30 – 60 mins,Conventional
587958-587949-65847334,Meat-based – raw,5.0,3.0,2.0,4.0,4.0,2.0,5.0,3.0,5.0,2.0,Healthy,1,No,0.0,0.0,0.0,0.0,0.0,0.0,Dog,2,"Male, castrated",Medium (11.4–22.3 kg or 25–49 lb),30 – 60 mins,Raw
587958-587949-65847756,Meat-based – conventional,2.0,2.0,2.0,5.0,2.0,4.0,2.0,5.0,2.0,1.0,Generally healthy with minor or infrequent problems,3,Yes,0.0,0.0,0.0,1.0,0.0,1.0,Dog,7,"Female, spayed",Small (4.5–10.9 kg or 10–24 lb),1 – 3 hrs,Conventional
587958-587949-65847618,Meat-based – conventional,2.0,2.0,2.0,2.0,2.0,2.0,4.0,4.0,1.0,,Generally healthy with minor or infrequent problems,3,Yes,0.0,0.0,0.0,0.0,0.0,0.0,Dog,3,"Male, castrated",Small (4.5–10.9 kg or 10–24 lb),1 – 3 hrs,Conventional
587958-587949-65851233,Meat-based – conventional,2.0,4.0,2.0,3.0,2.0,2.0,2.0,5.0,3.0,2.0,Generally healthy with minor or infrequent problems,0,Yes,0.0,0.0,0.0,0.0,0.0,0.0,Dog,11,"Female, spayed",Large (22.7–40.5 kg or 50–89 lb),1 – 3 hrs,Conventional
587958-587949-65859825,Meat-based – conventional,5.0,5.0,5.0,5.0,5.0,5.0,5.0,3.0,5.0,5.0,Healthy,1,No,0.0,0.0,0.0,0.0,0.0,0.0,Dog,7,"Male, castrated",Large (22.7–40.5 kg or 50–89 lb),30 – 60 mins,Conventional
587958-587949-65870880,Meat-based – raw,5.0,4.0,5.0,5.0,2.0,2.0,5.0,2.0,5.0,5.0,Healthy,2,No,0.0,0.0,0.0,0.0,0.0,0.0,Dog,11,"Male, castrated",Small (4.5–10.9 kg or 10–24 lb),1 – 3 hrs,Raw
587958-587949-65874876,Meat-based – conventional,5.0,5.0,2.0,4.0,3.0,3.0,3.0,2.0,2.0,1.0,Generally healthy with minor or infrequent problems,1,Yes,0.0,0.0,0.0,0.0,0.0,0.0,Dog,10,"Female, spayed",Giant (> 40.9 kg or > 90 lb),30 – 60 mins,Conventional
587958-587949-65881811,Meat-based – conventional,4.0,4.0,3.0,5.0,4.0,1.0,4.0,2.0,3.0,1.0,Healthy,0,No,0.0,0.0,0.0,0.0,0.0,0.0,Dog,3,"Female, spayed",Medium (11.4–22.3 kg or 25–49 lb),1 – 3 hrs,Conventional
587958-587949-65882185,Meat-based – conventional,4.0,4.0,1.0,4.0,2.0,2.0,4.0,4.0,1.0,1.0,Healthy,2,Yes,0.0,0.0,0.0,0.0,0.0,0.0,Dog,5,"Male, castrated",Large (22.7–40.5 kg or 50–89 lb),1 – 3 hrs,Conventional
587958-587949-65884952,Meat-based – conventional,5.0,5.0,2.0,4.0,4.0,1.0,3.0,5.0,1.0,1.0,Healthy,2,Yes,0.0,0.0,0.0,0.0,0.0,0.0,Dog,5,"Male, castrated",Medium (11.4–22.3 kg or 25–49 lb),> 3 hrs,Conventional
587958-587949-65888955,Meat-based – raw,5.0,5.0,5.0,5.0,5.0,2.0,5.0,2.0,5.0,1.0,Healthy,1,No,0.0,0.0,0.0,0.0,0.0,0.0,Dog,2,"Male, castrated",Large (22.7–40.5 kg or 50–89 lb),1 – 3 hrs,Raw
587958-587949-65889530,Vegan (consuming no animal products),5.0,5.0,2.0,5.0,5.0,2.0,5.0,2.0,5.0,2.0,Generally healthy with minor or infrequent problems,2,Yes,0.0,0.0,0.0,0.0,0.0,0.0,Dog,6,"Male, castrated",Large (22.7–40.5 kg or 50–89 lb),30 – 60 mins,Vegan
587958-587949-65892528,Meat-based – conventional,4.0,3.0,3.0,4.0,4.0,2.0,5.0,3.0,4.0,3.0,Generally healthy with minor or infrequent problems,2,Yes,0.0,0.0,0.0,0.0,0.0,0.0,Dog,7,"Female, spayed",Large (22.7–40.5 kg or 50–89 lb),1 – 3 hrs,Conventional
587958-587949-65897383,Meat-based – raw,5.0,4.0,2.0,2.0,3.0,2.0,2.0,3.0,4.0,3.0,Healthy,1,No,0.0,0.0,0.0,0.0,0.0,0.0,Dog,6,"Female, spayed",Large (22.7–40.5 kg or 50–89 lb),1 – 3 hrs,Raw
587958-587949-65898523,Meat-based – raw,5.0,5.0,3.0,5.0,3.0,5.0,5.0,1.0,5.0,1.0,Generally healthy with minor or infrequent problems,1,Yes,0.0,0.0,0.0,0.0,0.0,0.0,Dog,10,"Male, castrated",Medium (11.4–22.3 kg or 25–49 lb),30 – 60 mins,Raw
587958-587949-65910115,Meat-based – conventional,3.0,4.0,1.0,4.0,2.0,2.0,4.0,4.0,4.0,4.0,Generally healthy with minor or infrequent problems,2,Yes,0.0,0.0,0.0,0.0,0.0,0.0,Dog,7,"Male, castrated",Medium (11.4–22.3 kg or 25–49 lb),1 – 3 hrs,Conventional
587958-587949-65905691,Vegan (consuming no animal products),4.0,5.0,5.0,5.0,5.0,1.0,3.0,3.0,5.0,5.0,Healthy,0,No,0.0,0.0,0.0,0.0,0.0,0.0,Dog,3,"Female, sexually intact",Medium (11.4–22.3 kg or 25–49 lb),30 – 60 mins,Vegan
587958-587949-65918680,Meat-based – conventional,2.0,4.0,1.0,2.0,2.0,1.0,1.0,3.0,3.0,1.0,Generally healthy with minor or infrequent problems,1,No,0.0,0.0,0.0,0.0,0.0,0.0,Dog,8,"Female, spayed",Large (22.7–40.5 kg or 50–89 lb),> 3 hrs,Conventional
587958-587949-65925488,Meat-based – raw,5.0,5.0,1.0,5.0,5.0,4.0,4.0,2.0,2.0,1.0,Healthy,0,No,0.0,0.0,0.0,0.0,0.0,0.0,Dog,10,"Male, castrated",Large (22.7–40.5 kg or 50–89 lb),30 – 60 mins,Raw
587958-587949-65925519,Meat-based – conventional,2.0,4.0,1.0,,4.0,2.0,2.0,4.0,2.0,1.0,Generally healthy with minor or infrequent problems,1,No,0.0,0.0,0.0,0.0,0.0,0.0,Dog,13,"Male, castrated",Large (22.7–40.5 kg or 50–89 lb),1 – 3 hrs,Conventional
587958-587949-65927483,Meat-based – conventional,4.0,3.0,2.0,4.0,2.0,1.0,3.0,3.0,3.0,1.0,Significant or frequent problems,>3,Yes,0.0,0.0,0.0,0.0,1.0,0.0,Dog,5,"Female, spayed",Medium (11.4–22.3 kg or 25–49 lb),1 – 3 hrs,Conventional
587958-587949-65944079,Vegan (consuming no animal products),4.0,4.0,3.0,3.0,4.0,2.0,3.0,4.0,4.0,4.0,Healthy,1,No,0.0,0.0,0.0,1.0,0.0,0.0,Dog,16,"Male, castrated",Medium (11.4–22.3 kg or 25–49 lb),30 – 60 mins,Vegan
587958-587949-65946837,Meat-based – conventional,3.0,3.0,2.0,3.0,3.0,1.0,4.0,4.0,3.0,1.0,Healthy,0,No,0.0,0.0,0.0,0.0,0.0,0.0,Dog,15,"Male, castrated",Small (4.5–10.9 kg or 10–24 lb),30 – 60 mins,Conventional
587958-587949-65956626,Meat-based – conventional,5.0,3.0,2.0,3.0,3.0,1.0,4.0,2.0,3.0,1.0,Healthy,0,No,0.0,0.0,0.0,0.0,0.0,0.0,Dog,10,"Male, sexually intact",Large (22.7–40.5 kg or 50–89 lb),1 – 3 hrs,Conventional
587958-587949-65993983,Meat-based – raw,2.0,4.0,1.0,4.0,5.0,2.0,3.0,2.0,1.0,1.0,Significant or frequent problems,>3,Yes,0.0,0.0,0.0,0.0,0.0,0.0,Dog,4,"Female, spayed",Large (22.7–40.5 kg or 50–89 lb),30 – 60 mins,Raw
587958-587949-66000844,Meat-based – conventional,5.0,5.0,4.0,4.0,4.0,4.0,4.0,4.0,4.0,4.0,Healthy,Unsure,No,0.0,0.0,0.0,0.0,0.0,0.0,Dog,19,"Male, castrated",Medium (11.4–22.3 kg or 25–49 lb),1 – 3 hrs,Conventional
587958-587949-66101304,Meat-based – conventional,5.0,5.0,4.0,4.0,4.0,3.0,4.0,2.0,4.0,2.0,Generally healthy with minor or infrequent problems,1,No,0.0,0.0,0.0,0.0,0.0,0.0,Dog,10,"Female, spayed",Small (4.5–10.9 kg or 10–24 lb),30 – 60 mins,Conventional
587958-587949-66124928,Vegan (consuming no animal products),2.0,3.0,1.0,5.0,5.0,1.0,2.0,5.0,2.0,5.0,Generally healthy with minor or infrequent problems,2,No,0.0,0.0,0.0,0.0,0.0,0.0,Dog,8,"Male, castrated",Medium (11.4–22.3 kg or 25–49 lb),1 – 3 hrs,Vegan
587958-587949-66127054,Meat-based – conventional,2.0,5.0,2.0,3.0,5.0,2.0,1.0,2.0,2.0,2.0,Healthy,1,No,0.0,0.0,0.0,0.0,0.0,0.0,Dog,2,"Male, sexually intact",Giant (> 40.9 kg or > 90 lb),1 – 3 hrs,Conventional
587958-587949-66127735,Meat-based – conventional,2.0,3.0,2.0,5.0,3.0,2.0,2.0,2.0,4.0,3.0,Healthy,1,Yes,0.0,0.0,0.0,0.0,0.0,0.0,Dog,6,"Female, spayed",Large (22.7–40.5 kg or 50–89 lb),30 – 60 mins,Conventional
587958-587949-66145165,Vegan (consuming no animal products),3.0,4.0,2.0,2.0,3.0,2.0,3.0,5.0,4.0,2.0,Healthy,0,No,0.0,0.0,0.0,0.0,0.0,0.0,Dog,11,"Female, spayed",Small (4.5–10.9 kg or 10–24 lb),30 – 60 mins,Vegan
587958-587949-66149464,Meat-based – conventional,4.0,3.0,2.0,4.0,2.0,2.0,3.0,4.0,4.0,4.0,Significant or frequent problems,3,Yes,0.0,0.0,0.0,0.0,0.0,0.0,Dog,9,"Female, spayed",Small (4.5–10.9 kg or 10–24 lb),30 – 60 mins,Conventional
587958-587949-66159877,Meat-based – raw,4.0,4.0,2.0,4.0,4.0,2.0,4.0,2.0,4.0,2.0,Healthy,0,No,0.0,0.0,0.0,0.0,0.0,0.0,Dog,8,"Male, sexually intact",Large (22.7–40.5 kg or 50–89 lb),1 – 3 hrs,Raw
587958-587949-66183051,Meat-based – conventional,3.0,2.0,2.0,2.0,2.0,2.0,2.0,4.0,4.0,1.0,Healthy,>3,Yes,0.0,0.0,1.0,0.0,0.0,0.0,Dog,3,"Male, castrated",Medium (11.4–22.3 kg or 25–49 lb),1 – 3 hrs,Conventional
587958-587949-66183315,Meat-based – raw,4.0,4.0,1.0,4.0,4.0,1.0,4.0,4.0,2.0,1.0,Healthy,1,No,0.0,0.0,0.0,0.0,0.0,0.0,Dog,11,"Male, sexually intact",Medium (11.4–22.3 kg or 25–49 lb),30 – 60 mins,Raw
587958-587949-66184178,Meat-based – conventional,5.0,2.0,2.0,2.0,2.0,2.0,5.0,4.0,5.0,4.0,Generally healthy with minor or infrequent problems,1,Yes,0.0,0.0,0.0,0.0,0.0,0.0,Dog,8,"Male, castrated",Medium (11.4–22.3 kg or 25–49 lb),1 – 3 hrs,Conventional
587958-587949-66186693,Meat-based – conventional,4.0,1.0,1.0,1.0,1.0,4.0,4.0,4.0,4.0,1.0,Generally healthy with minor or infrequent problems,>3,Yes,0.0,0.0,0.0,1.0,0.0,0.0,Dog,14,"Male, castrated",Medium (11.4–22.3 kg or 25–49 lb),1 – 3 hrs,Conventional
587958-587949-66187630,Meat-based – raw,5.0,5.0,4.0,5.0,5.0,4.0,5.0,5.0,5.0,3.0,Healthy,1,Yes,0.0,0.0,0.0,0.0,0.0,0.0,Dog,7,"Male, castrated",Large (22.7–40.5 kg or 50–89 lb),1 – 3 hrs,Raw
587958-587949-66187708,Meat-based – raw,5.0,4.0,2.0,4.0,5.0,5.0,5.0,2.0,3.0,1.0,Healthy,1,No,0.0,0.0,0.0,0.0,0.0,0.0,Dog,12,"Female, spayed",Large (22.7–40.5 kg or 50–89 lb),1 – 3 hrs,Raw
587958-587949-66188839,Meat-based – conventional,4.0,4.0,2.0,2.0,4.0,1.0,4.0,2.0,4.0,1.0,Healthy,1,No,0.0,0.0,0.0,0.0,0.0,0.0,Dog,11,"Female, spayed",Medium (11.4–22.3 kg or 25–49 lb),1 – 3 hrs,Conventional
587958-587949-66189611,Meat-based – conventional,4.0,4.0,3.0,5.0,3.0,2.0,4.0,2.0,4.0,1.0,Generally healthy with minor or infrequent problems,2,Yes,0.0,0.0,0.0,0.0,0.0,0.0,Dog,5,"Female, spayed",Small (4.5–10.9 kg or 10–24 lb),1 – 3 hrs,Conventional
587958-587949-66189661,Meat-based – conventional,5.0,5.0,4.0,4.0,2.0,5.0,3.0,2.0,3.0,4.0,Generally healthy with minor or infrequent problems,2,Yes,0.0,0.0,0.0,0.0,0.0,1.0,Dog,2,"Female, spayed",Small (4.5–10.9 kg or 10–24 lb),30 – 60 mins,Conventional
587958-587949-66192404,Meat-based – conventional,5.0,5.0,4.0,2.0,2.0,4.0,5.0,2.0,4.0,2.0,Significant or frequent problems,1,Yes,0.0,0.0,0.0,0.0,0.0,0.0,Dog,11,"Female, spayed",Large (22.7–40.5 kg or 50–89 lb),30 – 60 mins,Conventional
587958-587949-66192973,Meat-based – conventional,3.0,4.0,3.0,2.0,2.0,2.0,3.0,4.0,3.0,3.0,Healthy,2,No,0.0,0.0,0.0,0.0,0.0,1.0,Dog,1,"Male, castrated",Medium (11.4–22.3 kg or 25–49 lb),1 – 3 hrs,Conventional
587958-587949-66193773,Meat-based – conventional,3.0,2.0,2.0,4.0,3.0,2.0,2.0,3.0,2.0,1.0,Generally healthy with minor or infrequent problems,3,Yes,0.0,0.0,0.0,0.0,0.0,1.0,Dog,3,"Female, sexually intact",Medium (11.4–22.3 kg or 25–49 lb),1 – 3 hrs,Conventional
587958-587949-66193879,Meat-based – raw,5.0,5.0,1.0,1.0,5.0,1.0,1.0,1.0,5.0,1.0,Healthy,2,Yes,0.0,0.0,0.0,0.0,0.0,0.0,Dog,10,"Female, spayed",Medium (11.4–22.3 kg or 25–49 lb),30 – 60 mins,Raw
587958-587949-66194634,Meat-based – conventional,5.0,5.0,1.0,3.0,3.0,1.0,5.0,2.0,5.0,1.0,Generally healthy with minor or infrequent problems,>3,Yes,0.0,0.0,0.0,0.0,1.0,0.0,Dog,10,"Male, castrated",Small (4.5–10.9 kg or 10–24 lb),1 – 3 hrs,Conventional
587958-587949-66195869,Meat-based – conventional,2.0,4.0,1.0,2.0,4.0,1.0,2.0,4.0,4.0,1.0,Significant or frequent problems,>3,Yes,0.0,0.0,0.0,0.0,1.0,1.0,Dog,10,"Male, castrated",Large (22.7–40.5 kg or 50–89 lb),1 – 3 hrs,Conventional
587958-587949-66198929,Meat-based – raw,5.0,5.0,1.0,5.0,2.0,1.0,2.0,4.0,4.0,1.0,Healthy,1,No,0.0,0.0,0.0,0.0,0.0,0.0,Dog,1,"Female, spayed",Large (22.7–40.5 kg or 50–89 lb),30 – 60 mins,Raw
587958-587949-66199620,Meat-based – conventional,4.0,4.0,2.0,4.0,2.0,2.0,4.0,5.0,4.0,4.0,Healthy,1,No,0.0,0.0,0.0,0.0,0.0,0.0,Dog,2,"Male, castrated",Medium (11.4–22.3 kg or 25–49 lb),1 – 3 hrs,Conventional
587958-587949-66200003,Meat-based – raw,3.0,5.0,2.0,4.0,2.0,2.0,4.0,3.0,4.0,2.0,Healthy,1,No,0.0,0.0,0.0,0.0,0.0,0.0,Dog,7,"Male, castrated",Medium (11.4–22.3 kg or 25–49 lb),30 – 60 mins,Raw
587958-587949-66200250,Meat-based – conventional,5.0,5.0,3.0,4.0,4.0,5.0,5.0,5.0,,,Generally healthy with minor or infrequent problems,2,Yes,0.0,0.0,0.0,0.0,0.0,0.0,Dog,12,"Male, castrated",Medium (11.4–22.3 kg or 25–49 lb),30 – 60 mins,Conventional
587958-587949-66200517,Meat-based – raw,5.0,5.0,3.0,4.0,4.0,2.0,4.0,1.0,5.0,3.0,Significant or frequent problems,1,Yes,0.0,0.0,0.0,0.0,0.0,1.0,Dog,2,"Female, sexually intact",Large (22.7–40.5 kg or 50–89 lb),1 – 3 hrs,Raw
587958-587949-66200174,Meat-based – raw,5.0,5.0,5.0,5.0,3.0,2.0,4.0,2.0,2.0,2.0,Healthy,1,Yes,1.0,0.0,0.0,0.0,0.0,0.0,Dog,3,"Male, castrated",Large (22.7–40.5 kg or 50–89 lb),1 – 3 hrs,Raw
587958-587949-66200496,Meat-based – conventional,3.0,4.0,1.0,1.0,2.0,1.0,3.0,5.0,3.0,1.0,Healthy,1,No,0.0,0.0,0.0,0.0,0.0,0.0,Dog,3,"Female, spayed",Medium (11.4–22.3 kg or 25–49 lb),30 – 60 mins,Conventional
587958-587949-66202715,Meat-based – conventional,2.0,4.0,1.0,3.0,2.0,2.0,2.0,4.0,1.0,1.0,Healthy,1,No,0.0,0.0,0.0,0.0,0.0,0.0,Dog,14,"Female, spayed",Large (22.7–40.5 kg or 50–89 lb),30 – 60 mins,Conventional
587958-587949-66203531,Meat-based – raw,5.0,3.0,2.0,5.0,5.0,1.0,4.0,4.0,3.0,1.0,Generally healthy with minor or infrequent problems,2,Yes,0.0,0.0,0.0,0.0,0.0,0.0,Dog,4,"Female, spayed",Large (22.7–40.5 kg or 50–89 lb),1 – 3 hrs,Raw
587958-587949-66203690,Meat-based – conventional,4.0,5.0,4.0,3.0,2.0,4.0,4.0,1.0,3.0,2.0,Healthy,2,Yes,0.0,0.0,0.0,0.0,0.0,0.0,Dog,2,"Male, sexually intact",Medium (11.4–22.3 kg or 25–49 lb),30 – 60 mins,Conventional
587958-587949-66203626,Meat-based – raw,5.0,5.0,4.0,3.0,2.0,2.0,4.0,1.0,3.0,1.0,Healthy,1,No,0.0,0.0,0.0,0.0,0.0,0.0,Dog,4,"Female, sexually intact",Medium (11.4–22.3 kg or 25–49 lb),1 – 3 hrs,Raw
587958-587949-66204737,Meat-based – conventional,5.0,5.0,1.0,4.0,3.0,1.0,4.0,4.0,3.0,1.0,Generally healthy with minor or infrequent problems,0,No,0.0,0.0,0.0,0.0,0.0,0.0,Dog,11,"Female, spayed",Medium (11.4–22.3 kg or 25–49 lb),0 – 30 mins,Conventional
587958-587949-66205373,Meat-based – raw,4.0,3.0,4.0,4.0,5.0,4.0,4.0,,4.0,3.0,Healthy,0,No,0.0,0.0,0.0,0.0,0.0,0.0,Dog,3,"Male, sexually intact",Large (22.7–40.5 kg or 50–89 lb),1 – 3 hrs,Raw
587958-587949-66205398,Vegan (consuming no animal products),5.0,5.0,5.0,4.0,3.0,4.0,4.0,3.0,3.0,3.0,Healthy,1,No,0.0,0.0,0.0,0.0,0.0,0.0,Dog,4,"Male, castrated",Large (22.7–40.5 kg or 50–89 lb),1 – 3 hrs,Vegan
587958-587949-66206156,Meat-based – raw,5.0,5.0,4.0,5.0,4.0,4.0,4.0,3.0,3.0,1.0,Generally healthy with minor or infrequent problems,2,No,0.0,0.0,0.0,0.0,0.0,0.0,Dog,7,"Male, sexually intact",Medium (11.4–22.3 kg or 25–49 lb),1 – 3 hrs,Raw
587958-587949-66206257,Vegan (consuming no animal products),2.0,,2.0,2.0,2.0,2.0,3.0,5.0,5.0,2.0,Significant or frequent problems,>3,Yes,0.0,0.0,0.0,0.0,0.0,0.0,Dog,3,"Male, sexually intact",Large (22.7–40.5 kg or 50–89 lb),30 – 60 mins,Vegan
587958-587949-66207388,Meat-based – conventional,5.0,4.0,1.0,5.0,5.0,1.0,5.0,1.0,5.0,1.0,Healthy,1,No,0.0,0.0,0.0,0.0,0.0,0.0,Dog,7,"Female, spayed",Large (22.7–40.5 kg or 50–89 lb),1 – 3 hrs,Conventional
587958-587949-66207561,Meat-based – raw,5.0,4.0,2.0,,1.0,1.0,3.0,1.0,2.0,1.0,Healthy,1,No,0.0,0.0,0.0,0.0,0.0,0.0,Dog,1,"Male, sexually intact",Large (22.7–40.5 kg or 50–89 lb),1 – 3 hrs,Raw
587958-587949-66207650,Meat-based – raw,5.0,5.0,2.0,4.0,3.0,4.0,4.0,4.0,4.0,4.0,Healthy,2,No,0.0,0.0,0.0,0.0,0.0,0.0,Dog,14,"Female, sexually intact",Medium (11.4–22.3 kg or 25–49 lb),30 – 60 mins,Raw
587958-587949-66208650,Meat-based – conventional,5.0,5.0,3.0,3.0,3.0,4.0,3.0,4.0,5.0,5.0,Healthy,2,Yes,0.0,1.0,0.0,0.0,0.0,0.0,Dog,2,"Male, castrated",Small (4.5–10.9 kg or 10–24 lb),30 – 60 mins,Conventional
587958-587949-66210716,Meat-based – conventional,5.0,5.0,1.0,5.0,4.0,5.0,5.0,2.0,4.0,1.0,Healthy,0,No,0.0,0.0,0.0,0.0,0.0,0.0,Dog,16,"Male, castrated",Large (22.7–40.5 kg or 50–89 lb),30 – 60 mins,Conventional
587958-587949-66210856,Meat-based – raw,5.0,5.0,5.0,5.0,5.0,4.0,5.0,1.0,4.0,1.0,Healthy,1,No,0.0,0.0,0.0,0.0,0.0,0.0,Dog,8,"Female, spayed",Small (4.5–10.9 kg or 10–24 lb),30 – 60 mins,Raw
587958-587949-66210867,Vegan (consuming no animal products),4.0,4.0,2.0,4.0,4.0,1.0,2.0,1.0,1.0,1.0,Healthy,0,No,0.0,0.0,0.0,0.0,0.0,0.0,Dog,5,"Female, spayed",Medium (11.4–22.3 kg or 25–49 lb),1 – 3 hrs,Vegan
587958-587949-66211087,Vegan (consuming no animal products),5.0,3.0,1.0,5.0,5.0,1.0,5.0,3.0,4.0,1.0,Healthy,2,Yes,0.0,0.0,0.0,0.0,0.0,0.0,Dog,5,"Female, spayed",Medium (11.4–22.3 kg or 25–49 lb),1 – 3 hrs,Vegan
587958-587949-66211187,Vegan (consuming no animal products),2.0,3.0,2.0,3.0,1.0,3.0,2.0,4.0,3.0,3.0,Healthy,1,No,0.0,0.0,0.0,0.0,0.0,0.0,Dog,10,"Female, spayed",Medium (11.4–22.3 kg or 25–49 lb),30 – 60 mins,Vegan
587958-587949-66216187,Meat-based – raw,5.0,5.0,2.0,5.0,2.0,2.0,4.0,3.0,4.0,1.0,Healthy,2,No,0.0,0.0,0.0,0.0,0.0,0.0,Dog,4,"Female, spayed",Giant (> 40.9 kg or > 90 lb),> 3 hrs,Raw
587958-587949-66223489,Meat-based – conventional,5.0,4.0,3.0,5.0,3.0,3.0,4.0,4.0,5.0,4.0,Healthy,1,No,0.0,0.0,0.0,0.0,0.0,0.0,Dog,9,"Female, spayed",Small (4.5–10.9 kg or 10–24 lb),1 – 3 hrs,Conventional
587958-587949-66239548,Vegan (consuming no animal products),3.0,4.0,2.0,3.0,3.0,2.0,3.0,3.0,2.0,2.0,Healthy,0,No,0.0,0.0,0.0,0.0,0.0,0.0,Dog,4,"Female, sexually intact",Small (4.5–10.9 kg or 10–24 lb),1 – 3 hrs,Vegan
587958-587949-66244318,Meat-based – conventional,4.0,5.0,4.0,5.0,3.0,3.0,4.0,2.0,4.0,4.0,Generally healthy with minor or infrequent problems,1,No,0.0,0.0,0.0,0.0,0.0,0.0,Dog,3,"Female, spayed",Large (22.7–40.5 kg or 50–89 lb),30 – 60 mins,Conventional
587958-587949-66259478,Meat-based – raw,5.0,5.0,3.0,4.0,4.0,3.0,2.0,2.0,3.0,2.0,Healthy,1,Yes,0.0,0.0,0.0,0.0,0.0,0.0,Dog,1,"Male, sexually intact",Giant (> 40.9 kg or > 90 lb),1 – 3 hrs,Raw
587958-587949-66271939,Meat-based – raw,4.0,4.0,1.0,4.0,5.0,1.0,1.0,4.0,3.0,1.0,Generally healthy with minor or infrequent problems,>3,No,0.0,0.0,0.0,0.0,0.0,1.0,Dog,7,"Male, sexually intact",Giant (> 40.9 kg or > 90 lb),30 – 60 mins,Raw
587958-587949-66302025,Meat-based – raw,5.0,4.0,3.0,4.0,4.0,1.0,5.0,2.0,4.0,3.0,Healthy,1,No,0.0,0.0,0.0,0.0,0.0,0.0,Dog,5,"Male, sexually intact",Giant (> 40.9 kg or > 90 lb),1 – 3 hrs,Raw
587958-587949-66312409,Meat-based – raw,4.0,3.0,3.0,4.0,3.0,3.0,4.0,4.0,4.0,4.0,Healthy,0,No,0.0,0.0,0.0,0.0,0.0,0.0,Dog,4,"Female, sexually intact",Medium (11.4–22.3 kg or 25–49 lb),1 – 3 hrs,Raw
587958-587949-66313936,Meat-based – conventional,4.0,3.0,3.0,3.0,3.0,3.0,4.0,4.0,4.0,3.0,Generally healthy with minor or infrequent problems,1,Yes,0.0,0.0,0.0,0.0,0.0,0.0,Dog,7,"Female, spayed",Large (22.7–40.5 kg or 50–89 lb),1 – 3 hrs,Conventional
587958-587949-66315595,Meat-based – raw,3.0,2.0,2.0,3.0,3.0,2.0,3.0,4.0,4.0,2.0,Significant or frequent problems,3,Yes,0.0,0.0,0.0,1.0,1.0,0.0,Dog,12,"Female, spayed",Large (22.7–40.5 kg or 50–89 lb),1 – 3 hrs,Raw
587958-587949-66326233,Meat-based – raw,5.0,5.0,5.0,5.0,5.0,2.0,4.0,2.0,1.0,1.0,Healthy,1,No,0.0,0.0,0.0,0.0,0.0,0.0,Dog,2,"Female, sexually intact",Medium (11.4–22.3 kg or 25–49 lb),1 – 3 hrs,Raw
587958-587949-66336513,Meat-based – conventional,3.0,3.0,3.0,3.0,3.0,3.0,3.0,3.0,3.0,3.0,Healthy,1,No,0.0,0.0,0.0,0.0,0.0,0.0,Dog,2,"Female, sexually intact",Medium (11.4–22.3 kg or 25–49 lb),1 – 3 hrs,Conventional
587958-587949-66388778,Meat-based – raw,5.0,5.0,5.0,5.0,3.0,5.0,5.0,3.0,3.0,3.0,Healthy,0,No,0.0,0.0,0.0,0.0,0.0,0.0,Dog,7,"Male, castrated",Small (4.5–10.9 kg or 10–24 lb),1 – 3 hrs,Raw
587958-587949-66426076,Meat-based – conventional,5.0,5.0,2.0,4.0,2.0,2.0,5.0,1.0,3.0,3.0,Generally healthy with minor or infrequent problems,2,Yes,0.0,0.0,0.0,0.0,0.0,0.0,Dog,6,"Female, spayed",Medium (11.4–22.3 kg or 25–49 lb),1 – 3 hrs,Conventional
587958-587949-66435198,Vegan (consuming no animal products),4.0,3.0,2.0,3.0,3.0,3.0,3.0,4.0,2.0,1.0,Healthy,1,No,0.0,0.0,0.0,0.0,0.0,0.0,Dog,10,"Female, spayed",Medium (11.4–22.3 kg or 25–49 lb),1 – 3 hrs,Vegan
587958-587949-66435542,Meat-based – conventional,3.0,2.0,4.0,3.0,3.0,2.0,2.0,4.0,4.0,4.0,Healthy,2,No,0.0,0.0,0.0,0.0,0.0,0.0,Dog,10,"Male, castrated",Medium (11.4–22.3 kg or 25–49 lb),30 – 60 mins,Conventional
587958-587949-66435327,Meat-based – conventional,3.0,3.0,1.0,4.0,5.0,1.0,4.0,3.0,1.0,1.0,Generally healthy with minor or infrequent problems,2,No,1.0,0.0,0.0,0.0,0.0,0.0,Dog,4,"Male, sexually intact",Giant (> 40.9 kg or > 90 lb),1 – 3 hrs,Conventional
587958-587949-66435513,Vegan (consuming no animal products),4.0,4.0,2.0,4.0,4.0,1.0,3.0,2.0,1.0,1.0,Healthy,1,No,0.0,0.0,0.0,0.0,0.0,0.0,Dog,10,"Female, spayed",Small (4.5–10.9 kg or 10–24 lb),1 – 3 hrs,Vegan
587958-587949-66435886,Vegan (consuming no animal products),2.0,4.0,5.0,3.0,3.0,4.0,1.0,4.0,3.0,1.0,Healthy,1,No,0.0,0.0,0.0,0.0,0.0,0.0,Dog,2,"Male, sexually intact",Giant (> 40.9 kg or > 90 lb),> 3 hrs,Vegan
587958-587949-66435616,Vegan (consuming no animal products),5.0,3.0,1.0,5.0,5.0,1.0,5.0,5.0,1.0,1.0,Generally healthy with minor or infrequent problems,1,No,0.0,0.0,0.0,0.0,0.0,0.0,Dog,7,"Male, castrated",Large (22.7–40.5 kg or 50–89 lb),1 – 3 hrs,Vegan
587958-587949-66435973,Vegan (consuming no animal products),4.0,4.0,3.0,4.0,3.0,4.0,4.0,3.0,3.0,2.0,Generally healthy with minor or infrequent problems,>3,Yes,0.0,0.0,0.0,0.0,1.0,0.0,Dog,11,"Female, spayed",Medium (11.4–22.3 kg or 25–49 lb),30 – 60 mins,Vegan
587958-587949-66435763,Vegan (consuming no animal products),5.0,5.0,3.0,4.0,5.0,4.0,5.0,3.0,4.0,1.0,Healthy,2,No,0.0,0.0,0.0,0.0,0.0,0.0,Dog,6,"Female, spayed",Medium (11.4–22.3 kg or 25–49 lb),> 3 hrs,Vegan
587958-587949-66436293,Vegan (consuming no animal products),5.0,5.0,4.0,4.0,3.0,3.0,4.0,4.0,2.0,3.0,Healthy,2,No,0.0,0.0,0.0,0.0,0.0,0.0,Dog,3,"Male, castrated",Large (22.7–40.5 kg or 50–89 lb),1 – 3 hrs,Vegan
587958-587949-66436615,Vegan (consuming no animal products),5.0,5.0,4.0,4.0,2.0,4.0,4.0,1.0,5.0,2.0,Healthy,0,No,0.0,0.0,0.0,0.0,0.0,0.0,Dog,5,"Female, spayed",Large (22.7–40.5 kg or 50–89 lb),0 – 30 mins,Vegan
587958-587949-66436506,Vegan (consuming no animal products),5.0,4.0,1.0,3.0,3.0,1.0,4.0,5.0,4.0,2.0,Significant or frequent problems,2,Yes,0.0,0.0,0.0,0.0,0.0,0.0,Dog,13,"Male, castrated",Large (22.7–40.5 kg or 50–89 lb),0 – 30 mins,Vegan
587958-587949-66437511,Vegan (consuming no animal products),3.0,4.0,1.0,2.0,2.0,1.0,3.0,5.0,2.0,1.0,Significant or frequent problems,2,Yes,0.0,0.0,0.0,0.0,0.0,0.0,Dog,6,"Male, castrated",Medium (11.4–22.3 kg or 25–49 lb),1 – 3 hrs,Vegan
587958-587949-66438984,Vegan (consuming no animal products),5.0,5.0,1.0,4.0,4.0,1.0,1.0,5.0,3.0,4.0,Healthy,1,No,0.0,0.0,0.0,0.0,0.0,0.0,Dog,4,"Female, spayed",Large (22.7–40.5 kg or 50–89 lb),> 3 hrs,Vegan
587958-587949-66439217,Vegan (consuming no animal products),3.0,3.0,3.0,3.0,3.0,3.0,3.0,3.0,3.0,3.0,Unsure,2,Yes,0.0,0.0,0.0,0.0,0.0,0.0,Dog,7,"Male, castrated",Medium (11.4–22.3 kg or 25–49 lb),30 – 60 mins,Vegan
587958-587949-66439487,Vegan (consuming no animal products),5.0,4.0,2.0,4.0,1.0,1.0,4.0,4.0,4.0,4.0,Generally healthy with minor or infrequent problems,2,No,0.0,0.0,1.0,0.0,0.0,0.0,Dog,8,"Female, spayed",Giant (> 40.9 kg or > 90 lb),30 – 60 mins,Vegan
587958-587949-66439747,Vegan (consuming no animal products),5.0,5.0,2.0,2.0,4.0,5.0,3.0,2.0,4.0,2.0,Healthy,1,No,0.0,0.0,0.0,0.0,0.0,0.0,Dog,9,"Female, spayed",Medium (11.4–22.3 kg or 25–49 lb),1 – 3 hrs,Vegan
587958-587949-66439088,Vegan (consuming no animal products),5.0,5.0,5.0,5.0,5.0,4.0,5.0,1.0,1.0,1.0,Healthy,2,No,0.0,0.0,0.0,0.0,0.0,0.0,Dog,6,"Female, spayed",Large (22.7–40.5 kg or 50–89 lb),> 3 hrs,Vegan
587958-587949-66440788,Vegan (consuming no animal products),5.0,5.0,3.0,5.0,3.0,3.0,4.0,1.0,4.0,3.0,Healthy,1,No,0.0,0.0,0.0,0.0,0.0,0.0,Dog,10,"Male, castrated",Medium (11.4–22.3 kg or 25–49 lb),0 – 30 mins,Vegan
587958-587949-66441311,Vegan (consuming no animal products),4.0,5.0,1.0,3.0,3.0,,,5.0,2.0,5.0,Healthy,1,No,0.0,0.0,0.0,0.0,0.0,0.0,Dog,8,"Female, spayed",Medium (11.4–22.3 kg or 25–49 lb),1 – 3 hrs,Vegan
587958-587949-66441547,Vegan (consuming no animal products),5.0,5.0,5.0,3.0,3.0,4.0,3.0,,,,Healthy,0,No,0.0,0.0,0.0,0.0,0.0,0.0,Dog,2,"Female, spayed",Small (4.5–10.9 kg or 10–24 lb),> 3 hrs,Vegan
587958-587949-66439885,Vegan (consuming no animal products),5.0,5.0,5.0,5.0,5.0,5.0,4.0,2.0,3.0,1.0,Healthy,1,No,0.0,0.0,0.0,0.0,0.0,0.0,Dog,11,"Male, castrated",Large (22.7–40.5 kg or 50–89 lb),1 – 3 hrs,Vegan
587958-587949-66444013,Vegan (consuming no animal products),5.0,5.0,4.0,4.0,3.0,4.0,4.0,5.0,5.0,4.0,Healthy,1,No,0.0,0.0,0.0,0.0,0.0,0.0,Dog,5,"Female, spayed",Medium (11.4–22.3 kg or 25–49 lb),1 – 3 hrs,Vegan
587958-587949-66444015,Meat-based – raw,5.0,5.0,4.0,4.0,4.0,4.0,5.0,4.0,4.0,3.0,Generally healthy with minor or infrequent problems,>3,Yes,0.0,0.0,0.0,0.0,0.0,0.0,Dog,7,"Male, castrated",Large (22.7–40.5 kg or 50–89 lb),1 – 3 hrs,Raw
587958-587949-66445685,Vegan (consuming no animal products),3.0,4.0,4.0,3.0,2.0,3.0,2.0,4.0,1.0,1.0,Healthy,2,No,0.0,0.0,0.0,0.0,0.0,0.0,Dog,2,"Female, spayed",Large (22.7–40.5 kg or 50–89 lb),> 3 hrs,Vegan
587958-587949-66447676,Vegan (consuming no animal products),5.0,3.0,5.0,5.0,5.0,1.0,5.0,3.0,5.0,1.0,Generally healthy with minor or infrequent problems,1,No,0.0,0.0,0.0,1.0,0.0,0.0,Dog,15,"Female, spayed",Small (4.5–10.9 kg or 10–24 lb),30 – 60 mins,Vegan
587958-587949-66457846,Vegan (consuming no animal products),4.0,5.0,5.0,3.0,1.0,1.0,3.0,4.0,2.0,2.0,Healthy,0,No,0.0,0.0,0.0,0.0,0.0,0.0,Dog,5,"Female, spayed",Medium (11.4–22.3 kg or 25–49 lb),30 – 60 mins,Vegan
587958-587949-66465635,Vegan (consuming no animal products),5.0,5.0,5.0,5.0,3.0,5.0,5.0,5.0,5.0,5.0,Healthy,3,No,0.0,0.0,1.0,0.0,0.0,0.0,Dog,7,"Male, castrated",Large (22.7–40.5 kg or 50–89 lb),30 – 60 mins,Vegan
587958-587949-66473570,Meat-based – conventional,5.0,5.0,5.0,5.0,5.0,1.0,5.0,4.0,5.0,2.0,Healthy,1,No,0.0,0.0,0.0,0.0,0.0,0.0,Dog,5,"Male, castrated",Medium (11.4–22.3 kg or 25–49 lb),1 – 3 hrs,Conventional
587958-587949-66474453,Vegan (consuming no animal products),2.0,4.0,1.0,4.0,3.0,1.0,1.0,4.0,3.0,2.0,Healthy,1,Yes,0.0,0.0,0.0,0.0,0.0,0.0,Dog,7,"Male, castrated",Medium (11.4–22.3 kg or 25–49 lb),1 – 3 hrs,Vegan
587958-587949-66477040,Meat-based – conventional,4.0,5.0,4.0,1.0,1.0,4.0,4.0,1.0,1.0,1.0,Generally healthy with minor or infrequent problems,2,Yes,0.0,0.0,0.0,0.0,0.0,1.0,Dog,9,"Male, castrated",Large (22.7–40.5 kg or 50–89 lb),30 – 60 mins,Conventional
587958-587949-66506508,Vegan (consuming no animal products),5.0,5.0,4.0,3.0,4.0,3.0,4.0,4.0,3.0,4.0,Healthy,>3,No,0.0,0.0,0.0,0.0,0.0,0.0,Dog,8,"Female, spayed",Small (4.5–10.9 kg or 10–24 lb),30 – 60 mins,Vegan
587958-587949-66527728,Vegan (consuming no animal products),3.0,2.0,2.0,2.0,2.0,2.0,2.0,4.0,4.0,1.0,Healthy,2,Yes,0.0,0.0,0.0,0.0,0.0,0.0,Dog,9,"Male, castrated",Medium (11.4–22.3 kg or 25–49 lb),30 – 60 mins,Vegan
587958-587949-66577672,Vegan (consuming no animal products),2.0,1.0,1.0,1.0,1.0,1.0,2.0,4.0,3.0,1.0,Healthy,1,No,0.0,0.0,0.0,0.0,0.0,0.0,Dog,6,"Female, spayed",Medium (11.4–22.3 kg or 25–49 lb),1 – 3 hrs,Vegan
587958-587949-66606004,Vegan (consuming no animal products),3.0,4.0,2.0,4.0,2.0,1.0,1.0,3.0,1.0,,Healthy,1,No,0.0,0.0,0.0,0.0,0.0,0.0,Dog,11,"Male, castrated",Medium (11.4–22.3 kg or 25–49 lb),1 – 3 hrs,Vegan
587958-587949-66607192,Vegan (consuming no animal products),4.0,4.0,4.0,4.0,4.0,1.0,3.0,1.0,1.0,3.0,Generally healthy with minor or infrequent problems,2,No,0.0,0.0,0.0,0.0,0.0,0.0,Dog,6,"Female, spayed",Medium (11.4–22.3 kg or 25–49 lb),1 – 3 hrs,Vegan
587958-587949-66639779,Meat-based – conventional,3.0,5.0,5.0,3.0,3.0,5.0,3.0,5.0,5.0,5.0,Healthy,2,No,0.0,1.0,0.0,0.0,0.0,0.0,Dog,1,"Male, castrated",Small (4.5–10.9 kg or 10–24 lb),30 – 60 mins,Conventional
587958-587949-66640978,Meat-based – raw,4.0,4.0,2.0,,2.0,2.0,4.0,4.0,2.0,1.0,Healthy,0,No,0.0,0.0,0.0,0.0,0.0,0.0,Dog,4,"Female, spayed",Medium (11.4–22.3 kg or 25–49 lb),30 – 60 mins,Raw
587958-587949-66693323,Vegan (consuming no animal products),5.0,4.0,2.0,3.0,3.0,2.0,5.0,4.0,4.0,4.0,Healthy,0,Yes,0.0,0.0,0.0,0.0,0.0,0.0,Dog,11,"Male, castrated",Large (22.7–40.5 kg or 50–89 lb),Unsure,Vegan
587958-587949-66733268,Vegan (consuming no animal products),4.0,3.0,2.0,2.0,2.0,1.0,2.0,3.0,2.0,2.0,Healthy,0,No,0.0,0.0,0.0,0.0,0.0,0.0,Dog,5,"Male, castrated",Medium (11.4–22.3 kg or 25–49 lb),1 – 3 hrs,Vegan
587958-587949-66741961,Meat-based – conventional,5.0,5.0,5.0,5.0,5.0,5.0,5.0,2.0,2.0,2.0,Significant or frequent problems,>3,Yes,0.0,0.0,0.0,0.0,0.0,0.0,Dog,8,"Female, sexually intact",Small (4.5–10.9 kg or 10–24 lb),1 – 3 hrs,Conventional
587958-587949-66760121,Vegan (consuming no animal products),5.0,5.0,2.0,2.0,2.0,2.0,2.0,4.0,1.0,1.0,Generally healthy with minor or infrequent problems,3,Yes,0.0,0.0,0.0,0.0,0.0,1.0,Dog,11,"Female, spayed",Large (22.7–40.5 kg or 50–89 lb),1 – 3 hrs,Vegan
587958-587949-66777824,Meat-based – raw,5.0,5.0,1.0,3.0,3.0,4.0,3.0,1.0,2.0,1.0,Unsure,3,Yes,0.0,0.0,0.0,0.0,0.0,0.0,Dog,10,"Female, spayed",Large (22.7–40.5 kg or 50–89 lb),30 – 60 mins,Raw
587958-587949-66778983,Meat-based – raw,5.0,5.0,5.0,4.0,,5.0,5.0,5.0,5.0,1.0,Healthy,>3,Yes,0.0,0.0,0.0,0.0,0.0,0.0,Dog,2,"Male, castrated",Small (4.5–10.9 kg or 10–24 lb),1 – 3 hrs,Raw
587958-587949-66858862,Meat-based – conventional,5.0,5.0,3.0,3.0,3.0,3.0,5.0,4.0,2.0,2.0,Healthy,0,No,0.0,0.0,0.0,0.0,0.0,0.0,Dog,2,"Male, sexually intact",Small (4.5–10.9 kg or 10–24 lb),30 – 60 mins,Conventional
587958-587949-66879537,Vegan (consuming no animal products),5.0,5.0,5.0,5.0,5.0,2.0,5.0,1.0,3.0,4.0,Healthy,1,No,0.0,0.0,0.0,0.0,0.0,0.0,Dog,8,"Male, castrated",Medium (11.4–22.3 kg or 25–49 lb),0 – 30 mins,Vegan
587958-587949-66879611,Vegan (consuming no animal products),2.0,4.0,5.0,4.0,2.0,5.0,2.0,5.0,2.0,3.0,Significant or frequent problems,>3,Yes,0.0,0.0,0.0,0.0,1.0,0.0,Dog,3,"Male, sexually intact",Small (4.5–10.9 kg or 10–24 lb),30 – 60 mins,Vegan
587958-587949-66879761,Meat-based – conventional,3.0,2.0,1.0,1.0,4.0,1.0,2.0,4.0,1.0,1.0,Generally healthy with minor or infrequent problems,>3,Yes,0.0,0.0,0.0,0.0,1.0,0.0,Dog,11,"Male, castrated",Medium (11.4–22.3 kg or 25–49 lb),1 – 3 hrs,Conventional
587958-587949-66880098,Vegan (consuming no animal products),5.0,2.0,5.0,5.0,5.0,4.0,2.0,4.0,5.0,4.0,Generally healthy with minor or infrequent problems,3,Yes,0.0,0.0,0.0,0.0,0.0,1.0,Dog,2,"Male, castrated",Medium (11.4–22.3 kg or 25–49 lb),> 3 hrs,Vegan
587958-587949-66881238,Vegan (consuming no animal products),5.0,5.0,5.0,4.0,4.0,4.0,5.0,2.0,2.0,2.0,Healthy,1,No,0.0,0.0,0.0,0.0,0.0,0.0,Dog,9,"Male, castrated",Small (4.5–10.9 kg or 10–24 lb),1 – 3 hrs,Vegan
587958-587949-66884633,Vegan (consuming no animal products),5.0,5.0,1.0,3.0,2.0,5.0,5.0,2.0,3.0,1.0,Generally healthy with minor or infrequent problems,1,Yes,0.0,0.0,0.0,0.0,1.0,0.0,Dog,8,"Female, spayed",Small (4.5–10.9 kg or 10–24 lb),Unsure,Vegan
587958-587949-66885174,Vegan (consuming no animal products),1.0,3.0,1.0,1.0,1.0,1.0,1.0,2.0,1.0,1.0,Healthy,1,Yes,0.0,0.0,0.0,0.0,0.0,0.0,Dog,10,"Female, spayed",Small (4.5–10.9 kg or 10–24 lb),30 – 60 mins,Vegan
587958-587949-66879759,Vegan (consuming no animal products),2.0,2.0,2.0,2.0,2.0,2.0,2.0,4.0,2.0,2.0,Healthy,2,No,0.0,0.0,0.0,0.0,0.0,0.0,Dog,2,"Male, castrated",Medium (11.4–22.3 kg or 25–49 lb),30 – 60 mins,Vegan
587958-587949-66886407,Vegan (consuming no animal products),3.0,3.0,1.0,1.0,3.0,1.0,4.0,1.0,4.0,2.0,Healthy,1,No,0.0,0.0,0.0,0.0,0.0,0.0,Dog,7,"Male, castrated",Medium (11.4–22.3 kg or 25–49 lb),Unsure,Vegan
587958-587949-66885806,Vegan (consuming no animal products),5.0,5.0,5.0,5.0,5.0,5.0,5.0,5.0,5.0,5.0,Generally healthy with minor or infrequent problems,3,Yes,0.0,0.0,0.0,0.0,0.0,0.0,Dog,8,"Female, spayed",Large (22.7–40.5 kg or 50–89 lb),> 3 hrs,Vegan
587958-587949-66886712,Vegan (consuming no animal products),5.0,5.0,3.0,5.0,5.0,3.0,4.0,3.0,5.0,5.0,Healthy,2,Yes,0.0,0.0,1.0,0.0,0.0,0.0,Dog,5,"Female, spayed",Medium (11.4–22.3 kg or 25–49 lb),30 – 60 mins,Vegan
587958-587949-66887269,Vegan (consuming no animal products),5.0,5.0,2.0,4.0,4.0,4.0,5.0,3.0,5.0,3.0,Healthy,0,No,0.0,0.0,0.0,0.0,0.0,0.0,Dog,7,"Male, castrated",Large (22.7–40.5 kg or 50–89 lb),0 – 30 mins,Vegan
587958-587949-66888948,Meat-based – conventional,5.0,5.0,2.0,5.0,2.0,2.0,5.0,4.0,5.0,5.0,Generally healthy with minor or infrequent problems,1,No,0.0,0.0,0.0,0.0,0.0,0.0,Dog,9,"Female, spayed",Medium (11.4–22.3 kg or 25–49 lb),1 – 3 hrs,Conventional
587958-587949-66890608,Vegan (consuming no animal products),5.0,5.0,1.0,1.0,1.0,1.0,5.0,4.0,3.0,1.0,Healthy,1,Yes,0.0,0.0,0.0,0.0,1.0,1.0,Dog,4,"Female, spayed",Toy (≤ 4.1 kg or ≤ 9 lb),30 – 60 mins,Vegan
587958-587949-66891372,Vegan (consuming no animal products),2.0,3.0,1.0,3.0,2.0,1.0,2.0,5.0,4.0,3.0,Healthy,1,Yes,0.0,0.0,0.0,0.0,0.0,0.0,Dog,15,"Female, spayed",Small (4.5–10.9 kg or 10–24 lb),30 – 60 mins,Vegan
587958-587949-66926827,Vegan (consuming no animal products),3.0,3.0,1.0,3.0,,1.0,1.0,4.0,3.0,3.0,Healthy,3,Yes,0.0,0.0,0.0,0.0,0.0,0.0,Dog,1,"Male, sexually intact",Medium (11.4–22.3 kg or 25–49 lb),30 – 60 mins,Vegan
587958-587949-66926127,Vegan (consuming no animal products),4.0,1.0,1.0,3.0,4.0,1.0,4.0,3.0,4.0,3.0,Unsure,3,No,0.0,0.0,0.0,0.0,0.0,0.0,Dog,5,"Female, spayed",Medium (11.4–22.3 kg or 25–49 lb),Unsure,Vegan
587958-587949-66935612,Meat-based – conventional,5.0,5.0,5.0,5.0,2.0,4.0,5.0,2.0,4.0,4.0,Significant or frequent problems,>3,Yes,0.0,0.0,1.0,0.0,0.0,0.0,Dog,11,"Female, spayed",Small (4.5–10.9 kg or 10–24 lb),0 – 30 mins,Conventional
587958-587949-66962897,Meat-based – conventional,3.0,,1.0,,,2.0,2.0,2.0,2.0,2.0,Healthy,0,No,0.0,0.0,0.0,0.0,0.0,0.0,Dog,7,"Female, sexually intact",Medium (11.4–22.3 kg or 25–49 lb),0 – 30 mins,Conventional
587958-587949-66996504,Vegan (consuming no animal products),5.0,5.0,2.0,2.0,3.0,3.0,4.0,5.0,5.0,3.0,Generally healthy with minor or infrequent problems,3,No,0.0,0.0,0.0,0.0,0.0,0.0,Dog,11,"Female, spayed",Medium (11.4–22.3 kg or 25–49 lb),> 3 hrs,Vegan
587958-587949-66997585,Vegan (consuming no animal products),5.0,4.0,2.0,2.0,2.0,4.0,5.0,3.0,4.0,2.0,Generally healthy with minor or infrequent problems,2,No,0.0,0.0,0.0,0.0,0.0,0.0,Dog,12,"Female, spayed",Large (22.7–40.5 kg or 50–89 lb),1 – 3 hrs,Vegan
587958-587949-67036128,Vegan (consuming no animal products),1.0,1.0,1.0,1.0,1.0,1.0,1.0,4.0,1.0,1.0,Healthy,1,No,0.0,0.0,0.0,0.0,0.0,0.0,Dog,4,"Female, sexually intact",Toy (≤ 4.1 kg or ≤ 9 lb),30 – 60 mins,Vegan
587958-587949-67050550,Vegan (consuming no animal products),3.0,4.0,3.0,3.0,3.0,1.0,3.0,4.0,2.0,2.0,Generally healthy with minor or infrequent problems,2,Yes,0.0,0.0,0.0,0.0,0.0,0.0,Dog,11,"Female, spayed",Medium (11.4–22.3 kg or 25–49 lb),30 – 60 mins,Vegan
587958-587949-67056758,Vegan (consuming no animal products),5.0,5.0,3.0,2.0,2.0,3.0,5.0,2.0,5.0,1.0,Healthy,1,No,0.0,0.0,0.0,0.0,0.0,0.0,Dog,4,"Male, castrated",Medium (11.4–22.3 kg or 25–49 lb),30 – 60 mins,Vegan
587958-587949-67060622,Vegan (consuming no animal products),5.0,3.0,2.0,4.0,5.0,3.0,5.0,2.0,4.0,3.0,Healthy,1,No,0.0,0.0,0.0,0.0,0.0,0.0,Dog,6,"Female, spayed",Large (22.7–40.5 kg or 50–89 lb),1 – 3 hrs,Vegan
587958-587949-67097909,Vegan (consuming no animal products),5.0,5.0,5.0,5.0,5.0,3.0,4.0,4.0,5.0,5.0,Healthy,0,No,0.0,0.0,0.0,0.0,0.0,0.0,Dog,4,"Female, sexually intact",Medium (11.4–22.3 kg or 25–49 lb),1 – 3 hrs,Vegan
587958-587949-67131488,Meat-based – raw,5.0,5.0,5.0,5.0,5.0,5.0,5.0,3.0,5.0,3.0,Healthy,0,No,0.0,0.0,0.0,0.0,0.0,0.0,Dog,13,"Female, spayed",Medium (11.4–22.3 kg or 25–49 lb),> 3 hrs,Raw
587958-587949-67142361,Meat-based – conventional,5.0,5.0,5.0,5.0,3.0,3.0,5.0,2.0,5.0,1.0,Healthy,1,No,0.0,0.0,0.0,0.0,0.0,0.0,Dog,12,"Female, spayed",Large (22.7–40.5 kg or 50–89 lb),1 – 3 hrs,Conventional
587958-587949-67268600,Meat-based – conventional,5.0,4.0,3.0,,4.0,5.0,5.0,1.0,4.0,5.0,Generally healthy with minor or infrequent problems,2,No,0.0,0.0,0.0,0.0,0.0,0.0,Dog,11,"Male, castrated",Large (22.7–40.5 kg or 50–89 lb),1 – 3 hrs,Conventional
587958-587949-67282400,Vegan (consuming no animal products),4.0,4.0,4.0,4.0,4.0,4.0,4.0,4.0,4.0,4.0,Healthy,2,Yes,0.0,0.0,0.0,0.0,0.0,0.0,Dog,3,"Male, castrated",Large (22.7–40.5 kg or 50–89 lb),> 3 hrs,Vegan
587958-587949-67285649,Vegan (consuming no animal products),5.0,5.0,2.0,3.0,5.0,1.0,4.0,1.0,3.0,3.0,Healthy,1,Yes,0.0,0.0,0.0,0.0,0.0,0.0,Dog,4,"Female, spayed",Large (22.7–40.5 kg or 50–89 lb),1 – 3 hrs,Vegan
587958-587949-67293878,Vegan (consuming no animal products),4.0,,2.0,5.0,4.0,1.0,5.0,2.0,4.0,4.0,Generally healthy with minor or infrequent problems,>3,Yes,0.0,0.0,0.0,0.0,0.0,0.0,Dog,3,"Male, sexually intact",Medium (11.4–22.3 kg or 25–49 lb),30 – 60 mins,Vegan
587958-587949-67297887,Meat-based – conventional,3.0,4.0,2.0,4.0,3.0,1.0,2.0,2.0,3.0,4.0,Generally healthy with minor or infrequent problems,1,Yes,0.0,0.0,0.0,0.0,0.0,0.0,Dog,10,"Male, sexually intact",Large (22.7–40.5 kg or 50–89 lb),1 – 3 hrs,Conventional
587958-587949-67298206,Meat-based – conventional,5.0,2.0,1.0,4.0,2.0,1.0,5.0,2.0,4.0,1.0,Generally healthy with minor or infrequent problems,>3,Yes,0.0,0.0,0.0,0.0,0.0,1.0,Dog,8,"Male, castrated",Medium (11.4–22.3 kg or 25–49 lb),1 – 3 hrs,Conventional
587958-587949-67298366,Meat-based – conventional,5.0,3.0,2.0,5.0,4.0,2.0,5.0,2.0,2.0,2.0,Healthy,1,No,0.0,0.0,0.0,0.0,0.0,0.0,Dog,4,"Male, castrated",Medium (11.4–22.3 kg or 25–49 lb),1 – 3 hrs,Conventional
587958-587949-67300538,Meat-based – conventional,5.0,5.0,1.0,5.0,5.0,1.0,4.0,4.0,4.0,5.0,Healthy,0,No,0.0,0.0,0.0,0.0,0.0,0.0,Dog,4,"Male, sexually intact",Large (22.7–40.5 kg or 50–89 lb),1 – 3 hrs,Conventional
587958-587949-67301028,Meat-based – conventional,5.0,5.0,2.0,2.0,1.0,1.0,4.0,3.0,4.0,3.0,Significant or frequent problems,3,Yes,0.0,0.0,0.0,0.0,0.0,0.0,Dog,4,"Male, castrated",Large (22.7–40.5 kg or 50–89 lb),1 – 3 hrs,Conventional
587958-587949-67312785,Vegan (consuming no animal products),5.0,5.0,3.0,5.0,4.0,3.0,4.0,3.0,4.0,2.0,Generally healthy with minor or infrequent problems,2,No,0.0,0.0,0.0,0.0,0.0,0.0,Dog,10,"Female, sexually intact",Medium (11.4–22.3 kg or 25–49 lb),0 – 30 mins,Vegan
587958-587949-67319485,Vegan (consuming no animal products),3.0,3.0,2.0,2.0,2.0,2.0,2.0,4.0,3.0,,Healthy,1,No,0.0,0.0,0.0,0.0,0.0,0.0,Dog,7,"Male, sexually intact",Medium (11.4–22.3 kg or 25–49 lb),1 – 3 hrs,Vegan
587958-587949-67341083,Vegan (consuming no animal products),4.0,4.0,2.0,3.0,3.0,2.0,2.0,4.0,4.0,4.0,Healthy,1,Yes,0.0,0.0,0.0,0.0,1.0,0.0,Dog,10,"Female, sexually intact",Medium (11.4–22.3 kg or 25–49 lb),1 – 3 hrs,Vegan
587958-587949-67357325,Vegan (consuming no animal products),4.0,4.0,2.0,4.0,3.0,3.0,4.0,3.0,4.0,3.0,Healthy,1,No,0.0,0.0,0.0,0.0,0.0,0.0,Dog,13,"Female, spayed",Large (22.7–40.5 kg or 50–89 lb),1 – 3 hrs,Vegan
587958-587949-67381614,Vegan (consuming no animal products),3.0,3.0,3.0,3.0,3.0,3.0,3.0,4.0,4.0,4.0,Generally healthy with minor or infrequent problems,2,Yes,0.0,0.0,0.0,0.0,0.0,0.0,Dog,9,"Female, spayed",Large (22.7–40.5 kg or 50–89 lb),30 – 60 mins,Vegan
587958-587949-67385585,Meat-based – conventional,5.0,5.0,3.0,5.0,5.0,3.0,4.0,5.0,5.0,2.0,Healthy,2,Yes,0.0,0.0,0.0,1.0,0.0,0.0,Dog,9,"Male, castrated",Small (4.5–10.9 kg or 10–24 lb),1 – 3 hrs,Conventional
587958-587949-67527510,Meat-based – conventional,5.0,5.0,4.0,4.0,2.0,1.0,3.0,1.0,5.0,5.0,Generally healthy with minor or infrequent problems,2,Yes,0.0,0.0,0.0,0.0,1.0,0.0,Dog,6,"Female, spayed",Medium (11.4–22.3 kg or 25–49 lb),1 – 3 hrs,Conventional
587958-587949-67558493,Meat-based – conventional,4.0,5.0,1.0,,2.0,2.0,4.0,3.0,5.0,3.0,Generally healthy with minor or infrequent problems,1,No,0.0,0.0,0.0,0.0,0.0,0.0,Dog,5,"Male, castrated",Small (4.5–10.9 kg or 10–24 lb),30 – 60 mins,Conventional
587958-587949-67567911,Meat-based – conventional,5.0,1.0,1.0,1.0,1.0,1.0,5.0,1.0,5.0,5.0,Generally healthy with minor or infrequent problems,1,No,0.0,0.0,0.0,0.0,0.0,0.0,Dog,12,"Female, sexually intact",Large (22.7–40.5 kg or 50–89 lb),1 – 3 hrs,Conventional
587958-587949-67569492,Vegan (consuming no animal products),5.0,5.0,3.0,4.0,5.0,1.0,5.0,,3.0,3.0,Healthy,3,No,0.0,0.0,0.0,0.0,0.0,0.0,Dog,2,"Female, spayed",Medium (11.4–22.3 kg or 25–49 lb),1 – 3 hrs,Vegan
587958-587949-67583974,Vegan (consuming no animal products),5.0,5.0,5.0,5.0,5.0,1.0,5.0,3.0,5.0,1.0,Healthy,2,Yes,0.0,0.0,0.0,0.0,0.0,0.0,Dog,6,"Male, castrated",Medium (11.4–22.3 kg or 25–49 lb),30 – 60 mins,Vegan
587958-587949-67583680,Meat-based – conventional,5.0,5.0,1.0,3.0,4.0,2.0,5.0,1.0,1.0,1.0,Generally healthy with minor or infrequent problems,3,Yes,0.0,0.0,0.0,0.0,0.0,0.0,Dog,9,"Female, spayed",Large (22.7–40.5 kg or 50–89 lb),1 – 3 hrs,Conventional
587958-587949-67584986,Meat-based – raw,5.0,4.0,2.0,3.0,1.0,1.0,4.0,3.0,1.0,1.0,Healthy,2,No,0.0,0.0,0.0,0.0,0.0,0.0,Dog,2,"Male, sexually intact",Large (22.7–40.5 kg or 50–89 lb),1 – 3 hrs,Raw
587958-587949-67585816,Meat-based – raw,4.0,4.0,2.0,2.0,2.0,1.0,3.0,1.0,2.0,1.0,Healthy,0,No,0.0,0.0,0.0,0.0,0.0,0.0,Dog,1,"Male, castrated",Large (22.7–40.5 kg or 50–89 lb),> 3 hrs,Raw
587958-587949-67585824,Meat-based – conventional,5.0,5.0,3.0,5.0,4.0,3.0,5.0,2.0,3.0,2.0,Generally healthy with minor or infrequent problems,3,Yes,0.0,0.0,0.0,1.0,1.0,0.0,Dog,11,"Male, castrated",Small (4.5–10.9 kg or 10–24 lb),0 – 30 mins,Conventional
587958-587949-67585734,Meat-based – conventional,3.0,,2.0,,2.0,1.0,3.0,4.0,,1.0,Healthy,3,No,0.0,0.0,0.0,0.0,0.0,0.0,Dog,4,"Male, castrated",Medium (11.4–22.3 kg or 25–49 lb),1 – 3 hrs,Conventional
587958-587949-67586853,Meat-based – raw,3.0,3.0,3.0,5.0,3.0,4.0,3.0,4.0,3.0,4.0,Generally healthy with minor or infrequent problems,1,No,0.0,0.0,0.0,0.0,0.0,0.0,Dog,5,"Male, sexually intact",Giant (> 40.9 kg or > 90 lb),0 – 30 mins,Raw
587958-587949-67586929,Meat-based – conventional,5.0,5.0,5.0,5.0,3.0,5.0,4.0,1.0,2.0,1.0,Healthy,2,Yes,0.0,0.0,0.0,0.0,0.0,1.0,Dog,7,"Male, castrated",Medium (11.4–22.3 kg or 25–49 lb),30 – 60 mins,Conventional
587958-587949-67588988,Vegan (consuming no animal products),4.0,3.0,1.0,1.0,1.0,1.0,3.0,4.0,4.0,1.0,Generally healthy with minor or infrequent problems,1,No,0.0,0.0,0.0,0.0,0.0,0.0,Dog,11,"Female, spayed",Medium (11.4–22.3 kg or 25–49 lb),0 – 30 mins,Vegan
587958-587949-67589718,Meat-based – conventional,5.0,4.0,4.0,3.0,5.0,3.0,5.0,2.0,2.0,4.0,Generally healthy with minor or infrequent problems,2,No,0.0,0.0,0.0,0.0,0.0,0.0,Dog,1,"Male, castrated",Large (22.7–40.5 kg or 50–89 lb),1 – 3 hrs,Conventional
587958-587949-67590319,Meat-based – conventional,5.0,5.0,5.0,4.0,5.0,5.0,5.0,3.0,3.0,2.0,Generally healthy with minor or infrequent problems,2,Yes,0.0,0.0,0.0,0.0,0.0,0.0,Dog,12,"Male, sexually intact",Small (4.5–10.9 kg or 10–24 lb),1 – 3 hrs,Conventional
587958-587949-67590816,Vegan (consuming no animal products),4.0,4.0,3.0,3.0,1.0,1.0,4.0,4.0,4.0,1.0,Healthy,0,No,0.0,0.0,0.0,0.0,0.0,0.0,Dog,9,"Male, castrated",Medium (11.4–22.3 kg or 25–49 lb),> 3 hrs,Vegan
587958-587949-67591016,Vegan (consuming no animal products),5.0,5.0,5.0,5.0,5.0,5.0,5.0,1.0,5.0,5.0,Healthy,0,No,0.0,0.0,0.0,0.0,0.0,0.0,Dog,6,"Female, spayed",Medium (11.4–22.3 kg or 25–49 lb),1 – 3 hrs,Vegan
587958-587949-67592628,Vegan (consuming no animal products),5.0,5.0,5.0,5.0,4.0,2.0,5.0,2.0,5.0,2.0,Generally healthy with minor or infrequent problems,1,Yes,0.0,0.0,0.0,0.0,1.0,0.0,Dog,12,"Female, spayed",Small (4.5–10.9 kg or 10–24 lb),30 – 60 mins,Vegan
587958-587949-67594520,Vegan (consuming no animal products),4.0,4.0,2.0,3.0,,3.0,3.0,4.0,5.0,3.0,Healthy,0,No,0.0,0.0,0.0,0.0,0.0,0.0,Dog,12,"Female, spayed",Small (4.5–10.9 kg or 10–24 lb),0 – 30 mins,Vegan
587958-587949-67595131,Vegan (consuming no animal products),4.0,4.0,2.0,4.0,4.0,2.0,2.0,4.0,4.0,2.0,Healthy,1,No,0.0,0.0,0.0,0.0,0.0,0.0,Dog,9,"Female, spayed",Large (22.7–40.5 kg or 50–89 lb),1 – 3 hrs,Vegan
587958-587949-67596764,Meat-based – conventional,2.0,4.0,2.0,2.0,2.0,2.0,3.0,5.0,4.0,1.0,Significant or frequent problems,>3,Yes,0.0,1.0,0.0,1.0,0.0,0.0,Dog,16,"Female, spayed",Medium (11.4–22.3 kg or 25–49 lb),0 – 30 mins,Conventional
587958-587949-67600675,Meat-based – conventional,5.0,5.0,2.0,3.0,3.0,2.0,5.0,2.0,5.0,3.0,Significant or frequent problems,3,Yes,0.0,0.0,0.0,0.0,1.0,0.0,Dog,13,"Female, spayed",Large (22.7–40.5 kg or 50–89 lb),0 – 30 mins,Conventional
587958-587949-67601326,Vegan (consuming no animal products),5.0,5.0,5.0,5.0,5.0,5.0,5.0,2.0,5.0,5.0,Healthy,1,No,0.0,0.0,0.0,0.0,0.0,0.0,Dog,8,"Male, castrated",Medium (11.4–22.3 kg or 25–49 lb),30 – 60 mins,Vegan
587958-587949-67604913,Meat-based – conventional,4.0,5.0,5.0,5.0,3.0,1.0,4.0,4.0,4.0,1.0,Generally healthy with minor or infrequent problems,3,Yes,0.0,0.0,0.0,1.0,0.0,0.0,Dog,2,"Male, castrated",Medium (11.4–22.3 kg or 25–49 lb),1 – 3 hrs,Conventional
587958-587949-67614420,Meat-based – conventional,2.0,3.0,1.0,1.0,1.0,1.0,1.0,4.0,1.0,1.0,Healthy,0,No,0.0,0.0,0.0,0.0,0.0,0.0,Dog,3,"Female, spayed",Medium (11.4–22.3 kg or 25–49 lb),1 – 3 hrs,Conventional
587958-587949-67620625,Meat-based – conventional,1.0,1.0,1.0,1.0,1.0,1.0,1.0,5.0,2.0,5.0,Healthy,1,Yes,0.0,0.0,0.0,0.0,0.0,0.0,Dog,2,"Female, spayed",Small (4.5–10.9 kg or 10–24 lb),1 – 3 hrs,Conventional
587958-587949-67652810,Meat-based – raw,5.0,5.0,1.0,5.0,1.0,5.0,5.0,1.0,1.0,2.0,Healthy,1,No,0.0,0.0,0.0,0.0,0.0,1.0,Dog,5,"Male, sexually intact",Small (4.5–10.9 kg or 10–24 lb),0 – 30 mins,Raw
587958-587949-67685038,Meat-based – conventional,5.0,5.0,2.0,5.0,4.0,2.0,4.0,2.0,4.0,3.0,Healthy,1,No,0.0,0.0,0.0,0.0,0.0,0.0,Dog,5,"Male, castrated",Large (22.7–40.5 kg or 50–89 lb),30 – 60 mins,Conventional
587958-587949-67701739,Vegan (consuming no animal products),4.0,4.0,1.0,3.0,1.0,1.0,2.0,5.0,4.0,1.0,Healthy,1,No,0.0,0.0,0.0,0.0,0.0,0.0,Dog,4,"Female, spayed",Large (22.7–40.5 kg or 50–89 lb),1 – 3 hrs,Vegan
587958-587949-67712684,Meat-based – conventional,5.0,4.0,4.0,3.0,5.0,5.0,5.0,2.0,5.0,1.0,Generally healthy with minor or infrequent problems,2,No,0.0,0.0,0.0,0.0,0.0,0.0,Dog,11,"Male, castrated",Medium (11.4–22.3 kg or 25–49 lb),30 – 60 mins,Conventional
587958-587949-67729911,Meat-based – conventional,5.0,5.0,5.0,5.0,5.0,1.0,5.0,1.0,5.0,1.0,Generally healthy with minor or infrequent problems,2,Yes,0.0,0.0,0.0,0.0,0.0,0.0,Dog,9,"Male, castrated",Large (22.7–40.5 kg or 50–89 lb),> 3 hrs,Conventional
587958-587949-67759148,Meat-based – conventional,4.0,4.0,1.0,2.0,5.0,1.0,4.0,1.0,4.0,3.0,Healthy,1,No,0.0,0.0,0.0,0.0,0.0,0.0,Dog,1,"Male, castrated",Large (22.7–40.5 kg or 50–89 lb),30 – 60 mins,Conventional
587958-587949-67824967,Meat-based – raw,4.0,3.0,4.0,4.0,2.0,3.0,4.0,2.0,4.0,5.0,Healthy,1,No,0.0,0.0,0.0,0.0,0.0,0.0,Dog,13,"Male, castrated",Large (22.7–40.5 kg or 50–89 lb),1 – 3 hrs,Raw
587958-587949-67866179,Meat-based – conventional,5.0,5.0,3.0,3.0,3.0,3.0,5.0,3.0,4.0,4.0,Healthy,1,No,0.0,0.0,0.0,0.0,0.0,0.0,Dog,4,"Male, castrated",Medium (11.4–22.3 kg or 25–49 lb),1 – 3 hrs,Conventional
587958-587949-67899591,Meat-based – conventional,3.0,4.0,1.0,2.0,2.0,1.0,2.0,2.0,4.0,1.0,Generally healthy with minor or infrequent problems,2,Yes,0.0,0.0,0.0,0.0,0.0,0.0,Dog,8,"Male, sexually intact",Large (22.7–40.5 kg or 50–89 lb),1 – 3 hrs,Conventional
587958-587949-67901202,Meat-based – conventional,5.0,3.0,3.0,4.0,5.0,1.0,5.0,1.0,3.0,3.0,Healthy,0,Yes,0.0,0.0,0.0,0.0,0.0,0.0,Dog,3,"Male, castrated",Medium (11.4–22.3 kg or 25–49 lb),0 – 30 mins,Conventional
587958-587949-67907258,Meat-based – conventional,4.0,3.0,1.0,4.0,2.0,4.0,4.0,4.0,4.0,2.0,Healthy,0,No,0.0,0.0,0.0,0.0,0.0,0.0,Dog,11,"Male, castrated",Large (22.7–40.5 kg or 50–89 lb),30 – 60 mins,Conventional
587958-587949-67942698,Meat-based – conventional,5.0,3.0,4.0,5.0,4.0,2.0,5.0,1.0,5.0,5.0,Healthy,2,Yes,0.0,0.0,0.0,0.0,0.0,0.0,Dog,6,"Male, castrated",Large (22.7–40.5 kg or 50–89 lb),30 – 60 mins,Conventional
587958-587949-67925451,Vegan (consuming no animal products),3.0,4.0,2.0,3.0,1.0,1.0,2.0,4.0,3.0,1.0,Healthy,1,No,0.0,0.0,0.0,0.0,0.0,0.0,Dog,4,"Female, sexually intact",Small (4.5–10.9 kg or 10–24 lb),1 – 3 hrs,Vegan
587958-587949-67972255,Meat-based – conventional,1.0,4.0,2.0,3.0,1.0,1.0,1.0,5.0,1.0,1.0,Healthy,0,No,0.0,0.0,0.0,0.0,0.0,0.0,Dog,6,"Male, sexually intact",Small (4.5–10.9 kg or 10–24 lb),30 – 60 mins,Conventional
587958-587949-67974451,Meat-based – raw,5.0,5.0,2.0,4.0,3.0,2.0,5.0,4.0,2.0,1.0,Healthy,1,No,0.0,0.0,0.0,0.0,0.0,0.0,Dog,11,"Female, spayed",Toy (≤ 4.1 kg or ≤ 9 lb),0 – 30 mins,Raw
587958-587949-67984765,Meat-based – raw,3.0,5.0,1.0,1.0,1.0,1.0,2.0,1.0,2.0,1.0,Healthy,0,No,0.0,0.0,0.0,0.0,0.0,0.0,Dog,8,"Male, castrated",Large (22.7–40.5 kg or 50–89 lb),1 – 3 hrs,Raw
587958-587949-68001602,Meat-based – conventional,2.0,1.0,1.0,4.0,2.0,1.0,1.0,4.0,4.0,2.0,Healthy,3,Yes,0.0,0.0,0.0,1.0,0.0,0.0,Dog,5,"Female, sexually intact",Large (22.7–40.5 kg or 50–89 lb),> 3 hrs,Conventional
587958-587949-68028442,Meat-based – raw,5.0,5.0,3.0,4.0,2.0,2.0,5.0,2.0,4.0,3.0,Generally healthy with minor or infrequent problems,1,No,0.0,0.0,0.0,0.0,0.0,0.0,Dog,7,"Male, castrated",Medium (11.4–22.3 kg or 25–49 lb),1 – 3 hrs,Raw
587958-587949-68029386,Meat-based – raw,5.0,5.0,1.0,5.0,5.0,3.0,5.0,1.0,5.0,2.0,Healthy,1,No,0.0,0.0,0.0,0.0,0.0,0.0,Dog,13,"Female, spayed",Large (22.7–40.5 kg or 50–89 lb),1 – 3 hrs,Raw
587958-587949-68030096,Meat-based – conventional,5.0,5.0,1.0,3.0,,1.0,5.0,1.0,5.0,1.0,Healthy,3,No,0.0,0.0,0.0,0.0,0.0,0.0,Dog,3,"Male, castrated",Medium (11.4–22.3 kg or 25–49 lb),1 – 3 hrs,Conventional
587958-587949-68031733,Vegan (consuming no animal products),3.0,4.0,2.0,3.0,3.0,2.0,4.0,5.0,3.0,3.0,Healthy,1,No,0.0,0.0,0.0,0.0,0.0,0.0,Dog,13,"Female, spayed",Medium (11.4–22.3 kg or 25–49 lb),> 3 hrs,Vegan
587958-587949-68035462,Meat-based – conventional,5.0,5.0,3.0,3.0,3.0,4.0,4.0,4.0,4.0,4.0,Healthy,0,Yes,0.0,0.0,0.0,0.0,0.0,0.0,Dog,4,"Male, castrated",Small (4.5–10.9 kg or 10–24 lb),1 – 3 hrs,Conventional
587958-587949-68039133,Meat-based – conventional,3.0,3.0,3.0,2.0,2.0,2.0,1.0,4.0,3.0,2.0,Healthy,1,No,0.0,0.0,0.0,0.0,0.0,0.0,Dog,9,"Female, spayed",Medium (11.4–22.3 kg or 25–49 lb),0 – 30 mins,Conventional
587958-587949-68041290,Meat-based – conventional,3.0,4.0,2.0,2.0,2.0,2.0,4.0,4.0,2.0,2.0,Healthy,1,No,0.0,0.0,0.0,0.0,0.0,0.0,Dog,5,"Female, spayed",Small (4.5–10.9 kg or 10–24 lb),1 – 3 hrs,Conventional
587958-587949-68041670,Meat-based – conventional,2.0,5.0,2.0,2.0,2.0,2.0,2.0,5.0,5.0,5.0,Healthy,0,No,0.0,0.0,0.0,0.0,0.0,0.0,Dog,5,"Female, spayed",Medium (11.4–22.3 kg or 25–49 lb),30 – 60 mins,Conventional
587958-587949-68044708,Meat-based – conventional,3.0,4.0,2.0,3.0,2.0,2.0,1.0,4.0,3.0,3.0,Healthy,0,No,0.0,0.0,0.0,0.0,0.0,0.0,Dog,1,"Male, sexually intact",Toy (≤ 4.1 kg or ≤ 9 lb),1 – 3 hrs,Conventional
587958-587949-68045155,Meat-based – conventional,2.0,2.0,4.0,2.0,2.0,4.0,1.0,4.0,1.0,1.0,Healthy,1,No,0.0,0.0,0.0,0.0,0.0,0.0,Dog,6,"Female, spayed",Medium (11.4–22.3 kg or 25–49 lb),1 – 3 hrs,Conventional
587958-587949-68045392,Meat-based – conventional,5.0,3.0,3.0,4.0,3.0,2.0,4.0,4.0,4.0,4.0,Healthy,1,No,0.0,0.0,0.0,1.0,0.0,0.0,Dog,15,"Male, castrated",Medium (11.4–22.3 kg or 25–49 lb),1 – 3 hrs,Conventional
587958-587949-68048663,Meat-based – raw,5.0,4.0,4.0,4.0,4.0,4.0,4.0,1.0,4.0,2.0,Healthy,0,No,0.0,0.0,0.0,0.0,0.0,0.0,Dog,7,"Female, spayed",Small (4.5–10.9 kg or 10–24 lb),30 – 60 mins,Raw
587958-587949-68049941,Meat-based – raw,5.0,5.0,2.0,5.0,2.0,2.0,5.0,5.0,5.0,3.0,Healthy,1,Yes,0.0,0.0,0.0,0.0,0.0,0.0,Dog,7,"Female, spayed",Large (22.7–40.5 kg or 50–89 lb),30 – 60 mins,Raw
587958-587949-68055529,Meat-based – raw,4.0,3.0,1.0,3.0,1.0,1.0,3.0,4.0,1.0,2.0,Generally healthy with minor or infrequent problems,2,Yes,0.0,0.0,0.0,1.0,0.0,0.0,Dog,6,"Male, castrated",Medium (11.4–22.3 kg or 25–49 lb),1 – 3 hrs,Raw
587958-587949-68058092,Meat-based – raw,3.0,4.0,2.0,3.0,3.0,2.0,4.0,3.0,3.0,2.0,Healthy,2,No,0.0,0.0,0.0,0.0,0.0,0.0,Dog,1,"Male, sexually intact",Large (22.7–40.5 kg or 50–89 lb),1 – 3 hrs,Raw
587958-587949-68057704,Meat-based – raw,4.0,4.0,4.0,,4.0,4.0,4.0,2.0,4.0,2.0,Healthy,1,No,0.0,0.0,0.0,0.0,0.0,0.0,Dog,11,"Male, castrated",Large (22.7–40.5 kg or 50–89 lb),1 – 3 hrs,Raw
587958-587949-68059886,Meat-based – raw,5.0,1.0,3.0,3.0,3.0,1.0,4.0,5.0,4.0,1.0,Healthy,0,No,0.0,0.0,0.0,0.0,0.0,0.0,Dog,3,"Female, spayed",Medium (11.4–22.3 kg or 25–49 lb),1 – 3 hrs,Raw
587958-587949-68062764,Meat-based – raw,5.0,5.0,5.0,5.0,5.0,5.0,5.0,4.0,5.0,1.0,Healthy,0,No,0.0,0.0,0.0,0.0,0.0,0.0,Dog,5,"Female, spayed",Medium (11.4–22.3 kg or 25–49 lb),1 – 3 hrs,Raw
587958-587949-68067353,Meat-based – raw,4.0,5.0,2.0,5.0,4.0,5.0,3.0,3.0,4.0,4.0,Healthy,1,No,0.0,0.0,0.0,0.0,0.0,0.0,Dog,6,"Male, castrated",Medium (11.4–22.3 kg or 25–49 lb),30 – 60 mins,Raw
587958-587949-68067769,Meat-based – conventional,5.0,5.0,3.0,5.0,5.0,5.0,5.0,3.0,3.0,3.0,Healthy,1,Yes,0.0,0.0,0.0,0.0,0.0,0.0,Dog,11,"Female, spayed",Large (22.7–40.5 kg or 50–89 lb),30 – 60 mins,Conventional
587958-587949-68069411,Meat-based – conventional,5.0,5.0,2.0,3.0,2.0,1.0,5.0,3.0,1.0,1.0,Generally healthy with minor or infrequent problems,3,Yes,0.0,0.0,1.0,0.0,0.0,0.0,Dog,2,"Female, sexually intact",Large (22.7–40.5 kg or 50–89 lb),30 – 60 mins,Conventional
587958-587949-68069681,Meat-based – conventional,5.0,5.0,5.0,5.0,5.0,5.0,4.0,2.0,5.0,3.0,Generally healthy with minor or infrequent problems,>3,Yes,0.0,0.0,0.0,1.0,0.0,0.0,Dog,11,"Male, castrated",Large (22.7–40.5 kg or 50–89 lb),30 – 60 mins,Conventional
587958-587949-68079687,Meat-based – conventional,3.0,3.0,3.0,3.0,3.0,3.0,3.0,4.0,3.0,3.0,Generally healthy with minor or infrequent problems,1,No,0.0,0.0,0.0,0.0,0.0,0.0,Dog,11,"Male, sexually intact",Toy (≤ 4.1 kg or ≤ 9 lb),> 3 hrs,Conventional
587958-587949-68079838,Meat-based – conventional,4.0,4.0,2.0,2.0,2.0,2.0,5.0,2.0,4.0,1.0,Generally healthy with minor or infrequent problems,2,Yes,0.0,0.0,0.0,0.0,0.0,1.0,Dog,11,"Male, castrated",Small (4.5–10.9 kg or 10–24 lb),1 – 3 hrs,Conventional
587958-587949-68080852,Meat-based – raw,5.0,5.0,5.0,2.0,2.0,5.0,5.0,2.0,2.0,5.0,Healthy,1,No,0.0,0.0,0.0,0.0,0.0,0.0,Dog,7,"Female, spayed",Small (4.5–10.9 kg or 10–24 lb),0 – 30 mins,Raw
587958-587949-68081124,Meat-based – conventional,3.0,3.0,2.0,2.0,2.0,2.0,1.0,4.0,4.0,1.0,Healthy,1,No,0.0,0.0,0.0,0.0,0.0,0.0,Dog,13,"Male, sexually intact",Small (4.5–10.9 kg or 10–24 lb),1 – 3 hrs,Conventional
587958-587949-68085754,Meat-based – raw,5.0,5.0,5.0,4.0,4.0,5.0,5.0,1.0,3.0,1.0,Healthy,2,Yes,0.0,0.0,0.0,0.0,1.0,0.0,Dog,4,"Male, castrated",Large (22.7–40.5 kg or 50–89 lb),30 – 60 mins,Raw
587958-587949-68085830,Meat-based – raw,2.0,2.0,2.0,4.0,2.0,2.0,2.0,4.0,2.0,2.0,Generally healthy with minor or infrequent problems,0,No,0.0,0.0,0.0,0.0,0.0,0.0,Dog,15,"Male, castrated",Toy (≤ 4.1 kg or ≤ 9 lb),1 – 3 hrs,Raw
587958-587949-68086610,Vegan (consuming no animal products),5.0,5.0,1.0,,,1.0,5.0,1.0,5.0,5.0,Healthy,1,No,0.0,0.0,0.0,0.0,0.0,0.0,Dog,5,"Female, spayed",Large (22.7–40.5 kg or 50–89 lb),30 – 60 mins,Vegan
587958-587949-68087356,Meat-based – raw,3.0,3.0,3.0,3.0,3.0,3.0,3.0,5.0,3.0,3.0,Healthy,0,No,0.0,0.0,0.0,0.0,0.0,0.0,Dog,1,"Female, sexually intact",Medium (11.4–22.3 kg or 25–49 lb),Unsure,Raw
587958-587949-68087888,Meat-based – conventional,5.0,5.0,4.0,4.0,4.0,5.0,5.0,3.0,2.0,1.0,Healthy,1,No,0.0,0.0,0.0,0.0,0.0,0.0,Dog,10,"Female, sexually intact",Medium (11.4–22.3 kg or 25–49 lb),1 – 3 hrs,Conventional
587958-587949-68088093,Meat-based – conventional,5.0,5.0,5.0,1.0,1.0,1.0,5.0,1.0,3.0,1.0,Healthy,1,No,0.0,0.0,0.0,0.0,0.0,0.0,Dog,7,"Male, castrated",Medium (11.4–22.3 kg or 25–49 lb),1 – 3 hrs,Conventional
587958-587949-68089356,Meat-based – conventional,5.0,5.0,2.0,2.0,2.0,3.0,4.0,2.0,2.0,1.0,Generally healthy with minor or infrequent problems,2,Yes,0.0,0.0,0.0,0.0,0.0,1.0,Dog,11,"Male, sexually intact",Medium (11.4–22.3 kg or 25–49 lb),1 – 3 hrs,Conventional
587958-587949-68091438,Meat-based – conventional,4.0,4.0,4.0,,3.0,1.0,2.0,4.0,4.0,2.0,Generally healthy with minor or infrequent problems,2,No,0.0,0.0,0.0,0.0,0.0,0.0,Dog,7,"Female, spayed",Large (22.7–40.5 kg or 50–89 lb),1 – 3 hrs,Conventional
587958-587949-68093466,Meat-based – conventional,4.0,4.0,2.0,4.0,3.0,2.0,3.0,4.0,4.0,1.0,Significant or frequent problems,2,Yes,0.0,0.0,1.0,1.0,0.0,0.0,Dog,11,"Male, castrated",Medium (11.4–22.3 kg or 25–49 lb),1 – 3 hrs,Conventional
587958-587949-68093946,Meat-based – conventional,5.0,3.0,2.0,4.0,4.0,2.0,4.0,2.0,4.0,4.0,Generally healthy with minor or infrequent problems,2,Yes,0.0,0.0,0.0,1.0,0.0,0.0,Dog,13,"Female, spayed",Large (22.7–40.5 kg or 50–89 lb),1 – 3 hrs,Conventional
587958-587949-68094192,Meat-based – conventional,2.0,2.0,3.0,2.0,2.0,1.0,1.0,3.0,2.0,2.0,Significant or frequent problems,>3,Yes,0.0,0.0,1.0,0.0,0.0,0.0,Dog,5,"Male, castrated",Medium (11.4–22.3 kg or 25–49 lb),1 – 3 hrs,Conventional
587958-587949-68095839,Meat-based – conventional,4.0,4.0,2.0,4.0,3.0,2.0,3.0,1.0,4.0,2.0,Healthy,>3,No,0.0,0.0,0.0,0.0,0.0,0.0,Dog,9,"Female, spayed",Large (22.7–40.5 kg or 50–89 lb),30 – 60 mins,Conventional
587958-587949-68097205,Meat-based – raw,4.0,4.0,1.0,4.0,3.0,1.0,3.0,5.0,5.0,,Significant or frequent problems,>3,Yes,0.0,0.0,0.0,0.0,0.0,0.0,Dog,2,"Female, spayed",Small (4.5–10.9 kg or 10–24 lb),1 – 3 hrs,Raw
587958-587949-68098229,Meat-based – conventional,5.0,5.0,5.0,5.0,5.0,2.0,5.0,2.0,2.0,2.0,Healthy,0,No,0.0,0.0,0.0,0.0,0.0,0.0,Dog,6,"Male, castrated",Large (22.7–40.5 kg or 50–89 lb),> 3 hrs,Conventional
587958-587949-68098250,Meat-based – conventional,5.0,5.0,2.0,5.0,5.0,2.0,2.0,5.0,2.0,2.0,Healthy,1,No,0.0,0.0,0.0,0.0,0.0,0.0,Dog,14,"Male, castrated",Large (22.7–40.5 kg or 50–89 lb),1 – 3 hrs,Conventional
587958-587949-68099158,Vegan (consuming no animal products),5.0,5.0,5.0,5.0,5.0,5.0,5.0,5.0,5.0,5.0,Generally healthy with minor or infrequent problems,>3,Yes,0.0,1.0,0.0,0.0,0.0,0.0,Dog,13,"Male, castrated",Small (4.5–10.9 kg or 10–24 lb),1 – 3 hrs,Vegan
587958-587949-68099447,Meat-based – conventional,5.0,5.0,2.0,5.0,3.0,2.0,5.0,3.0,2.0,2.0,Healthy,1,No,0.0,0.0,0.0,0.0,0.0,0.0,Dog,5,"Male, castrated",Small (4.5–10.9 kg or 10–24 lb),1 – 3 hrs,Conventional
587958-587949-68100706,Meat-based – conventional,2.0,5.0,1.0,2.0,5.0,1.0,1.0,4.0,4.0,1.0,Generally healthy with minor or infrequent problems,0,No,0.0,0.0,0.0,0.0,0.0,0.0,Dog,3,"Female, sexually intact",Large (22.7–40.5 kg or 50–89 lb),1 – 3 hrs,Conventional
587958-587949-68102508,Meat-based – conventional,3.0,2.0,2.0,2.0,2.0,2.0,5.0,5.0,5.0,2.0,Generally healthy with minor or infrequent problems,0,No,0.0,0.0,0.0,0.0,0.0,0.0,Dog,12,"Female, spayed",Medium (11.4–22.3 kg or 25–49 lb),30 – 60 mins,Conventional
587958-587949-68103964,Meat-based – raw,5.0,5.0,2.0,4.0,1.0,1.0,3.0,1.0,4.0,4.0,Healthy,1,No,0.0,0.0,0.0,0.0,0.0,0.0,Dog,5,"Female, spayed",Small (4.5–10.9 kg or 10–24 lb),1 – 3 hrs,Raw
587958-587949-68104764,Meat-based – conventional,2.0,2.0,2.0,2.0,2.0,2.0,2.0,4.0,3.0,4.0,Healthy,0,No,0.0,0.0,0.0,0.0,0.0,0.0,Dog,2,"Male, sexually intact",Large (22.7–40.5 kg or 50–89 lb),1 – 3 hrs,Conventional
587958-587949-68106046,Meat-based – raw,4.0,4.0,4.0,4.0,1.0,1.0,4.0,4.0,4.0,1.0,Healthy,0,No,0.0,0.0,0.0,0.0,0.0,0.0,Dog,7,"Male, castrated",Large (22.7–40.5 kg or 50–89 lb),1 – 3 hrs,Raw
587958-587949-68107900,Meat-based – conventional,5.0,3.0,5.0,3.0,2.0,1.0,3.0,3.0,4.0,4.0,Significant or frequent problems,0,No,0.0,0.0,0.0,0.0,0.0,0.0,Dog,4,"Female, spayed",Small (4.5–10.9 kg or 10–24 lb),> 3 hrs,Conventional
587958-587949-68109389,Meat-based – conventional,4.0,5.0,2.0,5.0,4.0,2.0,4.0,4.0,4.0,2.0,Generally healthy with minor or infrequent problems,3,Yes,0.0,0.0,0.0,0.0,0.0,1.0,Dog,10,"Male, castrated",Large (22.7–40.5 kg or 50–89 lb),1 – 3 hrs,Conventional
587958-587949-68107576,Meat-based – raw,5.0,5.0,5.0,1.0,1.0,1.0,1.0,1.0,1.0,1.0,Healthy,1,Yes,0.0,0.0,0.0,0.0,0.0,0.0,Dog,2,"Female, spayed",Small (4.5–10.9 kg or 10–24 lb),30 – 60 mins,Raw
587958-587949-68109761,Meat-based – raw,4.0,4.0,4.0,4.0,4.0,4.0,4.0,4.0,4.0,2.0,Healthy,0,No,0.0,0.0,0.0,0.0,0.0,0.0,Dog,6,"Female, spayed",Giant (> 40.9 kg or > 90 lb),Unsure,Raw
587958-587949-68113307,Meat-based – conventional,5.0,5.0,5.0,5.0,3.0,2.0,5.0,2.0,2.0,2.0,Healthy,0,No,0.0,0.0,0.0,0.0,0.0,0.0,Dog,3,"Female, spayed",Medium (11.4–22.3 kg or 25–49 lb),1 – 3 hrs,Conventional
587958-587949-68113361,Meat-based – conventional,4.0,2.0,2.0,3.0,2.0,1.0,3.0,4.0,3.0,1.0,Healthy,2,Yes,0.0,0.0,0.0,0.0,0.0,0.0,Dog,1,"Male, sexually intact",Large (22.7–40.5 kg or 50–89 lb),1 – 3 hrs,Conventional
587958-587949-68114343,Meat-based – conventional,4.0,4.0,2.0,4.0,2.0,2.0,4.0,2.0,4.0,2.0,Healthy,2,No,0.0,0.0,0.0,0.0,0.0,0.0,Dog,1,"Male, castrated",Large (22.7–40.5 kg or 50–89 lb),> 3 hrs,Conventional
587958-587949-68115486,Meat-based – conventional,5.0,5.0,5.0,5.0,4.0,3.0,4.0,4.0,5.0,4.0,Healthy,3,Yes,0.0,0.0,0.0,0.0,0.0,0.0,Dog,2,"Female, spayed",Medium (11.4–22.3 kg or 25–49 lb),1 – 3 hrs,Conventional
587958-587949-68116803,Meat-based – conventional,3.0,4.0,1.0,4.0,1.0,1.0,2.0,4.0,2.0,1.0,Generally healthy with minor or infrequent problems,>3,Yes,0.0,0.0,0.0,0.0,0.0,0.0,Dog,3,"Female, spayed",Medium (11.4–22.3 kg or 25–49 lb),1 – 3 hrs,Conventional
587958-587949-68120365,Meat-based – conventional,4.0,3.0,2.0,2.0,4.0,1.0,4.0,2.0,2.0,1.0,Healthy,1,No,0.0,0.0,0.0,0.0,0.0,0.0,Dog,10,"Male, castrated",Small (4.5–10.9 kg or 10–24 lb),30 – 60 mins,Conventional
587958-587949-68120540,Meat-based – conventional,5.0,5.0,3.0,5.0,3.0,2.0,5.0,5.0,5.0,2.0,Generally healthy with minor or infrequent problems,>3,Yes,0.0,0.0,1.0,0.0,0.0,0.0,Dog,10,"Female, spayed",Small (4.5–10.9 kg or 10–24 lb),1 – 3 hrs,Conventional
587958-587949-68121104,Meat-based – conventional,5.0,5.0,3.0,4.0,3.0,2.0,4.0,1.0,4.0,1.0,Healthy,1,No,0.0,0.0,0.0,0.0,0.0,0.0,Dog,4,"Female, spayed",Large (22.7–40.5 kg or 50–89 lb),0 – 30 mins,Conventional
587958-587949-68121021,Meat-based – conventional,4.0,4.0,4.0,4.0,4.0,1.0,3.0,1.0,3.0,1.0,Generally healthy with minor or infrequent problems,>3,Yes,0.0,0.0,0.0,0.0,0.0,1.0,Dog,7,"Female, spayed",Small (4.5–10.9 kg or 10–24 lb),1 – 3 hrs,Conventional
587958-587949-68121573,Meat-based – conventional,4.0,4.0,4.0,4.0,4.0,4.0,4.0,2.0,1.0,1.0,Healthy,1,No,0.0,0.0,0.0,0.0,0.0,0.0,Dog,2,"Male, sexually intact",Medium (11.4–22.3 kg or 25–49 lb),1 – 3 hrs,Conventional
587958-587949-68122482,Meat-based – raw,5.0,5.0,3.0,5.0,5.0,1.0,5.0,4.0,5.0,1.0,Healthy,1,No,0.0,0.0,0.0,0.0,0.0,0.0,Dog,6,"Male, castrated",Large (22.7–40.5 kg or 50–89 lb),1 – 3 hrs,Raw
587958-587949-68124053,Meat-based – conventional,5.0,5.0,2.0,5.0,5.0,5.0,5.0,2.0,5.0,2.0,Significant or frequent problems,0,Yes,0.0,0.0,0.0,0.0,0.0,0.0,Dog,10,"Female, spayed",Large (22.7–40.5 kg or 50–89 lb),0 – 30 mins,Conventional
587958-587949-68123908,Meat-based – conventional,5.0,4.0,4.0,3.0,3.0,5.0,3.0,2.0,5.0,1.0,Healthy,1,No,0.0,0.0,0.0,0.0,0.0,0.0,Dog,1,"Male, sexually intact",Small (4.5–10.9 kg or 10–24 lb),1 – 3 hrs,Conventional
587958-587949-68124276,Meat-based – conventional,2.0,4.0,1.0,3.0,2.0,2.0,1.0,4.0,1.0,1.0,Healthy,1,No,0.0,0.0,0.0,0.0,0.0,0.0,Dog,8,"Male, castrated",Medium (11.4–22.3 kg or 25–49 lb),30 – 60 mins,Conventional
587958-587949-68124555,Meat-based – conventional,5.0,2.0,4.0,2.0,4.0,2.0,5.0,4.0,4.0,1.0,Generally healthy with minor or infrequent problems,2,Yes,0.0,0.0,0.0,0.0,0.0,0.0,Dog,17,"Female, spayed",Medium (11.4–22.3 kg or 25–49 lb),30 – 60 mins,Conventional
587958-587949-68124635,Meat-based – raw,5.0,4.0,1.0,4.0,1.0,1.0,5.0,1.0,4.0,1.0,Healthy,0,No,0.0,0.0,0.0,0.0,0.0,0.0,Dog,6,"Male, sexually intact",Large (22.7–40.5 kg or 50–89 lb),1 – 3 hrs,Raw
587958-587949-68125718,Meat-based – conventional,5.0,4.0,3.0,5.0,3.0,2.0,4.0,4.0,4.0,3.0,Healthy,2,Yes,0.0,0.0,0.0,0.0,0.0,0.0,Dog,9,"Male, castrated",Medium (11.4–22.3 kg or 25–49 lb),30 – 60 mins,Conventional
587958-587949-68126593,Meat-based – conventional,5.0,5.0,2.0,5.0,5.0,5.0,5.0,2.0,3.0,2.0,Healthy,1,No,0.0,0.0,0.0,0.0,0.0,0.0,Dog,5,"Male, castrated",Large (22.7–40.5 kg or 50–89 lb),1 – 3 hrs,Conventional
587958-587949-68127780,Meat-based – conventional,4.0,5.0,5.0,5.0,3.0,5.0,3.0,4.0,3.0,3.0,Generally healthy with minor or infrequent problems,2,Yes,0.0,0.0,0.0,0.0,0.0,0.0,Dog,8,"Male, castrated",Small (4.5–10.9 kg or 10–24 lb),30 – 60 mins,Conventional
587958-587949-68129495,Meat-based – raw,5.0,5.0,5.0,5.0,4.0,5.0,4.0,4.0,5.0,4.0,Healthy,0,No,0.0,0.0,0.0,0.0,0.0,0.0,Dog,5,"Female, sexually intact",Medium (11.4–22.3 kg or 25–49 lb),30 – 60 mins,Raw
587958-587949-68130008,Meat-based – conventional,5.0,5.0,5.0,5.0,1.0,1.0,5.0,2.0,5.0,3.0,Significant or frequent problems,0,No,0.0,0.0,0.0,0.0,0.0,0.0,Dog,8,"Male, sexually intact",Small (4.5–10.9 kg or 10–24 lb),30 – 60 mins,Conventional
587958-587949-68129940,Meat-based – conventional,5.0,5.0,5.0,,,3.0,4.0,4.0,4.0,2.0,Healthy,1,No,0.0,0.0,0.0,0.0,0.0,0.0,Dog,7,"Male, castrated",Small (4.5–10.9 kg or 10–24 lb),1 – 3 hrs,Conventional
587958-587949-68130247,Meat-based – raw,2.0,4.0,2.0,,,2.0,1.0,5.0,2.0,1.0,Healthy,0,No,0.0,0.0,0.0,0.0,0.0,0.0,Dog,7,"Female, spayed",Medium (11.4–22.3 kg or 25–49 lb),1 – 3 hrs,Raw
587958-587949-68130271,Meat-based – raw,5.0,5.0,5.0,5.0,5.0,4.0,4.0,2.0,5.0,1.0,Healthy,1,No,0.0,0.0,0.0,0.0,0.0,0.0,Dog,2,"Male, castrated",Medium (11.4–22.3 kg or 25–49 lb),1 – 3 hrs,Raw
587958-587949-68130911,Meat-based – conventional,1.0,1.0,1.0,1.0,1.0,1.0,1.0,5.0,4.0,1.0,Healthy,0,No,0.0,0.0,0.0,0.0,0.0,0.0,Dog,4,"Male, sexually intact",Large (22.7–40.5 kg or 50–89 lb),1 – 3 hrs,Conventional
587958-587949-68130863,Vegan (consuming no animal products),2.0,4.0,1.0,1.0,1.0,3.0,2.0,4.0,3.0,3.0,Healthy,0,Yes,0.0,0.0,0.0,0.0,0.0,0.0,Dog,7,"Female, spayed",Medium (11.4–22.3 kg or 25–49 lb),1 – 3 hrs,Vegan
587958-587949-68131317,Meat-based – raw,4.0,4.0,2.0,4.0,4.0,2.0,2.0,4.0,2.0,2.0,Healthy,1,No,0.0,0.0,0.0,0.0,0.0,0.0,Dog,5,"Male, castrated",Medium (11.4–22.3 kg or 25–49 lb),> 3 hrs,Raw
587958-587949-68131603,Meat-based – raw,5.0,5.0,2.0,5.0,3.0,3.0,5.0,2.0,1.0,1.0,Healthy,1,Yes,0.0,0.0,0.0,0.0,0.0,0.0,Dog,5,"Female, spayed",Medium (11.4–22.3 kg or 25–49 lb),> 3 hrs,Raw
587958-587949-68131859,Meat-based – conventional,2.0,2.0,2.0,3.0,2.0,1.0,2.0,3.0,3.0,2.0,Significant or frequent problems,2,Yes,0.0,0.0,0.0,0.0,0.0,0.0,Dog,10,"Male, castrated",Large (22.7–40.5 kg or 50–89 lb),30 – 60 mins,Conventional
587958-587949-68132690,Meat-based – conventional,5.0,5.0,4.0,4.0,4.0,2.0,5.0,2.0,5.0,2.0,Healthy,1,No,0.0,0.0,0.0,0.0,0.0,0.0,Dog,7,"Male, castrated",Large (22.7–40.5 kg or 50–89 lb),1 – 3 hrs,Conventional
587958-587949-68133029,Meat-based – conventional,2.0,3.0,1.0,3.0,3.0,3.0,4.0,5.0,3.0,1.0,Generally healthy with minor or infrequent problems,1,Yes,0.0,0.0,0.0,0.0,1.0,0.0,Dog,11,"Female, spayed",Small (4.5–10.9 kg or 10–24 lb),1 – 3 hrs,Conventional
587958-587949-68133210,Meat-based – conventional,4.0,5.0,4.0,4.0,4.0,1.0,4.0,4.0,4.0,1.0,Healthy,1,No,0.0,0.0,0.0,0.0,0.0,0.0,Dog,9,"Male, castrated",Large (22.7–40.5 kg or 50–89 lb),30 – 60 mins,Conventional
587958-587949-68133764,Meat-based – conventional,2.0,2.0,1.0,1.0,1.0,1.0,2.0,5.0,3.0,1.0,Generally healthy with minor or infrequent problems,>3,Yes,0.0,0.0,0.0,1.0,0.0,0.0,Dog,9,"Male, castrated",Large (22.7–40.5 kg or 50–89 lb),1 – 3 hrs,Conventional
587958-587949-68135030,Meat-based – conventional,5.0,2.0,2.0,2.0,5.0,1.0,5.0,1.0,5.0,5.0,Generally healthy with minor or infrequent problems,2,No,0.0,0.0,0.0,0.0,1.0,0.0,Dog,2,"Female, spayed",Large (22.7–40.5 kg or 50–89 lb),1 – 3 hrs,Conventional
587958-587949-68135315,Meat-based – conventional,3.0,3.0,1.0,5.0,2.0,1.0,3.0,5.0,2.0,1.0,Generally healthy with minor or infrequent problems,2,Yes,1.0,0.0,0.0,0.0,0.0,0.0,Dog,5,"Female, spayed",Large (22.7–40.5 kg or 50–89 lb),1 – 3 hrs,Conventional
587958-587949-68136283,Meat-based – raw,5.0,5.0,3.0,3.0,5.0,3.0,5.0,2.0,4.0,2.0,Healthy,2,Yes,0.0,0.0,0.0,0.0,0.0,0.0,Dog,2,"Male, castrated",Medium (11.4–22.3 kg or 25–49 lb),1 – 3 hrs,Raw
587958-587949-68137949,Meat-based – raw,4.0,2.0,2.0,2.0,2.0,2.0,5.0,2.0,2.0,2.0,Healthy,1,No,0.0,0.0,0.0,0.0,0.0,0.0,Dog,6,"Male, castrated",Medium (11.4–22.3 kg or 25–49 lb),1 – 3 hrs,Raw
587958-587949-68138368,Meat-based – conventional,5.0,5.0,2.0,4.0,2.0,4.0,4.0,2.0,4.0,3.0,Generally healthy with minor or infrequent problems,2,Yes,0.0,0.0,0.0,0.0,0.0,0.0,Dog,9,"Male, castrated",Medium (11.4–22.3 kg or 25–49 lb),30 – 60 mins,Conventional
587958-587949-68140795,Meat-based – conventional,5.0,2.0,2.0,5.0,5.0,2.0,3.0,5.0,4.0,2.0,Healthy,0,No,0.0,0.0,0.0,0.0,0.0,0.0,Dog,3,"Male, sexually intact",Medium (11.4–22.3 kg or 25–49 lb),1 – 3 hrs,Conventional
587958-587949-68140812,Meat-based – raw,4.0,4.0,3.0,3.0,3.0,3.0,4.0,4.0,2.0,1.0,Healthy,2,Yes,0.0,0.0,0.0,0.0,0.0,0.0,Dog,12,"Female, spayed",Large (22.7–40.5 kg or 50–89 lb),1 – 3 hrs,Raw
587958-587949-68140849,Meat-based – conventional,5.0,4.0,4.0,4.0,4.0,4.0,3.0,4.0,5.0,3.0,Generally healthy with minor or infrequent problems,3,Yes,0.0,0.0,1.0,0.0,0.0,0.0,Dog,9,"Female, spayed",Toy (≤ 4.1 kg or ≤ 9 lb),30 – 60 mins,Conventional
587958-587949-68142743,Meat-based – conventional,5.0,5.0,5.0,5.0,5.0,4.0,5.0,1.0,3.0,1.0,Healthy,1,No,0.0,0.0,0.0,0.0,0.0,0.0,Dog,7,"Female, spayed",Large (22.7–40.5 kg or 50–89 lb),1 – 3 hrs,Conventional
587958-587949-68144116,Meat-based – conventional,4.0,4.0,2.0,3.0,4.0,2.0,4.0,3.0,4.0,2.0,Healthy,1,Yes,0.0,0.0,0.0,0.0,0.0,0.0,Dog,4,"Male, sexually intact",Large (22.7–40.5 kg or 50–89 lb),1 – 3 hrs,Conventional
587958-587949-68144517,Meat-based – conventional,2.0,4.0,1.0,1.0,1.0,1.0,2.0,4.0,5.0,2.0,Generally healthy with minor or infrequent problems,2,No,0.0,0.0,0.0,0.0,0.0,0.0,Dog,8,"Male, castrated",Small (4.5–10.9 kg or 10–24 lb),30 – 60 mins,Conventional
587958-587949-68145272,Meat-based – raw,3.0,4.0,1.0,4.0,2.0,2.0,2.0,4.0,3.0,1.0,Generally healthy with minor or infrequent problems,1,No,0.0,0.0,0.0,1.0,0.0,0.0,Dog,7,"Male, castrated",Toy (≤ 4.1 kg or ≤ 9 lb),1 – 3 hrs,Raw
587958-587949-68146034,Meat-based – conventional,5.0,4.0,5.0,2.0,2.0,5.0,5.0,1.0,5.0,2.0,Generally healthy with minor or infrequent problems,2,Yes,0.0,0.0,0.0,0.0,0.0,0.0,Dog,7,"Female, spayed",Small (4.5–10.9 kg or 10–24 lb),0 – 30 mins,Conventional
587958-587949-68145829,Meat-based – raw,4.0,2.0,2.0,2.0,2.0,2.0,4.0,2.0,3.0,1.0,Generally healthy with minor or infrequent problems,3,Yes,0.0,0.0,0.0,0.0,0.0,1.0,Dog,10,"Female, spayed",Large (22.7–40.5 kg or 50–89 lb),1 – 3 hrs,Raw
587958-587949-68146361,Meat-based – raw,3.0,3.0,3.0,3.0,3.0,3.0,3.0,4.0,4.0,3.0,Generally healthy with minor or infrequent problems,1,Yes,0.0,0.0,0.0,0.0,0.0,0.0,Dog,1,"Female, sexually intact",Small (4.5–10.9 kg or 10–24 lb),30 – 60 mins,Raw
587958-587949-68147220,Meat-based – conventional,2.0,4.0,1.0,,2.0,2.0,3.0,1.0,2.0,1.0,Healthy,0,No,0.0,0.0,0.0,0.0,0.0,0.0,Dog,3,"Male, castrated",Medium (11.4–22.3 kg or 25–49 lb),1 – 3 hrs,Conventional
587958-587949-68147560,Meat-based – conventional,2.0,3.0,2.0,2.0,2.0,2.0,2.0,4.0,2.0,2.0,Healthy,3,No,0.0,0.0,0.0,0.0,0.0,0.0,Dog,4,"Female, spayed",Medium (11.4–22.3 kg or 25–49 lb),> 3 hrs,Conventional
587958-587949-68147960,Meat-based – conventional,2.0,3.0,1.0,2.0,1.0,1.0,3.0,4.0,2.0,1.0,Healthy,1,No,0.0,0.0,0.0,0.0,0.0,0.0,Dog,1,"Male, castrated",Medium (11.4–22.3 kg or 25–49 lb),1 – 3 hrs,Conventional
587958-587949-68149150,Meat-based – conventional,5.0,5.0,5.0,5.0,5.0,5.0,4.0,2.0,5.0,1.0,Generally healthy with minor or infrequent problems,>3,Yes,0.0,0.0,0.0,0.0,1.0,0.0,Dog,2,"Male, castrated",Large (22.7–40.5 kg or 50–89 lb),1 – 3 hrs,Conventional
587958-587949-68149327,Meat-based – conventional,3.0,3.0,3.0,3.0,3.0,3.0,2.0,4.0,4.0,2.0,Healthy,1,No,0.0,0.0,0.0,0.0,0.0,0.0,Dog,4,"Female, spayed",Medium (11.4–22.3 kg or 25–49 lb),30 – 60 mins,Conventional
587958-587949-68151090,Meat-based – conventional,5.0,5.0,2.0,4.0,2.0,1.0,5.0,2.0,5.0,2.0,Generally healthy with minor or infrequent problems,0,No,0.0,0.0,0.0,0.0,0.0,0.0,Dog,15,"Female, spayed",Medium (11.4–22.3 kg or 25–49 lb),1 – 3 hrs,Conventional
587958-587949-68151973,Meat-based – conventional,3.0,2.0,2.0,2.0,2.0,2.0,1.0,4.0,1.0,1.0,Generally healthy with minor or infrequent problems,>3,Yes,0.0,0.0,0.0,0.0,0.0,0.0,Dog,3,"Female, spayed",Small (4.5–10.9 kg or 10–24 lb),1 – 3 hrs,Conventional
587958-587949-68152485,Meat-based – raw,5.0,5.0,5.0,5.0,5.0,5.0,5.0,2.0,5.0,1.0,Healthy,1,No,0.0,0.0,0.0,0.0,0.0,0.0,Dog,7,"Female, spayed",Medium (11.4–22.3 kg or 25–49 lb),1 – 3 hrs,Raw
587958-587949-68153002,Meat-based – conventional,2.0,3.0,1.0,1.0,2.0,2.0,4.0,4.0,3.0,3.0,Healthy,3,No,0.0,0.0,0.0,0.0,0.0,0.0,Dog,4,"Female, sexually intact",Large (22.7–40.5 kg or 50–89 lb),1 – 3 hrs,Conventional
587958-587949-68154423,Meat-based – conventional,5.0,4.0,4.0,3.0,3.0,4.0,4.0,2.0,3.0,3.0,Healthy,1,No,0.0,0.0,0.0,0.0,0.0,0.0,Dog,9,"Male, castrated",Medium (11.4–22.3 kg or 25–49 lb),1 – 3 hrs,Conventional
587958-587949-68155038,Meat-based – conventional,4.0,4.0,3.0,4.0,3.0,3.0,3.0,4.0,4.0,2.0,Healthy,2,No,0.0,0.0,1.0,0.0,0.0,0.0,Dog,1,"Female, spayed",Small (4.5–10.9 kg or 10–24 lb),> 3 hrs,Conventional
587958-587949-68156111,Meat-based – conventional,5.0,4.0,3.0,4.0,5.0,3.0,5.0,2.0,3.0,1.0,Generally healthy with minor or infrequent problems,1,No,0.0,0.0,0.0,0.0,0.0,0.0,Dog,8,"Male, castrated",Large (22.7–40.5 kg or 50–89 lb),30 – 60 mins,Conventional
587958-587949-68158824,Meat-based – raw,4.0,4.0,2.0,2.0,4.0,2.0,4.0,4.0,4.0,3.0,Healthy,1,No,0.0,0.0,0.0,0.0,0.0,0.0,Dog,1,"Male, sexually intact",Large (22.7–40.5 kg or 50–89 lb),1 – 3 hrs,Raw
587958-587949-68165588,Meat-based – conventional,5.0,5.0,5.0,5.0,3.0,5.0,5.0,5.0,5.0,2.0,Healthy,0,No,0.0,0.0,0.0,0.0,0.0,0.0,Dog,10,"Female, sexually intact",Medium (11.4–22.3 kg or 25–49 lb),1 – 3 hrs,Conventional
587958-587949-68166714,Meat-based – conventional,3.0,4.0,1.0,3.0,3.0,1.0,2.0,4.0,2.0,1.0,Healthy,1,No,0.0,0.0,0.0,0.0,0.0,0.0,Dog,8,"Male, sexually intact",Large (22.7–40.5 kg or 50–89 lb),1 – 3 hrs,Conventional
587958-587949-68169564,Meat-based – conventional,3.0,3.0,2.0,2.0,2.0,2.0,4.0,4.0,3.0,2.0,Healthy,0,No,0.0,0.0,0.0,0.0,0.0,0.0,Dog,12,"Female, sexually intact",Small (4.5–10.9 kg or 10–24 lb),30 – 60 mins,Conventional
587958-587949-68173570,Vegan (consuming no animal products),5.0,5.0,1.0,5.0,5.0,5.0,5.0,1.0,1.0,1.0,Generally healthy with minor or infrequent problems,2,No,0.0,0.0,0.0,0.0,0.0,0.0,Dog,3,"Male, castrated",Large (22.7–40.5 kg or 50–89 lb),0 – 30 mins,Vegan
587958-587949-68177789,Meat-based – conventional,3.0,2.0,2.0,2.0,5.0,1.0,1.0,1.0,2.0,1.0,Healthy,2,No,0.0,0.0,0.0,0.0,0.0,0.0,Dog,9,"Female, spayed",Medium (11.4–22.3 kg or 25–49 lb),1 – 3 hrs,Conventional
587958-587949-68181159,Meat-based – conventional,4.0,4.0,2.0,5.0,3.0,2.0,2.0,5.0,5.0,5.0,Healthy,1,No,0.0,0.0,0.0,0.0,0.0,0.0,Dog,5,"Female, spayed",Medium (11.4–22.3 kg or 25–49 lb),1 – 3 hrs,Conventional
587958-587949-68183257,Meat-based – raw,5.0,5.0,2.0,2.0,2.0,2.0,5.0,2.0,1.0,1.0,Generally healthy with minor or infrequent problems,1,Yes,0.0,0.0,0.0,0.0,0.0,0.0,Dog,6,"Female, spayed",Large (22.7–40.5 kg or 50–89 lb),1 – 3 hrs,Raw
587958-587949-68184862,Meat-based – conventional,4.0,5.0,2.0,4.0,2.0,1.0,3.0,5.0,3.0,1.0,Generally healthy with minor or infrequent problems,1,Yes,0.0,0.0,0.0,0.0,1.0,0.0,Dog,3,"Male, castrated",Small (4.5–10.9 kg or 10–24 lb),30 – 60 mins,Conventional
587958-587949-68189229,Meat-based – conventional,4.0,2.0,2.0,2.0,2.0,2.0,2.0,4.0,4.0,2.0,Healthy,1,No,0.0,0.0,0.0,0.0,0.0,0.0,Dog,14,"Female, spayed",Medium (11.4–22.3 kg or 25–49 lb),> 3 hrs,Conventional
587958-587949-68190229,Meat-based – raw,4.0,5.0,3.0,3.0,4.0,4.0,3.0,4.0,4.0,2.0,Healthy,0,No,0.0,0.0,0.0,0.0,0.0,0.0,Dog,4,"Female, spayed",Large (22.7–40.5 kg or 50–89 lb),1 – 3 hrs,Raw
587958-587949-68195830,Meat-based – conventional,2.0,2.0,2.0,2.0,2.0,2.0,2.0,5.0,4.0,1.0,Healthy,0,No,0.0,0.0,0.0,0.0,0.0,0.0,Dog,7,"Female, sexually intact",Medium (11.4–22.3 kg or 25–49 lb),1 – 3 hrs,Conventional
587958-587949-68202984,Meat-based – conventional,2.0,2.0,2.0,2.0,2.0,2.0,2.0,2.0,2.0,2.0,Healthy,2,Yes,0.0,0.0,0.0,0.0,0.0,0.0,Dog,1,"Female, spayed",Medium (11.4–22.3 kg or 25–49 lb),1 – 3 hrs,Conventional
587958-587949-68206807,Meat-based – conventional,5.0,5.0,3.0,4.0,4.0,2.0,4.0,3.0,5.0,3.0,Generally healthy with minor or infrequent problems,1,No,0.0,0.0,0.0,0.0,0.0,0.0,Dog,10,"Male, castrated",Small (4.5–10.9 kg or 10–24 lb),1 – 3 hrs,Conventional
587958-587949-68208404,Meat-based – raw,5.0,1.0,1.0,5.0,2.0,1.0,5.0,4.0,4.0,1.0,Healthy,0,No,0.0,0.0,0.0,0.0,0.0,0.0,Dog,6,"Female, spayed",Medium (11.4–22.3 kg or 25–49 lb),1 – 3 hrs,Raw
587958-587949-68212699,Meat-based – conventional,5.0,4.0,3.0,4.0,4.0,2.0,4.0,1.0,4.0,2.0,Generally healthy with minor or infrequent problems,3,Yes,0.0,0.0,0.0,0.0,1.0,0.0,Dog,3,"Female, spayed",Large (22.7–40.5 kg or 50–89 lb),1 – 3 hrs,Conventional
587958-587949-68214868,Meat-based – raw,4.0,3.0,2.0,4.0,2.0,1.0,4.0,2.0,3.0,1.0,Generally healthy with minor or infrequent problems,2,No,0.0,0.0,1.0,0.0,0.0,1.0,Dog,2,"Male, castrated",Medium (11.4–22.3 kg or 25–49 lb),1 – 3 hrs,Raw
587958-587949-68215155,Meat-based – raw,5.0,5.0,5.0,5.0,5.0,5.0,5.0,4.0,3.0,3.0,Healthy,1,No,0.0,0.0,0.0,0.0,0.0,0.0,Dog,6,"Male, castrated",Small (4.5–10.9 kg or 10–24 lb),30 – 60 mins,Raw
587958-587949-68216569,Meat-based – conventional,5.0,5.0,3.0,5.0,4.0,3.0,3.0,2.0,1.0,1.0,Healthy,2,No,0.0,0.0,0.0,0.0,1.0,0.0,Dog,9,"Female, spayed",Medium (11.4–22.3 kg or 25–49 lb),1 – 3 hrs,Conventional
587958-587949-68217241,Meat-based – conventional,4.0,2.0,2.0,2.0,2.0,3.0,3.0,4.0,4.0,3.0,Healthy,1,No,0.0,0.0,0.0,0.0,0.0,0.0,Dog,5,"Female, spayed",Small (4.5–10.9 kg or 10–24 lb),1 – 3 hrs,Conventional
587958-587949-68217579,Meat-based – raw,5.0,5.0,5.0,5.0,5.0,4.0,5.0,2.0,5.0,2.0,Healthy,1,No,0.0,0.0,0.0,0.0,0.0,0.0,Dog,8,"Female, spayed",Medium (11.4–22.3 kg or 25–49 lb),30 – 60 mins,Raw
587958-587949-68218428,Meat-based – conventional,5.0,5.0,4.0,,,1.0,5.0,1.0,5.0,1.0,Healthy,2,No,0.0,0.0,0.0,0.0,0.0,0.0,Dog,5,"Female, spayed",Large (22.7–40.5 kg or 50–89 lb),30 – 60 mins,Conventional
587958-587949-68218719,Meat-based – conventional,5.0,5.0,5.0,4.0,4.0,4.0,3.0,4.0,4.0,3.0,Significant or frequent problems,>3,Yes,0.0,0.0,0.0,0.0,0.0,0.0,Dog,6,"Female, spayed",Medium (11.4–22.3 kg or 25–49 lb),1 – 3 hrs,Conventional
587958-587949-68220121,Meat-based – raw,5.0,5.0,1.0,3.0,3.0,1.0,5.0,1.0,1.0,1.0,Generally healthy with minor or infrequent problems,1,Yes,0.0,0.0,0.0,0.0,0.0,0.0,Dog,2,"Female, spayed",Medium (11.4–22.3 kg or 25–49 lb),30 – 60 mins,Raw
587958-587949-68220885,Meat-based – conventional,5.0,5.0,2.0,2.0,2.0,2.0,3.0,4.0,3.0,1.0,Healthy,0,No,0.0,0.0,0.0,0.0,0.0,0.0,Dog,9,"Female, sexually intact",Medium (11.4–22.3 kg or 25–49 lb),> 3 hrs,Conventional
587958-587949-68222769,Meat-based – raw,3.0,2.0,1.0,2.0,2.0,2.0,3.0,3.0,2.0,1.0,Healthy,0,No,0.0,0.0,0.0,0.0,0.0,0.0,Dog,3,"Male, castrated",Large (22.7–40.5 kg or 50–89 lb),1 – 3 hrs,Raw
587958-587949-68224619,Meat-based – conventional,4.0,4.0,5.0,3.0,3.0,4.0,5.0,3.0,4.0,2.0,Generally healthy with minor or infrequent problems,1,No,0.0,0.0,0.0,0.0,0.0,0.0,Dog,9,"Female, spayed",Medium (11.4–22.3 kg or 25–49 lb),1 – 3 hrs,Conventional
587958-587949-68225822,Meat-based – conventional,5.0,5.0,1.0,5.0,5.0,1.0,5.0,2.0,2.0,1.0,Generally healthy with minor or infrequent problems,3,Yes,0.0,0.0,0.0,0.0,0.0,0.0,Dog,6,"Male, castrated",Large (22.7–40.5 kg or 50–89 lb),1 – 3 hrs,Conventional
587958-587949-68227606,Meat-based – conventional,5.0,5.0,1.0,3.0,4.0,4.0,4.0,5.0,4.0,4.0,Seriously ill,>3,Yes,0.0,0.0,0.0,0.0,0.0,0.0,Dog,14,"Female, sexually intact",Large (22.7–40.5 kg or 50–89 lb),0 – 30 mins,Conventional
587958-587949-68228132,Meat-based – conventional,4.0,4.0,4.0,5.0,5.0,5.0,3.0,4.0,3.0,3.0,Healthy,2,No,0.0,0.0,0.0,0.0,0.0,0.0,Dog,1,"Male, sexually intact",Small (4.5–10.9 kg or 10–24 lb),> 3 hrs,Conventional
587958-587949-68229949,Meat-based – conventional,3.0,4.0,3.0,4.0,3.0,3.0,2.0,2.0,2.0,2.0,Healthy,1,No,0.0,0.0,0.0,0.0,0.0,0.0,Dog,5,"Male, sexually intact",Medium (11.4–22.3 kg or 25–49 lb),1 – 3 hrs,Conventional
587958-587949-68230095,Meat-based – conventional,1.0,3.0,2.0,3.0,2.0,2.0,4.0,5.0,2.0,1.0,Generally healthy with minor or infrequent problems,1,Yes,0.0,0.0,0.0,0.0,0.0,0.0,Dog,9,"Female, sexually intact",Toy (≤ 4.1 kg or ≤ 9 lb),30 – 60 mins,Conventional
587958-587949-68230890,Meat-based – raw,5.0,5.0,4.0,4.0,5.0,4.0,5.0,1.0,5.0,1.0,Healthy,2,Yes,0.0,0.0,0.0,0.0,0.0,0.0,Dog,5,"Female, spayed",Medium (11.4–22.3 kg or 25–49 lb),1 – 3 hrs,Raw
587958-587949-68231089,Meat-based – conventional,3.0,5.0,2.0,2.0,2.0,3.0,2.0,4.0,4.0,2.0,Healthy,>3,Yes,0.0,0.0,1.0,0.0,0.0,0.0,Dog,10,"Male, castrated",Small (4.5–10.9 kg or 10–24 lb),30 – 60 mins,Conventional
587958-587949-68232697,Meat-based – conventional,5.0,5.0,5.0,5.0,5.0,1.0,4.0,2.0,5.0,2.0,Generally healthy with minor or infrequent problems,2,Yes,0.0,0.0,0.0,0.0,0.0,0.0,Dog,1,"Female, sexually intact",Large (22.7–40.5 kg or 50–89 lb),1 – 3 hrs,Conventional
587958-587949-68237423,Meat-based – conventional,5.0,4.0,2.0,2.0,2.0,2.0,5.0,3.0,2.0,1.0,Generally healthy with minor or infrequent problems,1,No,0.0,0.0,0.0,0.0,0.0,0.0,Dog,10,"Female, spayed",Medium (11.4–22.3 kg or 25–49 lb),1 – 3 hrs,Conventional
587958-587949-68240032,Meat-based – conventional,2.0,4.0,3.0,3.0,2.0,4.0,2.0,4.0,2.0,1.0,Generally healthy with minor or infrequent problems,3,Yes,0.0,0.0,0.0,0.0,0.0,0.0,Dog,7,"Male, castrated",Medium (11.4–22.3 kg or 25–49 lb),30 – 60 mins,Conventional
587958-587949-68243725,Meat-based – conventional,2.0,3.0,3.0,3.0,3.0,3.0,3.0,5.0,1.0,1.0,Healthy,2,No,0.0,0.0,0.0,0.0,0.0,0.0,Dog,1,"Female, spayed",Toy (≤ 4.1 kg or ≤ 9 lb),1 – 3 hrs,Conventional
587958-587949-68244591,Meat-based – conventional,5.0,5.0,3.0,4.0,3.0,5.0,2.0,4.0,4.0,3.0,Healthy,2,No,0.0,0.0,1.0,0.0,0.0,0.0,Dog,4,"Female, spayed",Medium (11.4–22.3 kg or 25–49 lb),1 – 3 hrs,Conventional
587958-587949-68246373,Meat-based – conventional,5.0,5.0,2.0,3.0,4.0,2.0,5.0,3.0,5.0,5.0,Generally healthy with minor or infrequent problems,2,Yes,0.0,0.0,0.0,0.0,1.0,0.0,Dog,6,"Female, spayed",Medium (11.4–22.3 kg or 25–49 lb),30 – 60 mins,Conventional
587958-587949-68258102,Meat-based – raw,3.0,2.0,2.0,2.0,2.0,2.0,2.0,2.0,2.0,2.0,Healthy,0,No,0.0,0.0,0.0,0.0,0.0,0.0,Dog,4,"Male, castrated",Medium (11.4–22.3 kg or 25–49 lb),1 – 3 hrs,Raw
587958-587949-68258519,Meat-based – conventional,2.0,4.0,5.0,4.0,1.0,3.0,3.0,3.0,2.0,1.0,Healthy,2,No,0.0,0.0,0.0,0.0,0.0,0.0,Dog,4,"Male, castrated",Medium (11.4–22.3 kg or 25–49 lb),30 – 60 mins,Conventional
587958-587949-68282465,Meat-based – raw,4.0,3.0,2.0,2.0,2.0,2.0,2.0,4.0,4.0,1.0,Healthy,0,No,0.0,0.0,0.0,0.0,0.0,0.0,Dog,9,"Male, sexually intact",Small (4.5–10.9 kg or 10–24 lb),30 – 60 mins,Raw
587958-587949-68293327,Meat-based – raw,4.0,4.0,1.0,,1.0,1.0,3.0,3.0,1.0,1.0,Healthy,0,Yes,0.0,0.0,0.0,0.0,0.0,0.0,Dog,3,"Male, castrated",Large (22.7–40.5 kg or 50–89 lb),1 – 3 hrs,Raw
587958-587949-68296050,Meat-based – raw,2.0,4.0,2.0,4.0,2.0,2.0,2.0,4.0,4.0,1.0,Healthy,0,No,0.0,0.0,0.0,0.0,0.0,0.0,Dog,3,"Male, sexually intact",Large (22.7–40.5 kg or 50–89 lb),1 – 3 hrs,Raw
587958-587949-68295871,Meat-based – conventional,2.0,2.0,2.0,2.0,2.0,2.0,2.0,4.0,4.0,5.0,Healthy,1,Yes,0.0,0.0,0.0,0.0,0.0,0.0,Dog,4,"Female, spayed",Medium (11.4–22.3 kg or 25–49 lb),30 – 60 mins,Conventional
587958-587949-68310162,Meat-based – raw,4.0,2.0,4.0,4.0,4.0,4.0,4.0,4.0,1.0,1.0,Healthy,2,Yes,0.0,0.0,0.0,0.0,0.0,0.0,Dog,4,"Male, sexually intact",Medium (11.4–22.3 kg or 25–49 lb),1 – 3 hrs,Raw
587958-587949-68326384,Meat-based – conventional,5.0,5.0,5.0,5.0,5.0,5.0,5.0,5.0,5.0,5.0,Healthy,1,No,0.0,0.0,0.0,0.0,0.0,0.0,Dog,5,"Female, sexually intact",Large (22.7–40.5 kg or 50–89 lb),> 3 hrs,Conventional
587958-587949-68331045,Meat-based – conventional,5.0,5.0,2.0,4.0,3.0,2.0,4.0,3.0,4.0,2.0,Significant or frequent problems,2,Yes,0.0,0.0,0.0,0.0,1.0,0.0,Dog,7,"Male, castrated",Giant (> 40.9 kg or > 90 lb),1 – 3 hrs,Conventional
587958-587949-68339607,Meat-based – conventional,5.0,5.0,1.0,5.0,1.0,1.0,4.0,2.0,3.0,1.0,Generally healthy with minor or infrequent problems,2,Yes,0.0,0.0,0.0,0.0,0.0,0.0,Dog,16,"Female, spayed",Medium (11.4–22.3 kg or 25–49 lb),1 – 3 hrs,Conventional
587958-587949-68370410,Meat-based – conventional,2.0,4.0,2.0,4.0,2.0,2.0,2.0,2.0,2.0,2.0,Healthy,1,No,0.0,0.0,0.0,0.0,0.0,0.0,Dog,3,"Male, castrated",Small (4.5–10.9 kg or 10–24 lb),30 – 60 mins,Conventional
587958-587949-68409038,Meat-based – raw,5.0,5.0,5.0,5.0,5.0,5.0,5.0,2.0,5.0,5.0,Healthy,1,No,0.0,0.0,0.0,0.0,0.0,0.0,Dog,3,"Female, sexually intact",Large (22.7–40.5 kg or 50–89 lb),1 – 3 hrs,Raw
587958-587949-68439256,Meat-based – conventional,5.0,5.0,2.0,5.0,5.0,1.0,5.0,2.0,4.0,2.0,Healthy,Unsure,No,0.0,0.0,0.0,0.0,0.0,0.0,Dog,11,"Male, castrated",Large (22.7–40.5 kg or 50–89 lb),30 – 60 mins,Conventional
587958-587949-68446108,Meat-based – conventional,5.0,5.0,5.0,5.0,5.0,1.0,3.0,3.0,5.0,1.0,Healthy,1,No,0.0,0.0,0.0,0.0,0.0,0.0,Dog,4,"Male, castrated",Medium (11.4–22.3 kg or 25–49 lb),1 – 3 hrs,Conventional
587958-587949-68447472,Meat-based – conventional,2.0,2.0,2.0,2.0,2.0,2.0,2.0,5.0,2.0,2.0,Generally healthy with minor or infrequent problems,3,No,0.0,0.0,0.0,0.0,0.0,0.0,Dog,12,"Male, castrated",Medium (11.4–22.3 kg or 25–49 lb),1 – 3 hrs,Conventional
587958-587949-68449283,Meat-based – conventional,5.0,5.0,1.0,5.0,1.0,5.0,5.0,,,,Generally healthy with minor or infrequent problems,2,Yes,0.0,0.0,0.0,0.0,0.0,0.0,Dog,13,"Female, spayed",Medium (11.4–22.3 kg or 25–49 lb),0 – 30 mins,Conventional
587958-587949-68456884,Meat-based – raw,5.0,5.0,1.0,4.0,4.0,1.0,5.0,1.0,5.0,2.0,Healthy,1,No,0.0,0.0,0.0,0.0,0.0,0.0,Dog,9,"Male, castrated",Medium (11.4–22.3 kg or 25–49 lb),30 – 60 mins,Raw
587958-587949-68459318,Meat-based – conventional,5.0,5.0,1.0,3.0,4.0,2.0,5.0,1.0,5.0,5.0,Generally healthy with minor or infrequent problems,2,Yes,0.0,0.0,0.0,0.0,0.0,0.0,Dog,14,"Female, spayed",Large (22.7–40.5 kg or 50–89 lb),1 – 3 hrs,Conventional
587958-587949-68479490,Vegan (consuming no animal products),4.0,5.0,3.0,3.0,3.0,3.0,1.0,4.0,1.0,1.0,Healthy,>3,No,0.0,0.0,0.0,0.0,0.0,0.0,Dog,10,"Male, castrated",Medium (11.4–22.3 kg or 25–49 lb),1 – 3 hrs,Vegan
587958-587949-68487089,Vegan (consuming no animal products),5.0,5.0,5.0,2.0,5.0,2.0,5.0,5.0,5.0,2.0,Healthy,1,No,0.0,0.0,0.0,0.0,0.0,0.0,Dog,8,"Male, castrated",Medium (11.4–22.3 kg or 25–49 lb),1 – 3 hrs,Vegan
587958-587949-68500738,Vegan (consuming no animal products),3.0,3.0,1.0,1.0,1.0,1.0,1.0,4.0,4.0,1.0,Healthy,1,Yes,0.0,0.0,0.0,0.0,0.0,1.0,Dog,8,"Female, spayed",Medium (11.4–22.3 kg or 25–49 lb),30 – 60 mins,Vegan
587958-587949-68501486,Meat-based – conventional,1.0,3.0,1.0,1.0,1.0,1.0,1.0,4.0,1.0,1.0,Healthy,1,No,0.0,0.0,0.0,0.0,0.0,0.0,Dog,6,"Female, spayed",Medium (11.4–22.3 kg or 25–49 lb),> 3 hrs,Conventional
587958-587949-68506759,Meat-based – raw,1.0,4.0,1.0,1.0,1.0,1.0,1.0,4.0,2.0,1.0,Healthy,0,No,0.0,0.0,0.0,0.0,0.0,0.0,Dog,12,"Male, castrated",Large (22.7–40.5 kg or 50–89 lb),1 – 3 hrs,Raw
587958-587949-68506254,Vegan (consuming no animal products),5.0,5.0,5.0,5.0,,4.0,5.0,2.0,5.0,4.0,Generally healthy with minor or infrequent problems,1,Yes,0.0,0.0,0.0,0.0,1.0,0.0,Dog,7,"Male, castrated",Medium (11.4–22.3 kg or 25–49 lb),30 – 60 mins,Vegan
587958-587949-68515782,Meat-based – raw,3.0,2.0,1.0,2.0,3.0,1.0,3.0,4.0,2.0,1.0,Generally healthy with minor or infrequent problems,1,No,0.0,0.0,0.0,0.0,0.0,0.0,Dog,5,"Male, sexually intact",Large (22.7–40.5 kg or 50–89 lb),1 – 3 hrs,Raw
587958-587949-68523151,Meat-based – conventional,5.0,5.0,2.0,2.0,5.0,1.0,5.0,3.0,2.0,2.0,Healthy,1,No,0.0,0.0,0.0,0.0,0.0,0.0,Dog,5,"Female, sexually intact",Large (22.7–40.5 kg or 50–89 lb),1 – 3 hrs,Conventional
587958-587949-68527870,Meat-based – conventional,5.0,1.0,1.0,2.0,1.0,1.0,4.0,2.0,3.0,2.0,Generally healthy with minor or infrequent problems,2,No,0.0,0.0,0.0,0.0,1.0,0.0,Dog,8,"Female, spayed",Medium (11.4–22.3 kg or 25–49 lb),1 – 3 hrs,Conventional
587958-587949-68533674,Meat-based – conventional,3.0,2.0,2.0,2.0,2.0,2.0,1.0,4.0,4.0,5.0,Generally healthy with minor or infrequent problems,1,Yes,0.0,0.0,0.0,0.0,0.0,0.0,Dog,5,"Male, castrated",Medium (11.4–22.3 kg or 25–49 lb),30 – 60 mins,Conventional
587958-587949-68537001,Meat-based – conventional,2.0,1.0,1.0,1.0,1.0,1.0,2.0,3.0,2.0,1.0,Healthy,3,Yes,0.0,0.0,0.0,0.0,0.0,1.0,Dog,3,"Female, spayed",Small (4.5–10.9 kg or 10–24 lb),1 – 3 hrs,Conventional
587958-587949-68558081,Meat-based – raw,5.0,5.0,2.0,5.0,3.0,2.0,4.0,3.0,4.0,2.0,Generally healthy with minor or infrequent problems,2,Yes,0.0,0.0,0.0,0.0,0.0,1.0,Dog,7,"Male, sexually intact",Medium (11.4–22.3 kg or 25–49 lb),1 – 3 hrs,Raw
587958-587949-68559337,Meat-based – raw,3.0,4.0,2.0,4.0,2.0,2.0,3.0,4.0,4.0,2.0,Generally healthy with minor or infrequent problems,1,Yes,0.0,0.0,0.0,0.0,0.0,0.0,Dog,13,"Female, spayed",Medium (11.4–22.3 kg or 25–49 lb),0 – 30 mins,Raw
587958-587949-68700303,Meat-based – conventional,2.0,5.0,1.0,4.0,1.0,1.0,3.0,4.0,2.0,1.0,Generally healthy with minor or infrequent problems,>3,Yes,0.0,0.0,0.0,1.0,0.0,1.0,Dog,8,"Female, spayed",Small (4.5–10.9 kg or 10–24 lb),0 – 30 mins,Conventional
587958-587949-68713947,Vegan (consuming no animal products),4.0,4.0,2.0,2.0,2.0,2.0,2.0,2.0,2.0,1.0,Healthy,3,No,0.0,0.0,0.0,0.0,0.0,0.0,Dog,1,"Male, castrated",Medium (11.4–22.3 kg or 25–49 lb),1 – 3 hrs,Vegan
